davIyas,2,
dvis,2,
tryavarArDyam,3.5,
cOratas,14,
paYcASacCas,56,
Candatas,60,
ekaSataDA,100倍,
SataguRADikam,100回以上,
daSapuruzAnUkam,10人の隅,
daSaguRam,10倍,
daSaDA,10倍,
aktuBis,10月,
daSamam,10番目,
daSasyA,10番目の,
ekAdaSaDA,11倍,
ekAdaSakftvas,11回,
dvAdaSaDA,12倍,
AdvAdaSam,12番目,
davizWam,12番目,
caturdaSaDA,14番目,
paYcadaSaDA,15倍,
paYcadaSakftvas,15回,
zoqaSaDA,16番目,
zoQA,16番目,
saptadaSaDA,17番目,
azwAdaSaDA,18倍,
paryantam,1990年代まで,
paryAntam,1990年代まで,
ekAnnaviMsatiDA,1と21,
prativelam,1時間当たり,
ekaviMSatiDA,21の方法,
dvAviMSatiDA,22の方法,
trayoviMSatiDA,23倍,
caturviMSatiDA,24の方法,
caturviMSatikftvas,24回,
dvisaptaDA,27倍,
azwAviMSatiDA,28倍,
dviguRataram,2倍多いです,
dvikAlam,2時間,
nimezArDAt,30分から,
catustriMSadrAtram,34泊,
zawtriMSadahaSas,36十,
triHsaptakftvas,3〜7回,
yaTAstri,3つのように,
trivizwi,3つのビジョン,
trisaMDyam,3つの夜,
mAsatrayAvaDi,3ヶ月間,
triguRIkftya,3倍,
trikAlam,3回,
trivAram,3回,
tryabdam,3年,
pratitryaham,3日ごと,
trirAtram,3泊,
trirAtreRa,3泊,
trirAtrAt,3泊から,
trirAtrAvaram,3泊下,
tftIyena,3番目までに,
caturdiSam,4つの方向,
caturmuhUrtam,4つの瞬間,
caturakzaraSas,4倍,
caturDA,4倍,
catUrAtram,4泊,
caturviDam,4種類あります,
paYcapuruzam,5人,
paYcaDA,5倍,
paYcAkzaraSas,5文字のシャ,
zazwiDA,60倍,
trizazwiDA,63倍,
zaRmAsAByantare,6か月以内,
zaqvikAram,6つの変換,
zawSas,6分の1,
zawkftvas,6回,
zaqQA,6番目,
zaqDA,6番目,
saptagaNgam,7つのガンジス,
saptakftvas,7回,
saptavelam,7回,
azwaDA,8倍,
azwakftvas,8回,
u,A,
u,A,
e,A,
Acandram,aachandram,
Acaturam,Aachaturam,
AQyapadi,Aadhyapadi,
Aw,Aat,
aBicCAyam,abhichayam,
aBiGozam,abhighosam,
aBinivartam,Abhinivartam,
aBipUrvam,Abhipoorvam,
aBisvayamAtfRRam,Abhisvayamatrinnam,
aBiviDO,abhividu,
aByaDve,abhyadhe,
aByaDvam,abhyadhwam,
aByagni,abhyagni,
aByAvartam,abhyavartam,
aByujjayini,abhyujjayini,
aDidEvam,adhidaivam,
aDigrIvam,adhigrivam,
aDijyotizam,adhijyotisham,
aDiprajam,adhiprajam,
aDivedam,adhivedam,
aDividyam,adhividyam,
aDiyajYam,adhyagyanam,
aDyAkASam,Adhyakasham,
aDipUtaBftam,adiputbftm,
adatrayA,adtraya,
advEtena,advaiten,
aDyuras,adyuras,
AGarGaram,aghargharam,
agoHprApaRam,agohprapanam,
ahardivam,ahardivam,
aharahar,aharhar,
aharvyatyAsam,aharvyatyasam,
AhUya,ahuy,
AjIvam,ajivam,
akAle,Akele,
aKKala,Akhal,
AklI,akli,
aktos,Aktos,
amuTA,amutha,
anvagBUya,anavagbhuya,
anupratikrAmam,anupratikramam,
anupUrvam,anupurvam,
anuzvApam,anushvapam,
anusaMvatsaram,anusvatsaram,
anutilam,anutilam,
anUtsAram,anutsaram,
anuvatsaram,anuvatsaram,
anuvyam,Anuvyam,
anvaByavacAram,anvabhavacharam,
anvaDyAyam,anvadhyayam,
anvagBAvam,anvagbhavam,
anvak,anvak,
anvak,anvak,
anvakzaram,anvaksharam,
anvAkSAyam,anvakshayam,
arpya,Arpya,
arvAk,arwak,
Aryahalam,Aryahalam,
yaTAvazawkAram,asavasashtkaram,
SasitvA,Asitva,
SasitvA,Asitva,
Asfzwi,asrishti,
asUre,Asure,
aTaca,athach,
atikalyam,atikalyam,
AtizWadgu,atishtadgu,
awwa,Att,
atyAsam,atyasam,
atyUmaSA,atyusha,
avaraparam,avarparam,
Avatsaram,Avatsaram,
avivararm,avivarram,
avyavAnam,avyavanam,
Avyuzam,avyusham,
avayutyA,avyutya,
ayaTAyaTam,aythayatham,
BEravAgratas,Bhairavagratas,
brAhmaRaSramaRanyAyAt,brahmanasramannyaat,
brahmaRvat,Brahmanvat,
brahmavat,Brahmavat,
ca,ca,
cawaccawiti,chatchatiti,
cirAt,Chirat,
ciratamena,Chiratmen,
citraDA,Chitradha,
cuScuzAkAram,chuschushakaram,
upasapatni,concubine,
Ga,d,
dakziRAvarjam,dakshinavarjam,
DruvAya,Dhruvaay,
DyAyam,Dhyayam,
duryavanam,duryavanam,
duvoyu,Duvoyu,
dvyahatarzam,dvahatharsham,
dvEDaMkAram,dvaidhankaram,
dvitricaturam,dvitrichaturam,
dviyamunam,dviyamunam,
dveDI,dwedi,
dvyahe,Dwyhe,
I,E,
Iz,ez,
f,f,
gehAvaskandam,gehavaskandam,
GftaniDAyam,gftanidayam,
gozpadapUram,gojpadpuram,
ha,h,
ha,h,
havizwas,Havizvas,
hEvam,havm,
hitvA,hitva,
hrAm,hram,
huras,hurs,
id,id,
Ihatas,Ihats,
iheha,iheh,
ihaloke,Ihloke,
itTamkAram,ittamkaram,
jyoktamAm,jyoktamma,
kadalIsuKam,Kadlisukham,
karhi,karhi,
karRAkarRi,Karkarkari,
kArtsnyena,kartsnyen,
Kaleyavam,khaleyavam,
Kalebusam,khlebusam,
kfcCram,kruchram,
kuhUs,kuhus,
lAjasPowam,lajaspovam,
lAtvA,Latva,
lokatas,Loktas,
lANgalegfhya,longlegphy,
lUyamAnayavam,luymanayavam,
maDyevinDyAwavi,madyvindyavvi,
majjatas,Majjat​​s,
mfRAlaBaYjam,mfalbaizam,
mfDA,mfda,
muYjavat,mujwat,
muktvA,Muktva,
nAmagrAham,naamgraham,
naBastas,nabhastas,
nAmaDeyatas,namdeyats,
nemaDitA,namedhita,
nAnAvinA,nanavina,
nedIyas,nedis,
nedizWatamAm,nedishthamam,
niKilena,nikhilen,
niraBre,nirbere,
niranne,Nirnne,
nirvedaduHsaham,nirvedduhsham,
nirviGawwam,nirvighattam,
nivicCaMSam,NivicCMS,
nivanA,nivna,
nivatA,nivta,
nu,Nu,
nU,nu,
nyagBUtvA,nygbautva,
anyedyus,otheryus,
pacatikalpam,pachatikalpam,
parisOvIram,parisalveeram,
paryulUKalam,paryulukhalam,
Puqut,Pouqut,
pradivas,Pradivas,
prAggaNgam,Praggangam,
prAggrAmam,Praggramam,
pratimuhus,Pratimuhus,
yaTApratirUpam,pratirupaamとして,
pratisomodakadvijam,pratisomodakdwijam,
prativazawkAram,Prativazavkaram,
pratiyuvam,Pratiyuvam,
pratyAmnAyam,Pratyamnayam,
pratyAtmam,Pratyatmam,
prItyA,Preity,
prokte,Prokte,
pfTukucotpIqam,pttukucootpikkam,
pUrvedyus,Purvedyus,
pUtayavam,putayvam,
pra,Q,
kftvI,qftwi,
kva,qu,
reRuSas,Res.Ass,
sa,S,
sABayadakziRam,Sabaidxim,
sabIBatsam,sabi b atsam,
saBrUvilAsam,Sabruvilasam,
sahasrakftvas,Sahasrakftvas,
samupajozam,Samupjozam,
saMvartam,Samvartam,
saMvatsam,Samvatsam,
saMvatsarAtyAsam,Samvatsaratyasam,
sannamusale,sannammusle,
sapratyaBijYam,sapratabijam,
sAsTisvAnam,sastiswanam,
savEklavyam,savakalvyam,
sAvegam,savegam,
saviklavam,saviclavam,
saveRuvIRam,sevluviem,
si,Si,
sajUs,Sjus,
Sme,sme,
socCvAsam,SocCwasam,
sodbAzpam,sodbazpam,
sopacArakam,Sopcrcm,
sotprekzam,sotpraxam,
sruvapUram,sruvapuram,
stukAsargam,stukasargam,
upaspijam,subspijam,
upasTURam,substuum,
SUdravarjam,sudravarjam,
sumat,Sumat,
svid,svid,
sajfmBikam,szffmbykam,
tiryaggrIvam,Tiryaggrivam,
tiryakkAram,tiryakkaram,
tisraskAram,tisraskaram,
tman,tman,
triDAtve,Tridhatwe,
triHpratihAram,trihpratiharam,
trawatrawa,trottrat,
tvAyA,Tvaya,
udagapavargam,udagapavargam,
udvecam,Udvekam,
unnIpam,unnipam,
upajarasam,Upajrasam,
upastitaram,Upastitram,
upavrajam,Upavrajam,
upagiri,Upgiri,
upapalvalam,uppalvalam,
apasalEH,upsl：,
upatIram,Uptiram,
upavedi,Upvedi,
upavinDyAdrA,upvindyadra,
urvyA,Urvya,
utpArapAram,utparamparam,
uve,Uwe,
wasiti,Vasiti,
vastraknopam,Vastraknopam,
vIrayA,Veerya,
videvam,videvam,
vipIqam,vipikam,
vipralabDam,vipralabdam,
viprozya,Viprozya,
viSaNkawam,Visankvam,
viSvapsnyAya,visapsnyay,
viSvatomuKam,Visvatomukham,
vivAsakAle,vivakale,
vrajoparoDam,vrajoprodam,
vyatimarSam,Vyatimarsam,
vyuparamam,vyuparamam,
vasizWavat,Wasizwavat,
kzrOm,xram,
yajuzwas,yajuzvas,
yaTAgotrakulakalpam,yatagotrakulakalpam,
yaTAstotriyam,yatastotriyam,
yatkAmyA,yatkamya,
yaTarcam,yttercam,
F,ॠ,
ahahAre,あぁぁれ,
aha,ああ,
ahaha,ああ,
Aha,ああ,
Aho,ああ、ああ,
uBayAhastyA,あいまいさ,
ASuyA,あしゅや,
pari,あたり,
prati,あたり,
itastatas,あちこち,
ihAmutra,あちこち,
apahAya,あちらへ,
Apfk,あなた,
yadAnikAmam,あなたがそれを望むときはいつでも,
yAvatkAmam,あなたが望む限り,
tvadarTam,あなたのために,
tvadarTe,あなたのために,
yuzmadarTam,あなたのために,
Atmavat,あなたのように,
svavat,あなたのように,
tvadAnIm,あなたのプレゼント,
sammuKam,あなたの前で,
BavatpUrvam,あなたの前に,
yaTASayam,あなたの好きなように,
yaTecCam,あなたの好きなように,
yaTecCayA,あなたの好きなように,
yaTArucam,あなたの好みに応じて,
yaTAruci,あなたの好みに応じて,
Bavaduttaram,あなたの答え,
BavadBUtaBavye,あなたの過去と未来,
BavadAhArArTam,あなたの食べ物のために,
asyasi,あなたは,You're going to be
kayA,あなたは何をした？,
yAvatsvam,あなた自身まで,
ahahA,あはは,Ahaha
amA,あま,Ama
amAyayA,あまやや,Amayaya
nAtiviSadam,あまり詳細ではない,
ayaTA,あやた,Ayata
pratidiSam,あらゆる方向に,
kftoccEs,ありがとうございました,
ayaTAtaTA,ありそうもない,
asaMBAvyam,ありそうもない,
nAsti,ありません,
yaTEkadivasam,ある日のように,
arTAt,あれは,
itTAt,あれは,
aTAtas,あれは、,
tadvA,あれは、,
na,いいえ,
nak,いいえ,
no,いいえ、ちがいます,
katipayAt,いくつかから,
katiDA,いくつの方法,
kiyat,いくら,
kadA,いつ,
yadA,いつ,
yaTAdik,いつ、いつ,
ekAham,いつか,
ekAhnA,いつか,
sarvakAlam,いつも,
sarvakAle,いつも,
sarvadA,いつも,
savyatas,いつも,
prAyaRatas,いつもの,
prAyaSas,いつもの,
yaTAvat,いつもの,
yaTAparam,いつものように,
yaTAparu,いつものように,
sAmAnyapUrvam,いつもの前に,
anekaDA,いろいろな意味で,
bahuvat,いろいろな意味で,
upAMSu,うぱんしゅ,
naBItavat,うまくいけば,
uru,うる,
Sabdavat,うるさい,
uruyA,うるや,
saharzavErAgyam,うれしそうな分離,
saharzasADvasam,うれしそうにショックを受けた,
sAnandagadgadapadam,うれしそうに唖然とした足音,
vyaBre,うろたえる,
hU,うわあ,
Um,うーん,
ham,うーん,
hUm,うーん,
aye,ええ,Aye
iha,ええ,
E,ええ,
ut,ええと,
um,ええと,
are,おい,Hey
ahe,おい,
Are,おい,
haye,おい,
he,おい,
o,おお！,
nAnA,おじいさん,
anumarSam,おすすめ,
prAgBAvatas,おそらく,
prAyeRa,おそらく,
viBavatas,おそらく,
adUratas,おなら,
supUrvAhRe,おはようございます,
supraBAte,おはようございます,
suprAtar,おはようございます,
BItavat,おびえたように,
aho,おー,
anyonyam,お互い,each other
paraspara,お互い,
parasparam,お互い,
baw,お尻,
As,お尻,
lavaSas,お尻が大好き,
iva,お気に入り,
praRamayya,お辞儀,
praRipAtapuraHsaram,お辞儀をする前に,
kzmayA,お願いします,
kawakawA,かつかた,
dInakam,かわいそうな男,
kAYci,かんち,
Dik,くそ,
hA,くそ,
ihatra,ここ,
itiha,ここです,
ihArTam,ここでの目的のために,
atrEva,ここにあります,Here it is
etarhi,ここにあります,
yAvadamatram,ここまで,
etadvat,このような,
ihasTAne,この場所で,
etadavaDi,この期間,
etadarTam,この目的のために,
etatkzaRAt,この瞬間から,
itikrameRa,この順番で,
amuzmin,これで,
etad,これです,
itas,これは,
yaTEtam,これは,
idamprakAram,これはタイプです,
nityam,これまで,
iti,これまでのところ,
praTamataram,これらの最初のもの,
kzamA,ごめん,
AjAnu,さあ行こう,
nAnAdigdeSAt,さまざまな方向から,
nAnAsAmavat,さまざまな方程式のように,
ekAntam,さみしい,
atarapaRyena,さもないと,Otherwise
anyataratas,さもないと,Otherwise
anyatas,さもないと,Otherwise
anyaTA,さもないと,Otherwise
anyadA,さもないと,Otherwise
anyarhi,さもないと,Otherwise
itaraTA,さもないと,
punardarSanAya,さようなら,
BUyas,さらに,
BUyastvena,さらに,
varam,さらに良い,
varam,さらに良い,
suzWutaram,さらに良い,
agre,さらに遠く,further
agre,さらに遠く,further
dUratare,さらに遠く,
dUratareRa,さらに遠く,
amudA,しかし,But
tara,しかし,
parut,しかし,
nEva,しそうにない,
ataeva,したがって,therefore
atas,したがって,Therefore
atorTam,したがって,
itTam,したがって,
evaTA,したがって,
evam,したがって,
tasmAt,したがって,
atonimittam,したがって、原因,"Therefore, the cause"
syAt,したほうがいい,
avaSyam,しなければならない,
kiMcitkzaRAntara,しばらくして,
apakAmam,しぶしぶ,Unwillingly
anA,しません,doesn't
BftyarTam,しもべのために,
durAhA,しゃがむ,
SataSAradAya,しゃたさらだや,
mamat,じぶんの,
trawat,すぐに,
avilambam,すぐに,Immediately
avilambena,すぐに,Immediately
avilambya,すぐに,Immediately
asaMprati,すぐに,Immediately
asAMpratam,すぐに,Immediately
ASumat,すぐに,
kzaRamAtreRa,すぐに,
kzaRAntare,すぐに,
Jawiti,すぐに,
tatkAlam,すぐに,
nimizAntareRa,すぐに,
nimezatas,すぐに,
pratyantAt,すぐに,
sumahat,すごくいい,
sarvam,すべての,
sarvakAzam,すべてのスペース,
pratiparva,すべてのフェスティバル,
sarvaprayatnena,すべての勤勉さで,
samantatas,すべての周り,
sarvatodikkam,すべての周り,
sarvArTam,すべての意図と目的のために,
sarvAvasaram,すべての機会,
sarvasADu,すべての聖人,
sarvagrAsam,すべてを消費する,
tadapas,するとすぐに,
tAvatkAlam,ずっと,
sarvatomArgam,ずっと,
Dfzwam,ずるい,
yaTAdozam,せいとして,
anyataredyus,そうでなければdyus,Otherwisedyus
ataUrDvam,そこから先,
tyatra,そこには,
tatra,そこの,
mfdukam,そっと,
supUrvam,そのかなり前に,
tadarTam,そのことについては,
tatkfte,そのため,
yatkfte,そのために,
etAvat,そのためにそんなに,
aDi,そのほか,
yaTartu,そのまま,
yaTAciti,そのまま,
yaTAmAtram,そのまま,
yaTAyajus,そのまま,
yaTAyaTam,そのまま,
yaTArUpam,そのまま,
yaTAvAstu,そのまま,
yaTAsTAma,そのまま,
yaTAsvam,そのまま,
tAdfk,そのような,
sUccEs,そのようなchais,
itivat,そのようなものです,
upari,その上,
yanmaDye,その中で,
viviDam,その他,
tadanantaram,その後,
paScA,その後,
paScAt,その後,
paScAtAt,その後,
tadAdi,その後など,
supaScAt,その後も,
taddinam,その日です,
paScAtkAle,その日の後半,
paScAdahas,その日の後半,
yannimittam,その理由で,
tanmaDyAt,その真ん中から,
anvayavat,その結果,Consequently
antare,その間,In the meantime
antareRa,その間,
tAvatA,その間,
idam,それ,
tadA,それから,
yAvaditTam,それがある限り,
yAvanmAtram,それがある限り,
yadaBAve,それがない場合,
yAvadaBIkzRam,それが一定である限り,
yaTodayam,それが上昇するにつれて,
yaTAdAyam,それが与えられているように,
tatpratyayam,それが信念です,
yaTArhatas,それが値するように,
yaTArasam,それが味わうように,
yaTodBavam,それが始まったように,
yaTAprasfptam,それが忍び寄ったように,
yaTAvfdDi,それが成長するにつれて,
yaTApariliKitam,それが書かれているように,
tatpraTamatas,それが最初のことです,
tatpraTamam,それが最初のことです,
tatpraTamataram,それが最初のものです,
yatkAraRam,それが理由です,
yaTAjAtam,それが生まれたように,
yaTAsaMsTam,それが確立されたように,
yaTAyogenam,それが組み合わされるように,
yaTopapAtam,それが落ちるように,
yaTABUtam,それが起こったように,
yaTAvfttam,それが起こったように,
yaToQam,それが運ばれるように,
yaTApravftam,それが関与しているので,
kramatas,それぞれ,
kramaSas,それぞれ,
kramAt,それぞれ,
kevalam,それだけ,
kevalaSas,それだけ,
tatas,それで,
tarhi,それで,
tena,それで,
tyad,それで,
tad,それでおしまい,
tadam,それでおしまい,
tAt,それでおしまい,
tyadam,それでおしまい,
tAvat,それで全部です,
tAvat,それで全部です,
tAvati,それで全部です,
tAvanmAtre,それで全部です,
tatsamanantaram,それと同時に,
pratyuta,それどころか,
virahitAt,それなし,
saMcintya,それについて考える,
nirBaram,それに依存します,
anurUpatas,それに応じて,accordinglytas
anurUpam,それに応じて,correspondingly
tadanukfti,それの模倣,
ityarTam,それはArtmです,
Kalu,それはそう,
nanu,それはそう,
ayuktam,それは不当です,It is unjustified
uBayatobArhatam,それは両方の価値があります,
atadarham,それは価値がありません,It is not worth it
yaTApratyarham,それは価値があるので,
yaTArham,それは価値があるので,
vicitram,それは奇妙です,
ftam,それは本当です,
asaMBavyam,それは無理だ,
klizwam,それは複雑です,
pariklizwam,それは複雑です,
huvA,それは起こった,
kazwam,それは難しい,
nAtikfcCrAt,それほど難しくない,
tadavaDi,それまで,
tAvadDA,それまで,
yAvat,それまで,
yAvat,それまで,
yAvat,それまで,
yAvat,それまで,
yAvati,それまで,
yAvadDA,それまで,
uta,それよりも,
drutataram,それよりも速い,
uBAdanti,それらが発生します,
dvayam,それらのうちの2つ,
ekEkaSyena,それらのそれぞれ,
BojayitvA,それらを養う,
sapratIkzam,それを待っています,
akzipat,それを捨てました,
ataHparam,それ以上,Beyond that
aDikam,それ以上,
aByaDikam,それ以上,
parastAt,それ以上,
tatpUrvam,それ以前は,
vyatiriktam,それ以外で,
asTAne,それ以外の,
yaTAnyAsam,それ以外の場合,
anyaTAkAram,それ以外の形,
nyUnataram,それ未満,
svamAtreRa,それ自体で,
etAvadDA,そんなに,
bahutas,たくさんの,
izumAtram,ただの矢,
aBIke,たった今,
BoBavatpUrvakam,たっぷり,
evaMgate,たとえそうであっても,
yadfcCamAtratas,たまたま,
niHsADvasam,ためらうことなく,
niHSvasya,ため息,
daMsu,だんす,
cana,ちゃん,
kzaRam,ちょっとの間,
kzaRamAtram,ちょっとまってください,
cOrakayA,ちょらかや,
ciratareRa,ちらたれん,
antatas,ついに,Finally
antavat,ついに,Finally
pratikzaRam,つねに,
pratipalam,つねに,
buqabuqa,つぼみ,
tAtparyatas,つまり、,
nAmnA,つまり、,
at,で,At
At,で,
yaTAkzamam,できるだけ,
yaTABUyas,できるだけ,
yaTAlABam,できるだけ,
yaTAviBavatas,できるだけ,
yaTAviBavamAnena,できるだけ,
yaTAsamBavam,できるだけ,
yaTAsAmarTyam,できるだけ,
yaTAsaMKyam,できるだけ多く,
yaTAsaMKyena,できるだけ多く,
yaTAkzemeRa,できるだけ安全に,
yaTAbalam,できるだけ強く,
yaTAsuKam,できるだけ快適に,
yaTAcamasam,できるだけ早く,
yaTAkzipram,できるだけ早く,
yaTAsUktam,できるだけ早く,
yaTAprASu,できるだけ早期に,
yaTASoBam,できるだけ美しく,
Iti,です,
Canna,ではない,
Canna,ではない,
aTApi,でも,
apartu,でも,However
O,と,
taTA,と,
saha,と,
prasaNgavaSAt,ところで,
yaTAsuzWu,としても,
bahutiTam,とても,
atIva,とても,very
nitAntam,とても,
bahutarAm,とても,
bahutra,とても,
bahuTA,とても,
atyUrjitam,とてもエネルギッシュ,Very energetic
atiSItam,とても寒い,
suduHKam,とても悲しい,
sarvaprARena,とても気持ちを込めて,
atikfcCram,とても難しい,
atyuccEs,とても高い,
sAkam,とともに,
sarvAvaTam,とりわけ,
taTAkAram,と形,
ityahe,と言われています,
kasmAt,どうして,
kimarTam,どうして,
kaTam,どうやって,
prakawam,どうやら,
pratyakzatayA,どうやら,
kutra,どこ,
jahA,どこ,
yatra,どこ,
yatrakAmam,どこでも好きな場所,
yataratra,どこにでも,
sarvatas,どこにでも,
sarvatra,どこにでも,
uBayaTA,どちらにしても,
kiyatkAlam,どのぐらいの間,
yadarTam,どのような目的のために,
sagadgadasvaram,どもる声で,
kimprakAram,どんな,
yatkAryam,どんな仕事でも,
yatas,なぜなら,
yasmAt,なぜなら,
praBfti,などなど,
yaTA,なので,
kimBUtam,なんて光景でしょう,
ko,に,
GrAM,におい,
avaGrAyam,においがした,
apavAritakena,によって削除されました,Removed by
yaTApratijYABis,によって約束されたように,
anuguRam,によると,
anurUpeRa,によると,
anusAratas,によると,
virudDam,に対して,
sambadDam,に接続されています,
SapaTapUrvakam,に誓った,
sapraRAmam,に関して,
dIrGavat,に限って,
kAraRatas,のために,
samakzam,の前で,
samakzAt,の前に,
samakze,の前に,
sammuKe,の前に,
arDe,の半分,
yadvat,の場合のように,
maDye,の間に,
asti,は,is
is,は,
hE,は,
hyas,はい,
Am,はい,
bAQam,はい、そうです,
haMho,はいはい,
hahA,はは,
bahutaram,はるかに,
praTamadarSane,ひと目で,
ati,ひどい,severe
hihi,ひひ,
himyA,ひみや,
krIqanakatayA,ふざけて,
PupPu,ふっふ,
pAdatale,ふもと,
Candena,ふるいにかける,
tilaSas,ほくろ,
prAyam,ほとんど,
bahuSas,ほとんどの時間,
nimezamAtreRa,ほんの数分で,
yaTAtaTam,まさに,
yATAtaTyatas,まさに,
aTavA,また,
punar,また,
vA,また,
aTavApi,またはそうでなければ,
Ahosvit,またはそれは,
yABis,またはビス,
wasat,まだ,
ekavAram,もう一度,
aparadakziRam,もう一方の権利,
ced,もしも,
yadi,もしも,
Druvam,もちろん,
SIGrataram,もっと早く,
hAyi,やあ,
hi,やあ,
hI,やあ,
yaTAkAlam,やがて,
yataraTA,やたらた,
puraskftya,やりがい,
yarhi,やりひ,
amandam,ゆっくり,Slowly
mandam,ゆっくり,
SanErgaNgam,ゆっくりとガンジス,
mandamandam,ゆっくりゆっくり,
savicikitsitam,よく扱われる,
suvicArya,よく考え抜かれた,
supraticCannam,よく覆われている,
sugUQam,よく隠されている,
apekzayA,よりも,
nipuRataram,より熟練した,
aByAtmataram,より自己完結型,
tUrRataram,より速く,
tvaritaram,より速く,
uccEstarAm,より高いレベル,
vAva,わお,
ajYAtam,わからない,
anAjYAtam,わからない,
svArTam,わがまま,
uddeSatas,わざと,
Im,わたしは,
atikramya,を超える,exceeding
fte,を除外する,
fte,を除外する,
vihAya,を除外する,
ayi,アイ,
Ezamas,アイシャマス,
AkAyam,アカヤム,
akAlatas,アカラタス,
AkAlikAtIram,アカリカティラム,
AkarRam,アカルナム,
Akalpam,アカルパム,
akARqe,アカンデ,
agatyA,アガティア,
AgaRqa,アガンダ,
AkIm,アキム,
aKilena,アキレシュ,
akzRayA,アクシャヤ,
kftyam,アクション,
yaTAkarma,アクションとして,
karmAnurUpatas,アクションによると,
karmAnusAratas,アクションによると,
yaTAkarmaguRam,アクションの質として,
AsAdya,アクセス可能,
akramam,アクラマム,
agraSas,アグラシャス,
agratas,アグラタス,
agratas,アグラタス,
AgrahAyaRam,アグラハヤナ,
AgrahAyaRi,アグラハヤニ,
aGos,アゴス,
aTakim,アサキム,
AsAt,アサット,
asAmnA,アサムナ,
AsAyam,アサヤム,
AsImAntam,アシマンタム,
aSam,アシャム,
ASayatas,アシャヤット,
ASu,アシュ,
ASrayatas,アシュラヤタス,
ASravaRam,アシュラヴァナム,
capalam,アジャイル,
ajasram,アジャスラム,
ajasreRa,アジャスレン,
ajiram,アジラム,
astA,アスタ,
asTA,アスタ,
astamite,アスタマイト,
asmatrA,アスマトラ,
asvaram,アスワラム,
saBAmaDye,アセンブリで,
aTakimu,アタキム,
niHsaNgam,アタッチメントなし,
niHsaNgena,アタッチメントなし,
AtAlI,アタリ,
adDA,アダ,
adDAtamAm,アダタマン,
adayam,アダヤム,
aDaratas,アダラタス,
AcandratArakam,アチャンドラ・タラカム,
awwawwa,アッタット,
upagiram,アップグレード,
upadiSam,アップディシャム,
upadfzadam,アップドリシュダム,
upamAlinItIram,アップマリニ海岸,
atisanDam,アティサンダム,
atiprage,アティプラゲ,
atiprARam,アティプラナム,
atimarSam,アティマーシャム,
atyAyam,アティヤム,
adyAgreRa,アディアグレン,
adyatas,アディアタス,
aDikaRWam,アディカンサム,
aDikanDaram,アディカンダラム,
aDiketanam,アディケタン,
aDigopam,アディゴパム,
aDizAdam,アディシャダム,
aDijaNGam,アディジャンガム,
Aditas,アディタス,
AdaDIci,アディチ,
aDinAgam,アディナガム,
aDihari,アディハリ,
aDipARi,アディパニ,
aDimaKam,アディマカム,
aDirajani,アディラジャニ,
aDiraTyam,アディラティヤム,
aDilaNkam,アディランカム,
aTovA,アトバ,
atrivat,アトリのように,
pratyAyanam,アトリビューション,
adUre,アドアレ,
enA,アナ,
anukacCam,アナチャチャム,
anavakrAmam,アナバクラマム,
AnABi,アナビ,
ahnAya,アナヤ,
ahnAya,アナヤ,
anAratam,アナラタム,
analam,アナル,
upamAm,アナロジー,
anikAzam,アニカシャム,
anIkaSas,アニクシャス,
aniSam,アニシャム,
AniSam,アニシャム,
anIcEs,アニチャイス,
aRimatas,アニマタス,
anirdaSam,アニルダシャム,
anukapolam,アヌカポラム,
anukAlam,アヌカラム,
anukanaKalam,アヌカンカラム,
anugavam,アヌガバム,
anugaNgam,アヌガンガム,
anugiram,アヌギラム,
anukzapam,アヌクシャパム,
anugu,アヌグ,
anugrAmam,アヌグラマム,
anugodam,アヌゴダム,
anusakTam,アヌサクサム,
anusAtam,アヌサタム,
anusAnu,アヌサヌ,
anusavanam,アヌサバナム,
anusamudram,アヌサムドラム,
anusAyam,アヌサヤム,
anusItam,アヌシタム,
anuSivam,アヌシバム,
anuzak,アヌシャク,
Anuzak,アヌシャク,
aRuSas,アヌシャス,
anujanam,アヌジャンム,
anuskandam,アヌスカンダム,
anusUpam,アヌスパム,
anusIram,アヌセラム,
anusomam,アヌソマム,
anutawam,アヌタタム,
anudakam,アヌダカム,
anudiSam,アヌディシャム,
anudeham,アヌデハム,
anunadi,アヌナンディ,
anuniSITam,アヌニシサム,
anuniSam,アヌニシャム,
anuvAsaram,アヌバサラム,
anuvanam,アヌバナム,
anuvAram,アヌバラム,
anuvaMSam,アヌバンシャム,
anupaTam,アヌパサム,
anupadam,アヌパダム,
anupati,アヌパティ,
anuparikrAmam,アヌパリクラマム,
anupariSrit,アヌパリシュリット,
anuparicAram,アヌパリチャラム,
anuparihAram,アヌパリハラム,
anupAde,アヌパード,
anuvizRu,アヌビシュヌ,
anupiRqam,アヌピンダム,
anubrAhmaRam,アヌブラマナ,
anuprapAdam,アヌプラパダム,
anuvelam,アヌベラム,
anumAzam,アヌマシャム,
anumAlinItIram,アヌマリニティラム,
anuyajus,アヌヤジュス,
anuyavam,アヌヤバム,
anuyugam,アヌユガム,
anuyUpam,アヌユパム,
anuraTam,アヌラサム,
anurajju,アヌラジュ,
anurAtram,アヌラトラム,
anurahasam,アヌラハサム,
anuvedi,アヌヴェディ,
anekaSas,アネクシャス,
anevam,アネバム,
anovAhyam,アノバヒャム,
anUpasadam,アノパサダム,
ahAvas,アハバス,
AhavanIyatas,アハバニヤタス,
Ajarasam,アハラサム,
aharjaram,アハルジャーム,
avagrAham,アバグラハム,
avastAt,アバターから,
avaDes,アバデシュ,
avaratas,アバラタス,
AbAlam,アバラム,
avaruRam,アバルナム,
avareRa,アバレン,
avAntarAm,アバンタラム,
avANnABi,アバンナビ,
Abarham,アバーハム,
apAkAt,アパカット,
ApAtatas,アパタタス,
apataram,アパタラム,
ApAwaliputram,アパタリプトラム,
apadakziRam,アパダクシナム,
apAk,アパック,
apadiSam,アパディシャム,
apavizRu,アパビシュヌ,
aparatas,アパラタス,
apariskandam,アパリカンダム,
aparikrAmam,アパリクラマム,
apariSlaTam,アパリシュルサム,
aparivargam,アパリバルガム,
ApArzRi,アパルシュニ,
aparvaRi,アパルヴァニ,
aparedyus,アパレディウス,
apavIRam,アパヴェーナム,
bakavat,アヒルのように,
aBi,アビ,
aByAnandya,アビアナンダ,
aBikAmam,アビカマム,
aBikarRakUpam,アビカルナクパム,
aBIkzRam,アビクシャナ,
aBiknUyam,アビクヌヤム,
aBikrAmam,アビクラーム,
aBikfzRam,アビクリシュナム,
aBisAyam,アビサヤム,
aBisaMsAram,アビサンサラ,
aBiSOri,アビシャウリ,
aBIzahA,アビシャハ,
aByudIrite,アビジュディライト,
aBiskandam,アビスカンダム,
AvistarAm,アビスタラム,
aBisTiram,アビスティラム,
aBisvare,アビスワラエ,
avitaTam,アビタサム,
aBitas,アビタス,
aBitas,アビタス,
aBItavat,アビタバット,
aBidakziRam,アビダクシナム,
aviDA,アビダナ,
aviDAnatas,アビダナタス,
aBiDAyam,アビダヤム,
aBicEdyam,アビチャイディアム,
avitaTena,アビテナ,
aBitorAtram,アビトラトラム,
aBininartam,アビニナルサム,
aBivAsas,住居,
aBivAtam,アビバタム,
aBivAhatas,求心的に,
aBinaByam,アビバヤム,
aBIpatas,ちょうど今,
aBiprAtar,目的,
aBipradakziRam,アビプラダクシナム,
aBipUrveRa,予測,
avivecam,目立たない,
avivenam,avivenam,
aBimArutam,アビマルタム,
avimuKam,avimukham,
aBimuni,アビムニ,
aByAkAram,アビヤカラム,
aByAkAram,アビヤカラム,
aByAgAre,出展者,
aByAkrAmam,abhyakramam,
aByAcAre,誘拐犯,
aByAtmam,ahyatmam,
aByApAdam,アビヤパダム,
aByamitram,アビミトラム,
aByAram,エクササイズ,
aByayoDyam,abhyodhyam,
aByari,アビヤリ,
aByarDam,アビヤードハム,
aBiraSmimAli,野心的な,
aBirAmam,アビラマム,
aBirAmam,アビラマム,
Abilam,アビラム,
abahir,abhir,
ahutAByudite,ahutabhyudite,
Abdam,アブダム,
AbrahmasaBam,アブラハマサバム,
Abrahma,アブラハム,
apnavAnavat,無人,
apunar,アプナール,
apratA,無能,
Apradivam,apradivam,
Aprapadam,aaprapadam,
AprAvfzam,apravrisham,
aprAyu,アプラユ,
apralambam,apralambam,
apalupam,アパルパム,
proccEs,アプローチ,
apIqayA,痛み,
amAt,アマット,
amatyA,アマティア,
amAtrayA,アマトラヤ,
amanAk,アマナック,
amavat,無能,
amyak,価値がない,
amutra,amutra,
amutrArTam,amutratham,
amutas,amutas,
amRas,アムナス,
amuyA,アムヤ,
amurhi,アムリ,
amfzA,アムリシャ,
AmUrDAntam,無形,
AmeKalam,アメクラム,
ayajuzkam,ayushkam,
ayaTAbalam,アヤタバラム,
ayaTApuram,アヤタプラム,
AyatIgavam,ayatigavam,
ayugapad,年齢パッド,
Ayuzak,アユシャク,
ayujakAram,ayujkaram,
ayutaDA,アユタヤ,
ayutaSas,アユタシャス,
alaglam,アルガラム,
ArAt,夜,
aram,アラム,
aram,アラム,
alam,アラム,
alaMtarAm,アラントラム,
alakam,アルカム,
arjunatas,アルジュナタ,
arus,arus,
arhaRA,アハルナ,
alpakam,短い,
varRAnupUrveRa,アルファベット順の予測,
alpaSas,マイナー,
alpena,アルペン,
arvAcInam,アルヴァチナム,
alale,アレ,
aleSam,アレシャム,
arere,おい,
Gftavat,アロエ,
AlozwI,Alooshti,
anu,コンプライアンス,
aNgANgi,器官,
aNgirasvat,アンギラスワット,
aYjas,アンジャス,
antaHsAma,内胚葉,
antaSas,最後に,
antarvedi,内向的,
anti,過去,
antikena,アンチケン,
pratibIjam,アンチビジャム,
anfcam,アナルカム,
antevAsi,葬儀,
annaparyAyam,アンナパラヤム,
abanDuram,放棄する,
anvagram,アナグラム,
amBastas,アンバスタ,
anvaham,無能,
anvaNgam,アンバンガム,
anvIpam,アンビパム,
anvfcam,avricham,
anvakzam,不可解,
avelam,アヴァラム,
AvAriDi,アヴァリディ,
avAYcam,アヴァンチャム,
avalIlayA,アヴリラヤ,
ArakAt,アーカットから,
AkaRWam,アーカンサム,
ASiKam,アーシカム,
kftakam,アーティファクト,
bAhupracAlakam,アームオペレーター,
bAhUtkzepam,アームスロー,
ArAttAt,アーラッタから,
Alambam,アーランバン,
uka,イギリス,
ISake,イシュケ,
izwam,イシュタム,
iziram,イシラム,
musalAmusali,イスラム教徒,
izwvInam,イズビナム,
itTA,イッタ,
itihari,イティハリ,
itipARini,イティパニーニ,
itomuKam,イトムカム,
varAhavat,イノシシのように,
eva,イブ,
sAyaMdohavat,イブニングミルクのように,
imaTA,イムサ,
ASarIram,インコーポレアル,
sTApayitvA,インストール,
saMsTApya,インストール可能,
antar,インター,
antarAntarAt,インターバルから,
antardaSAhAt,インターバルから,
antarASfNgam,インターホーン,
aByantaram,インテリア,
AByantaram,インテリア,
yaTAbudDi,インテリジェンスによる,
antargeham,インナーハウス,
antaHsadasam,インナーメンバー,
saptAgAram,ウィークリールーム,
udgAQam,ウガダム,
uzA,ウシャ,
uSanA,ウシュナ,
udak,ウダク,
udaktas,ウダクタス,
udastAt,ウダスタット,
udAcam,ウダチャム,
uddAmam,ウダマム,
udayanatas,ウダヤナタス,
udarapUram,ウダルプラム,
udantam,ウダンタム,
uttaratas,ウッタラタス,
uttarAhi,ウッタラヒ,
uttaredyus,ウッタレドゥス,
uttIram,ウッティラム,
udaSru,ウドシュル,
udfci,ウドリチ,
uBAhasti,ウバハスティ,
uBAbAhu,ウババフ,
uBApARi,ウバパニ,
uBayA,ウバヤ,
uBayatas,ウバヤタス,
uBayadyus,ウバヤドゥス,
uBayAhasti,ウバヤハスティ,
uBayAbAhu,ウバヤバフ,
uBayApARi,ウバヤパアニ,
upA,ウパ,
upAgrahAyaRam,ウパグラハヤナ,
upAgrahAyaRi,ウパグラハヤニ,
upasamiDam,ウパサミダム,
upasIram,ウパシラム,
upAje,ウパジェ,
upAjinam,ウパジナム,
upAstamayam,ウパスタマヤム,
upasomam,ウパソマム,
upAcyutam,ウパチュタム,
upAgni,ウパニ,
upAyatas,ウパヤタス,
upayozam,ウパヨシャム,
uparatAti,ウパラタティ,
uparAmam,ウパラマム,
uparitas,ウパリタス,
upAnte,ウパンテ,
upagu,ウプグ,
upodayam,ウポダヤム,
urastas,ウラスタス,
urarI,ウリ,
urI,ウリ,
UrarI,ウリ,
UrI,ウリ,
uruzyA,ウルシャ,
uruDA,ウルダ,
urviyA,ウルビア,
urviyA,ウルビア,
unnAmya,ウンナミヤ,
ava,エイバ,
Avis,エイビス,
ekaSas,エカシャ,
ekatas,エカタ,
ekAntatas,エカンタタス,
vizuRe,エクイノックスで,
niryAtya,エクスポート,
ekapari,エクパリ,
ed,エド,
Urjitam,エネルギッシュ,
Urjitam,エネルギッシュ,
truwiSas,エラー,
cAru,エレガント,
evaMkAram,エヴァンカラム,
KalI,オイルケーキ,
tElapezam,オイルペースト,
Om,オウム,
Sukavat,オウムのように,
avazwaBya,オカルト,
ozam,オシャム,
odanaprati,オダンプラティ,
otsUryam,オツリヤム,
dUre,オフ,
vastukzaRAt,オブジェクトの瞬間から,
om,オム,
aDivakzas,オーバーチェスト,
aDijAnu,オーバーニー,
aDipaTam,オーバーパス,
aDikziti,オーバーヘッド,
aDiSiras,オーバーヘッド,
aDiSiroDaram,オーバーヘッド,
pratidvIpam,カウンターアイランド,
pratipaSu,カウンターアニマル,
pratikoRam,カウンターアングル,
praticodanam,カウンターインセンティブ,
prativirati,カウンターインタラプション,
pratihasti,カウンターエレファント,
prativarRam,カウンターカラー,
pratisaMskAram,カウンターカルチャー,
pratideSam,カウンターカントリー,
pratirAjam,カウンターキング,
pratikARqam,カウンターケース,
pratividyam,カウンターサイエンス,
prativizayam,カウンターサブジェクト,
pratisUryam,カウンターサン,
pratitantram,カウンターシステム,
pratiparyAyam,カウンターシノニム,
pratiskanDam,カウンターショルダー,
pratigupyam,カウンターシークレット,
pratiliNgam,カウンタージェンダー,
pratikapAlam,カウンタースカル,
praticaraRam,カウンターステップ,
pratiSrotas,カウンターソース,
pratisrotam,カウンターソース,
pratisamayya,カウンタータイム,
pratyavarakAlam,カウンターターム,
pratiraTyam,カウンターチャリオット,
pratimandiram,カウンターテンプル,
pratiSOcam,カウンタートイレ,
pratiprayARakam,カウンタートラベラー,
pratihfdayam,カウンターハート,
pratipaTam,カウンターパス,
pratipatni,カウンターパーティ,
pratikalam,カウンターパート,
pratidfSam,カウンターパート,
pratipadam,カウンターパート,
pratipAdapam,カウンターパート,
pratipAdam,カウンターパート,
pratiBavam,カウンターパート,
pratisvam,カウンターパート,
pratyupasadam,カウンターパート,
prativaktram,カウンターフェイス,
pratidozam,カウンターフォールト,
pratiSfNgeRa,カウンターホーンで,
pratigAtram,カウンターボディ,
pratideham,カウンターボディ,
pratimantram,カウンターマントラ,
pratinadi,カウンターリバー,
prativfttAntam,カウンターレポート,
pratimArge,カウンターロードで,
prativiSvezu,カウンターワールドで,
pratisambanDi,カウンター関連,
kAkatAlIyam,カクテル,
kAkatAlIyavat,カクテルのように,
aBiBartf,カストディアン,
kataraTA,カタラサ,
kataratas,カタラタス,
kaqat,カダット,
kacAkaci,カチャッキ,
Kaw,カット,
dyumat,カップル,
EkaDyam,カディアム,
kad,カド,
kanyAdarSam,カニャダーシャム,
yAvadvyApti,カバレッジがある限り,
kAmakAratas,カマカラタス,
kAmatas,カマタス,
kAmacAratas,カマチャラタス,
kAmayA,カマヤ,
Kam,カム,
kalASas,カラシャス,
kAkavat,カラスのように,
kAkAkzinyAyAt,カラスの目から,
kAkAkzivat,カラスの目のように,
kAkAkzinyAyena,カラスの目の法則によって,
karatas,カラタス,
kAlatas,カラタス,
kalApaSas,カラパシャス,
Karam,カラム,
kalli,カリ,
kalye,カリエ,
kAlye,カリエ,
kalyam,カリャム,
kAlyam,カリャム,
Kalutas,カルタス,
karRatas,カルナタス,
yaTAkalpam,カルパとして,
kAlena,カレン,
kaRaSas,カンシャス,
kaRWatas,カンタタス,
KaRqaSas,カンダシャス,
kAMdiSI,カンディシ,
vikuYcitaBrUlatam,カールした眉毛,
gaRakftvas,ガナクリトヴァス,
gaRaSas,ガナシャ,
Gum,ガム,
gArgI,ガルギ,
maDyegaNgam,ガンジスの真ん中,
kikirA,キキラ,
kis,キス,
kikkiwA,キックスタート,
SyenAvapAtam,キツネの堕落,
kIm,キム,
kAt,キャット,
yaTAvitAnam,キャノピーとして,
yaTASIlam,キャラクターごとに,
kaTaMkAram,キャラクターはどうですか,
Ganam,キューブ,
kiMtamAm,キンタマン,
kiMtayA,キンタヤ,
kiMtarAm,キンタラム,
kiMvat,キンバット,
kimparyantam,キンパリャンタム,
satvararacanam,クイックコンポジション,
drutapadam,クイックステップ,
kzemEs,クシェマイス,
kzapaRI,クシャパニ,
kuSalena,クシャラ,
kUwaSas,クタシャ,
kutas,クタス,
kuhacid,クチッド,
kuwInivAtam,クチニバタム,
kuwikuwI,クティクティ,
kuhaka,クハク,
kUpat,クパット,
kuhu,クフ,
kuhU,クフ,
kum,クム,
Kum,クム,
krOYcabanDam,クラウチバンド,
prativargam,クラスごと,
kulatas,クラタス,
krARA,クラナ,
kfzRI,クリシュナ,
sPawikamaRivat,クリスタルの宝石のように,
kfcCraSas,クルクラシャス,
kfcCratas,クルクラタス,
kurupaYcAlatrA,クルパンチャラトラ,
klIbavat,クレブのように,
kuntAkanti,クンタカンティ,
kuha,クー,
kU,クー,
guRaSIlatas,グナシラタス,
gupte,グプテ,
guptibanDam,グプティバンダム,
grAham,グラハム,
grAham,グラハム,
grAmatas,グラムタス,
GfN,グリング,
guluguDA,グルグダ,
GuraGurA,グルグラ,
GuruGurA,グルグラ,
gurvarTam,グルバルサム,
samaha,グループ,
samUhya,グループ化可能,
grAsI,グレイシー,
drAGmA,グレープフルーツ,
GumaGumA,グングマ,
guRatas,グンタス,
keSAkeSi,ケシャケシ,
kevalatas,ケバラタス,
kevAsI,ケワシ,
kena,ケン,
atiTivat,ゲストのように,
gehAnuprapAtam,ゲハヌプラパタム,
gehAnuprapAdam,ゲハヌプラパダム,
Kelam,ゲーム,
yaTAKelam,ゲームのように,
viSvAtmanas,コスモポリタニズム,
nEkaSas,コツ,
kowiSas,コティシャ,
kopAkopi,コパコピ,
kopatas,コパタス,
samudya,コミュニティ,
kam,コム,
kAm,コム,
kolAkoli,コラコリ,
saMhatya,コレクティブ,
vyaYjanasTAne,コンソナントスペースで,
samakAlam,コンテンポラリー,
niryantraRam,コントロール,
saMhatapucCi,コンパクトテール,
pratiyogam,コンペ,
avayavaSas,コンポーネント,
samupAdAya,コンポーネント,
nirlepam,コーティングされていない,
saMhitAvat,コードのように,
kUwabanDam,コードボンド,
yaTAsaMhitam,コード化されている,
gozpadapram,ゴシュパダプラム,
gotrABiDAyam,ゴトラビダヤム,
gotram,ゴトラム,
gose,ゴース,
Avartam,サイクル,
cakravat,サイクロン,
sAyatare,サイトレ,
niHSabdapadam,サイレントターム,
SabdapAtam,サウンドドロップ,
sakazwam,サカシュタム,
sakapawam,サカパトム,
sakAmam,サカマム,
sakaRWaroDam,サカンタロダム,
sagUQam,サガダム,
sagadgadam,サガドガダム,
sakzatram,サクシャトラ,
sAkUtam,サクタム,
sakft,サクラット,
sacakram,サクラム,
sakfpaRam,サクリパナム,
sAgni,サグニ,
sAgram,サグラム,
saKelam,サケラム,
saSItkAram,サシトカラ,
sAzwANgapAtam,サシュタンガパタム,
sAzwANgam,サシュタンガム,
sajyotis,サジョティス,
sasuracApam,サスラチャパム,
sasvartA,サスワルタ,
satas,サタス,
sadam,サダム,
saci,サチ,
sAci,サチ,
sAcIvit,サチビット,
sUt,サット,
sadadi,サディ,
sadivas,サディバ,
sadivas,サディバ,
sADyA,サディヤ,
sADIyas,サディヤス,
saqiRqimam,サディンディム,
sadInam,サディーン,
ikzuBaYjam,サトウキビブレーカー,
sAwopam,サトパム,
satrAsam,サトラサム,
satfRam,サトラナム,
sADu,サドゥ,
sADutas,サドゥタス,
sADuyA,サドゥヤ,
saDrI,サドリ,
sanA,サナ,
sanat,サナト,
sanAt,サナト,
sAnandam,サナンダム,
sanitur,サニトゥール,
sannimittam,サニミッタム,
sannimitte,サニミット,
sAMnAyyavat,サニヤサのように,
sanirvedam,サニルベダム,
sAnuzak,サヌサク,
sanutar,サヌートル,
sanemi,サネミ,
sahastatalam,サハスタタラ,
sahasraDA,サハスラダ,
sahari,サハリ,
sabADas,サバダス,
savanaSas,サバンシャ,
yaTAsavanam,サバンナのように,
savanAnukalpam,サバンナヌカルパム,
sapawaham,サパタハム,
sapAdavandanam,サパダバンダナム,
sApadeSam,サパデシャム,
sapattrA,サパトラ,
sApamAnam,サパマナ,
sapariSritkam,サパリスリトカム,
saparihAram,サパリハラム,
saviDam,サビダム,
pratyagudak,サフィックス,
pratyagdakziRA,サフィックス,
upa,サブ,
upakarzam,サブアトラクション,
upakarRam,サブイヤー,
upakUpe,サブウェル,
upAntam,サブエンド,
upAntAt,サブエンドから,
upadrazwfmati,サブオブザーバーマインド,
upaDenu,サブカウ,
upaKAtam,サブカタム,
upakAntam,サブカンタム,
upacarma,サブカーム,
upakUlam,サブクール,
upasAntvya,サブコンソール,
upatawam,サブコースト,
upasIma,サブシーム,
upasuparRam,サブスパナム,
upakaRWam,サブスロート,
upasrotas,サブソース,
upatUlam,サブチュラム,
upajAnu,サブニーリング,
upaBEmI,サブバイミ,
upapaTam,サブパトラム,
sabahumAnam,サブヒューマナム,
upavyuzam,サブビュー,
upavyuzasam,サブビュー,
upabilam,サブビル,
upagrAmam,サブビレッジ,
upAntikam,サブファイナル,
upamuKam,サブフェーシング,
upavanam,サブフォレスト,
upameKalam,サブベルト,
upaSAlam,サブホール,
upakumBam,サブポット,
upakumBe,サブポット,
upakumBAt,サブポットから,
upakumBena,サブポットで,
upapUrvAhRam,サブモーニング,
upanadam,サブリバー,
saBrUBedam,サブルベダム,
upamUlam,サブルート,
upajanam,サブ世代,
upanigrAham,サブ拘束,
upacaturam,サブ賢い,
yaTAsamarTitam,サポートされている,
sAmakalam,サマカラム,
samAKyAyam,サマキヤヤム,
samakzatas,サマクシャタス,
samAsatas,サマサタス,
sAmatas,サマタス,
samAdAya,サマダヤ,
samAvat,サマバット,
samapadAti,サマパダティ,
samAlamBam,サマランバム,
samaryAdam,サマリアダム,
sAmarzam,サマルシャム,
sAmi,サミ,
sammitam,サミタム,
samitam,サミット,
samIpatas,サミパタス,
sam,サム,
samaSas,サムシャス,
samaDA,サムダ,
samanA,サムナ,
sumnayA,サムナヤ,
samanIkatas,サムニカタス,
saMhAyyam,サムハヤム,
saMvat,サムバット,
samottaratas,サモッタラタス,
saraTam,サラサム,
sarasam,サラサム,
sarajasam,サラジャサム,
sAratas,サラタス,
sArAparADatas,サラパラダタス,
saraRaraRikam,サラランラニカム,
salalitam,サリタム,
sarIQam,サリダム,
sarvahAram,サルバハラム,
sarvaraTA,サルバラサ,
sArUpyatas,サルピアタス,
sarpissAt,サルピサット,
sarpizwas,サルピスタ,
sarvaSas,サルヴァシャス,
sarvatAtA,サルヴァタタ,
sarvatAtA,サルヴァタタ,
saleSam,サレサム,
saMGaSas,サンガシャス,
sanatA,サンサ,
saMsaryA,サンサリア,
saMSakalA,サンシャカラ,
sanas,サンズ,
saMDAya,サンダヤ,
sambat,サンバット,
saBaktikam,サンバティカム,
sampAtam,サンパタム,
sampannaMkAram,サンパンカラ,
samaBitas,サンビタス,
samprasahya,サンプラサヒヤ,
sampradAyatas,サンプラダヤタス,
sampramaTya,サンプラマティア,
vft,サークル,
vfttatas,サークル,
vfttAnusArAt,サークルによると,
sahlAdam,サーラダム,
Bagavat,ザ・ロード,
Sezatas,シェシャタス,
SevAlI,シェワリ,
Sikam,シカム,
praRAlikayA,システムによって,
puwI,シスト,
SIBam,シバム,
kziprA,シプラ,
sim,シム,
SElatas,シャイラタス,
Saktitas,シャクティタス,
Satatarham,シャタターラム,
SatayAjam,シャタヤジャム,
SataSas,シャターシャ,
SataDA,シャッダ,
Sap,シャップ,
SaMyos,シャニョス,
SaPavat,シャファワット,
SaPaSas,シャフシャ,
SamInivAtam,シャミニバタム,
Sam,シャム,
SayutrA,シャユトラ,
SarASari,シャラシャリ,
SarASari,シャラシャリ,
caramatas,シャルマタス,
carmapUram,シャルマプラム,
SanakEs,シャンカイス,
SAntvA,シャントヴァ,
Cambaw,シャンバット,
Sambaw,シャンバット,
CambawkAram,シャンバトカラム,
Su,シュウ,
Sukam,シュカム,
Sudi,シュディ,
Sunam,シュナム,
SrOzaw,シュラッシュ,
Sram,シュラム,
Srutatas,シュルタタス,
Sftam,シュルタム,
Srutitas,シュルティタス,
Sluvat,シュルヴァット,
SreRiSas,シュレニシャス,
Sreyas,シュレヤス,
Srotratas,シュロトラタス,
Som,ショム,
laGukramam,ショートオーダー,
Sirastas,シラスタス,
SIlatas,シラタス,
ekavat,シングルとして,
ekapadavat,シングルステップとして,
sinDutas,シンドゥタス,
anukramam,シーケンス,The sequence
kramayogena,シーケンスの組み合わせによって,
pratyftu,シーズンに戻る,
bIjatas,シード,
bIjaryA,シード,
sImatas,シーマタス,
sIm,シーム,
dfSam,シーン,
jarjarI,ジェリー,
jihmI,ジミ,
jaGanatas,ジャガナタス,
jAgaram,ジャガラム,
jajjalA,ジャジャラ,
jAtitas,ジャティタス,
jaqI,ジャディ,
jAtu,ジャトゥ,
janat,ジャナト,
janavati,ジャナヴァティ,
jAmivat,ジャミのように,
javAt,ジャワット,
JAM,ジャン,
jamBaMjamBam,ジャンバンジャンバム,
jAnvantarA,ジャンバンタラ,
janmatas,ジャンマタス,
jyok,ジョク,
jozam,ジョシャム,
jihmam,ジーム,
vargaSas,スクエアシャ,
sutanirviSezam,スタニルビシェシャム,
sutamAm,スタマアム,
sutarAm,スタラム,
stambaSas,スタンバシャ,
sucetunA,スチェトゥナ,
vastyarTam,スツールのために,
yazwigrAham,スティックグラブ,
padAvagrAham,ステップの把握,
avas,ステージ,
nepaTyABimuKam,ステージに向かって,
nepaTye,ステージ上,
sudi,スディ,
sudivA,スディバ,
paryAlI,ストロー,
stokaSas,ストークス,
yaTAstomam,ストーマのように,
kaTAprastAvatas,ストーリーの提案,
suniKilam,スニキラム,
subahuSas,スバフシャス,
suvar,スバール,
aDyAtmam,スピリチュアリティ,
vAkpracodanAt,スピーチの挑発から,
prekzArTam,スペクタクルのために,
smat,スマット,
srAk,スラック,
sulalitam,スラリタム,
salIlam,スリーラム,
svErakam,スワイラカム,
svEram,スワイラム,
svagA,スワガ,
svagatam,スワガタム,
svasti,スワスティ,
svastI,スワスティ,
svatas,スワタス,
svaDA,スワダ,
svadiNmuKam,スワディムカム,
SvAtram,スワトラム,
svAduMkAram,スワドゥンカラム,
svAhA,スワハ,
svapnayA,スワプナヤ,
svapuras,スワプラス,
svayaMgrAham,スワヤングラハム,
svaraSas,スワラシャス,
svar,スワー,
su,スー,
sU,スー,
aDiprajYam,スーパーインテリジェンス,
aDivfkzasUrye,スーパーツリーの太陽の下で,
aDilokam,スーパーワールド,
sUpat,スープ,
sUpaprati,スープコピー,
satram,セッション,
satrA,セッション,
saptaDA,セブンフォールド,
AkozWam,セル,
serzyam,セルシャム,
SatasaMGaSas,センチュリオン,
sevAsI,セヴァシ,
SUnyavat,ゼロのように,
upajozam,ゼロ以下,
sodapUrvam,ソッドの前,
sotsAham,ソツァハム,
sotseDam,ソツェダム,
sotkaRWam,ソトカンサム,
sopagraham,ソパグラハム,
sollAsam,ソラサム,
lUnayavam,ソルト大麦,
solleKam,ソレカム,
upADimAtrAyAm,タイトル数量で,
yaTopADi,タイトル通り,
samayocitam,タイムリーな,
tAjak,タジャク,
tAjat,タジャット,
tAqam,タダム,
tadahar,タダール,
spfzwAspfzwi,タッチタッチ,
wAt,タット,
tatpARini,タッパニーニ,
tatiDA,タティダ,
tAdItnA,タディトナ,
tamam,タマム,
tamAm,タマム,
tAmam,タマム,
tmanyA,タムニャ,
talatas,タラタス,
talAtali,タラタリ,
tarasA,タルサ,
taratamatas,タルタマタス,
tUladAham,タルダハム,
tanTI,タンティ,
turam,ターム,
DagadDagiti,ダガダギティ,
Dakit,ダキット,
Dagiti,ダギティ,
dakziRAhi,ダクシナヒ,
daSatas,ダシャタス,
dadA,ダダ,
daDfk,ダドルク,
daBram,ダブラム,
dviguRA,ダブル,
dvipari,ダブル,
dviSas,ダブル,
DamaDamA,ダマダマ,
DAmaSas,ダムシャ,
dalaSas,ダルシャ,
darSaMdarSaM,ダルシャンダーシャム,
Darmatas,ダルマタス,
nfvat,ダンスのように,
dAnatas,ダンタス,
daRqAdaRqi,ダンダダンディ,
dAntvA,ダントヴァ,
dahram,ダーム,
cetasam,チェタサム,
cecced,チェッチ,
cetI,チェティ,
cetanI,チェトニ,
celaknopam,チェルクノパム,
ciScA,チシャ,
citivat,チチバト,
cid,チッド,
cipiwI,チッピー,
cOrI,チャウリ,
cakitacakitam,チャキタチャキタム,
cakrabanDam,チャクラバンダム,
cawaditi,チャタディティ,
cawat,チャット,
catus,チャトゥス,
caturdikkam,チャトゥルディカム,
Cannam,チャナム,
raTavft,チャリオテア,
caRqam,チャンダム,
caRqAlikAbanDam,チャンダリカバンダム,
caRqI,チャンディ,
CambaMkAram,チャンバカラム,
curcura,チャーチャー,
cOraMkAram,チョウランカラム,
coraMkAram,チョランカラム,
cirarAtram,チラトラム,
ciram,チラム,
ciravelayA,チルベラヤ,
cireRa,チレン,
ciYciRI,チンチーニ,
durAkroSam,デュラクロシャム,
durokam,デュロカム,
tURI,トゥニ,
tUyam,トゥヤム,
tUrA,トゥーラ,
trEDam,トライアドハム,
turaMgIBUya,トランペット,
triguRam,トリグナム,
trizavaRam,トリサバナム,
triSas,トリシャ,
tris,トリス,
tritas,トリタス,
trawattrawiti,トリック,
tryavaram,トリバラム,
tfpalam,トリパラム,
tfpram,トリプラム,
tripuruzam,トリプルサム,
treDA,トレダ,
tvE,トワイ,
DfzRu,ドリシュヌ,
Druvase,ドルヴァーゼ,
nitarAm,ナイトラム,
naKAnaKi,ナカンキ,
nakis,ナキス,
nakim,ナキム,
naktayA,ナクタヤ,
nastas,ナスタ,
nacirAya,ナチライ,
naciram,ナチラム,
nAnAraTam,ナナーサム,
navIyasA,ナバヤサ,
navaram,ナバラム,
nAmatas,ナムタス,
navyasA,ナヴィア,
nikARamakzi,ニカマクシ,
nikucyakarRi,ニクチャヤカルニ,
niHzAmam,ニシャマム,
nis,ニス,
nicakrayA,ニチャクラヤ,
niRik,ニニック,
nipalASam,ニパラシャム,
nyak,ニャク,
nyantena,ニャンテン,
nyUNKam,ニューカム,
nirvaruRam,ニルバルナム,
nirvikalpam,ニルビカルパム,
nirAmayam,ニルマヤム,
nireke,ニレケ,
ned,ネッド,
noDA,ノダ,
knopam,ノパム,
ahaSSas,ノンストップ,
uccaSas,ハイパワー,
hEmahA,ハイマハ,
hAvu,ハウ,
huss,ハス,
sajozas,ハッピー,
suKatas,ハッピー,
hahAhA,ハハハ,
halA,ハラ,
hari,ハリ,
huruk,ハルク,
hanta,ハント,
harzyA,ハーシャ,
arDarcaSas,ハーフアーチ,
vOzaw,バザフ,
bastamAram,バスタマラム,
basri,バスリ,
BAnatas,コウモリ,
pfzWadeSe,PfzWadesa,
bata,バット,
BadrA,バドラ,
Badratas,B,
bAhAbAhavi,バハバビ,
bababA,ババ,
bAhUbAhavi,バフバハビ,
bAladarSam,バルダーサム,
balIyas,バリアス,
pAkatrA,パアクトラ,
pAkyA,パキヤ,
patsutas,パッツ,
pAtrAvaleham,パトラヴァレハム,
padmaSas,PadmaSS,
pARigrAham,パリグラハム,
pApayA,パパイヤ,
pApAvahIyam,パパバヒヤム,
pApayAmuyA,パパヤムヤ,
parAcEs,パラックス,
pArAvaryeRa,パラヴァリエ,
parogavyUti,パラプレジア,
parAri,パラリ,
parAN,パラン,
paryozWam,目的ワム,
pariGarGaram,パリガルグラマム,
paritas,有能,
paritrigartam,パリティグラムタム,
parIRasA,天使,
parihApya,回避可能,
paripAWena,大会,
parivizRu,状況,
paryak,毎日,
paryudayam,パリュダヤム,
parihvAlam,パリワラム,
paruSas,夫人,
parvaSas,フェスティバル,
parvatI,丘,
pAregaNgam,パラガンガム,
pAreSmaSAnam,パレサムサナム,
pAresinDu,パレシンドゥ,
pAretaraMgiRi,パレタランジーニ,
paredyus,パレダス,
paredyavi,パレディアビ,
pAreviSokam,パレビショカム,
parogozWam,パロゴシュタム,
parovaram,パロバラム,
paNkajalAvam,パンカジャラバム,
paNktiSas,パンクティシャス,
puYjaSas,パンジャシャ,
paYcavigrAham,パンチャビグラハム,
paras,パーズ,
yaTABAgaSas,パーツのように,
BAgAnuBAgena,パーツ別,
hIhI,ヒッヒッヒ,
hiraRyanikAzam,ヒラニャニカシャム,
hirakut,ヒルカット,
hiruk,ヒルク,
hina,ヒン,
hiN,ヒンジ,
hIz,ヒーシュ,
vikAratas,ビカラタス,
vigrAham,ビグラハム,
BIzA,ビシャ,
viSam,ビシャム,
dfn,ビジュアル,
vizuRak,ビジュアル,
Adfzwiprasaram,ビジョンの拡大,
bisalAvam,ビスラバム,
BItaMkAram,ビタンカラム,
BItitas,ビティタス,
vihA,ビハ,
viyatam,ビヤタム,
virasam,ビラサム,
pitftas,ピトリタス,
Duryavat,ピボットのように,
piRqI,ピンディ,
piRqatas,ピンデータ,
pinahya,ピンヒャ,
pIvarI,ピーリー,
Paw,ファット,
PAw,ファット,
anuvapram,ファローアップ,
CanacCaniti,フィルタリング,
Canne,フィルタリング,
pratikzetre,フィールドごと,
yaTAparva,フェスティバルごとに,
vinAkftya,フォームなし,
Penavat,フォームのように,
anuprapAtam,フォールアウト,The fallout
avapAtam,フォールアウト,The fallout
huqut,hoodut,
huquk,hooduk,
pAdatas,フッター,
padaGAtam,脳卒中,
hummA,フマ,
nirmakzikam,nirmakshikam,
hrOm,hrom,
hrum,hrum,
hrIm,Hreem,
huluhulu,huluhulu,
mitravat,フレンドリー,
plavavat,浮いた,
BUyasA,ストロー,
Buk,ブク,
BujABuji,サイドアーム,
BujopapIqam,bhujoppidam,
budDitas,知的,
drAk,ドラク,
BUnA,ロースト,
buvam,buvm,
BUmnA,ブムナ,
BUyaSas,豊富,
brahmatas,ブラフマタ,
brAhmaRasAt,brahminsat,
brAhmaRatrA,ブラフミントラ,
brAhmaRavedam,ブラマンベダム,
vipravat,反対,
brahmapurustAt,ブラマプルスタット,
prativiwapam,プラティビタパム,
pratiSAKam,プラティシャカム,
BUrigadgadam,bhurigadgadam,
BUriSas,茶色がかった,
BUridakziRam,ブリダクシナム,
BUr,茶色,
balbalAkAram,バルバラカラム,
stanitasuBagam,母乳,
Buvas,ブーバス,
puzpamATam,プッシュマサム,
putraDarmatas,義理の息子,
pUyamAnayavam,プーヤマヤバム,
purA,完了,
prEzam,プラシャム,
yaTAprEzam,早くも,
prakAmatas,どうやら,
prakAmam,プラカマム,
prakaraRatas,万一に備えて,
prakaraRaSas,ケースケース,
pragATakAram,プラガスカラム,
prAgapam,プラガパム,
prAgapavargam,プラガパヴァルガム,
pragalBam,プラガルバム,
prAgANgam,プラガンガム,
prAgdaRqam,プラグダンダム,
prAkSas,プラクシャ,
prAktarAm,プラクトラム,
prAkciram,プラクチラム,
prAguttaratas,早い,
pragrAham,プラガム,
prAsahA,プラサハ,
prasahya,分かりやすい,
prasAmi,プラサミ,
puraHsaram,プラサラム,
prasalavi,配達,
prAcEs,prachas,
praSAn,プラシャン,
prASu,プラシュ,
puraHSukram,逆行,
prajavam,prajvam,
puras,アワード,
puratas,古代,
pratamAm,プラタマン,
prataNkam,プラタカム,
pradakziRit,極周,
pradakziRam,プラダクシナム,
prAcA,プラチャ,
prAcA,プラチャ,
pracakzaRam,トレーニング,
prAcas,プラチャス,
pracatA,意識,
pratyurasam,pratyurasam,
pratilomatas,プラチロマタス,
pracintya,プラチンティ,
pratnaTA,プラナタサ,
pratnavat,プラットナバット,
pratyagam,プラティアガム,
pratyastam,プラティアスタム,
pratyarRam,プラティラナム,
pratyanilam,pratyanilam,
pratyanUkAntam,プラチュンカンタム,
pratyarham,プラティアラム,
pratyAlayam,プラティアラヤム,
pratyaMsam,プラティアンサム,
pratikaRWam,期待,
pratikaRWikayA,抗凝固剤,
pratigu,反対,
prAtisatvanam,プラティサトヴァナム,
pratisadma,アンチテーゼ,
pratisvAhAkAram,プラティスバハカラム,
pratitarAm,プラティラム,
pratitaru,偽造,
pratiBAtas,天才,
prativahnipradakziRam,Prativahnipradakshinam,
pratipadmam,pratipadmam,
pratipad,期待,
pratIpam,プラティパム,
prativizRu,プラティビシュヌ,
prativipASam,拮抗,
pratipraRavam,プラティプラナム,
pratiprAni,拮抗,
pratipezam,期待,
pratimAtf,アイドル,
pratimanvantaram,プラティマンヴァンタラム,
pratimanvantare,pratimanvantare,
pratiyAmini,プラティアミニ,
pratiyUpam,プラティユパム,
pratyfcam,pratyacham,
prativanam,プラティバナム,
pradivi,プラディヴィ,
prAdur,プロドラッグ,
pradozam,プラドシャム,
purARavat,神話,
prARaBakzam,生命を脅かす,
prARAyAmaSas,プラナヤマシャ,
praRItAkAle,プラニタカレ,
prabAhukam,プラバフカム,
prabAhuk,プラバフク,
pravarham,プラバーハム,
prapadam,プラパダム,
prahelayA,プラヘラヤ,
pravaRe,傾向がある,
pramARAyAmatas,プラマナヤマット,
prame,愛,
pramfgam,プラムリガム,
prAyas,頻繁,
praraTam,最初,
pralAyam,プララヤム,
priyaDA,プリヤダ,
yaTApraDAnam,プライムとして,
puruzatrA,マレフィック,
puruDa,男,
purutrA,プルトラ,
purUruRA,プルルナ,
preDA,プレダ,
preRA,プレナ,
pram,プレム,
peSalam,ペスラム,
yaTApuroqASam,ヤスプロダシャム,
proQam,プロダム,
plok,plok,
yaTAcoditam,アスコジタム,
PumPuA,phumfua,
pratikuRqam,プラティクンダム,
hahe,おい,
keSagrAham,ケシュグラハム,
hInADike,Heenadhike,
sarpasAt,スネークバイト,
hemavat,ヘムバット,
vegatas,速度,
Bedatas,貫通,
KAw,ベッド,
SayyotTAyam,ベッドから起きた,
va,ベンダー,
pezI,ペシ,
daRqakalitavat,ペナルティのように,
daRqopaGAtam,ペナルティ傷害,
parisIram,ペリセラム,
parinABi,ペリナベル,
parImaRi,ペリマニ,
parimuKam,ペリムカム,
pfzwitas,ページング,
hotrABiH,ホタビ：,
kuRqalI,ホロスコープ,
ho,ホー,
DftvA,ホールディング,
parigfhya,ホールディング,
boDatas,ボダタス,
SarIrabanDena,ボディボンドによる,
svErezu,ボランティアで,
pozam,ポシャム,
pyAw,ポット,
nitikti,ポリシー,
svalpatas,マイナー,
muKataHkAram,マウスピース,
mAkim,マキム,
mAciram,マキラム,
matsakASe,マサカシェ,
mazam,マシャム,
mAzaSas,マシュシャ,
camat,マジック,
mAsaDA,マスダ,
majmanA,マズマナ,
maTA,マタ,
mak,マック,
mAsaSas,マッシャ,
matipUrve,マティパーブ,
mAtratas,マトラタス,
mAtftas,マトルタス,
maDudoham,マドゥドハム,
madapawu,マドパトゥ,
madrik,マドリック,
madryadrik,マドリドリック,
madryak,マドリャク,
mAnatas,マナタ,
manAk,マナック,
manAnak,マナナック,
aprakawam,マニフェストなし,
manyutas,マニュタ,
manuvat,マヌーのように,
mahar,マハール,
mahi,マヒ,
maryatas,死,
mAMsatas,肉付き,
manmaSas,意図的に,
manTarAkzaram,マンタラクシャラム,
maRqalaSas,サークル,
mantravat,マントラバット,
mantravarjam,マントラの回避,
yaTAmantravarRam,マントラキャラクターとして,
mantratas,マントラタス,
maMhanA,マンナ,
mAnapuraHsaram,マンプラサラム,
vilInAkzaram,マージされた手紙,
miTus,ミサス,
miTuyA,ミツヤ,
miTu,ミトゥー,
miTU,ミトゥー,
mitraDA,友達,
maDyepadmam,ミドルパドマム,
kzIraleham,kshirleham,
sahasraBedaSas,ミレニアル,
mAzapezam,mashapesham,
muktAkalApI,オープンマインド,
muKatas,面と向かって,
mukte,自由,
muDA,ムダ,
muhustanEs,ムフスタナス,
muhur,ムフール,
mOlimAlA,ムーリマラ,
tantreRa,メカニズムによって,
medastas,メダスタス,
aBidUtam,メッセンジャー,
aBidUti,メッセンジャー,
yAvatsmfti,メモリまで,
yAdrADyam,メモリー,
puRyasamam,メリットに等しい,
sadyas,メンバー,
mehanA,メーナ,
has,モック,
yajussAt,ヤジュサット,
yatamaTA,ヤタマサ,
yaTAyatanAt,ヤタヤナから,
yadahar,ヤダハル,
yAt,ヤット,
yatiDA,ヤティダ,
januzA,ヤヌシャ,
yAvadvedam,ヤバドベダム,
yayAtivat,ヤヤティのように,
yuzmattas,ユズマット,
yUTaSas,ユースシャ,
upAke,ユーフェミズム,
yogatas,ヨガタス,
yok,ヨク,
yos,ヨス,
yoniSas,ヨニシャス,
yaTAdaDiBakzam,ヨーグルトイーターとして,
siMhAvalokanena,ライオンを見ることによって,
siMhAvalokananyAyena,ライオン観察の法則により,
lakzaRAlakzaRatas,ラクシャナラクシャナタス,
raGuyA,ラグヤ,
raTAgratas,ラサグラタス,
rASiSas,ラシシャ,
rAjitas,ラジタス,
rAjasAt,ラジャスから,
rajastas,ラジャスタ,
rAjatas,ラジャタス,
rasatas,ラスタ,
raTAraTi,ラタラティ,
rahastas,ラハスタ,
raBasA,ラバサ,
rUkzapezam,ラフペースト,
rAmadarSanAditas,ラマを見ることから,
rAvaw,ラワット,
fktas,リクタス,
fjUyA,リジュヤ,
tAlamAtram,リズムだけ,
yaTAsampad,リソースごとに,
ftayA,リタヤ,
fDak,リダック,
ftuSas,リツシャ,
ftekarmam,リテカルマ,
ftekarmam,リテカルマ,
fteyajYam,リテヤジナム,
ftena,リテン,
ftuTA,リトゥサ,
riham,リハム,
yaTopasmAram,リマインダーとして,
vimokam,リリース,
liNgatas,リンガタス,
liNgya,リンヤ,
rUpatas,ルパタス,
rUpaSas,ルプシャ,
nimUlam,ルートレス,
mUlakopadaMSam,ルート怒りの一口,
yaTAviDi,ルールに従って,
re,レイ,
rE,レイ,
paratas,レイヤー,
prasamIkzya,レビュー可能,
praticiti,レプリケーション,
kutastarAm,レベルはどこですか,
prativedam,レポート,
prativedAntam,レポート,
prativedaSAKam,レポートブランチ,
yAvadizwakam,レンガである限り,
daram,レート,
leham,レーム,
rocanA,ロチャナ,
SalAkApari,ロッキー,
loBatas,ロバタス,
lohitagaNgam,ロヒタガンガム,
sTAnivat,ローカルで,
nIcEHkAram,nichaih karam,
nIcakEs,ローキー,
roc,ローチ,
vAw,ワット,
vAritas,相続人,
vArdAlI,ワルダリ,
vE,それ,
vEkAlikam,ヴァイカリカム,
vEhAyasam,ヴァイハヤサム,
yonitas,膣,
vaSmasA,ヴァシュマサ,
vaSmasA,ヴァシュマサ,
vasUyA,ヴァスヤ,
vadi,もしも,
vahadgu,ワドグ,
varIyas,シニア,
varUTyadeSe,ヴァルシーの国で,
varDAya,ヴァルダヤ,
varRatas,ヴァルナタス,
vanDA,ヴァンダ,
vAt,ヴァータ,
vikzaRam,ヴィクシャナム,
viSaNkam,vishankam,
vizwI,ヴィシュティ,
vizRuvat,Vishnuvat,
viSlaTANgam,ヴィシュラタンガム,
viSvadAnIm,ヴィシュワダニム,
viSvyA,ヴィシュワヤ,
viSvAhA,ヴィシュワハ,
virUpatas,変形,
maDyevinDyAntar,ヴィンディアの真ん中で,
yaTAvedam,ヴェダのように,
vedyayA,ヴェディアヤ,
vEdikezu,ヴェーダで,
ekasTAne,一つの場所へ,
ekEkatra,一人一人,
nitatatapas,一定の厳しさ,
ekadA,一度,
ekavAre,一度,
ekakAlam,一度に,
sakfnmadvat,一度私のように,
muzwAmuzwi,一握りの拳,
muzwImuzwi,一握りの拳,
yadarTe,一方,
apareRa,一方で,
ekapakze,一方では,
ekaDA,一方通行,
yaTAkulam,一族として,
gotreRa,一族によって,
sarvAhRam,一日中,
aDiniSam,一晩,
sarvarAtram,一晩中,
ArAtrivivAsam,一晩滞在,
kzaRaSas,一瞬,
ekatra,一緒,
samBUya,一緒,
sArDam,一緒,
sADAraRyA,一般に,
sAmAnyapratipattipUrvam,一般的な仮定の前に,
sAmAnyatas,一般的に言えば,
aviparyAsam,一貫性がない,Inconsistent
asamaYjasam,一貫性がない,
tAratamyena,一貫性によって,
ayaTAmAtram,一貫性のない,
hastatrayasammite,三手サミットで,
trikftvas,三者,
apa,上,Up
uparizwAt,上から,
UrDvatas,上から,
SIrzatas,上から,
udApyAm,上げます,
yaTojjitam,上げられると,
UrDvaTA,上向き,
UrDvam,上向き,
pratyUrDvam,上向き,
prADvam,上向き,
UrDvaBaram,上向きの負荷,
uparijAnu,上膝,
ayaToktam,上記のように,
yaToktam,上記のように,
yaToditam,上記のように,
yaTopamuktam,上記のように,
uktavarjam,上記の除外,
uparinABi,上部おなか,
aDas,下,
nIcA,下,
nIcA,下,
aDastAt,下から,
avarastAt,下から,From the lower
nIcAt,下から,
nIcEs,下に,
aDaHkfzRAjinam,下に黒い鹿皮,
aDaspadam,下のステップ,
aDastAnnABi,下のネーブル,
aDoSvam,下の馬,
upapakzma,下まぶた,
aDastarAm,下位レベル,
nIcEstarAm,下位レベル,
avarArDam,下半分,
upatalpam,下塗り,
AjIrRAntam,下痢の終わり,
jaGanyam,下級者,
aDojAnu,下膝,
asarvaSas,不利に,
avyaBicArAt,不可侵性から,
avicCedena,不可分に,
avicCedAt,不可分性から,
akutas,不合理,
atarkitam,不合理,Unreasonable
ahEtukam,不合理,
nizamam,不均一,
amuvat,不変,
utkaRWAnirBaram,不安に依存,
AsamApti,不完全,
asamagram,不完全な,Incomplete
apasamam,不平等,Unequal
avizamam,不平等,
ayaTAvat,不当に,
nEkaDA,不必要,
asaMsvAdam,不快感,Unpleasantness
gUQam,不思議な,
gUQe,不思議な,
gUDatayA,不思議なことに,
taqataqiti,不整脈,
anyAyatas,不正,Injustices
AmaraRam,不死,
yaTADarmam,不法行為として,
avivekam,不注意,indiscretion
apramAdam,不注意ではない,Not carelessly
nastatas,不満,
amaravat,不滅,Immortal
asaScatA,不確実性,
asADu,不義,
anavAnam,不要,Unwanted
amiTyA,不誠実,
asadyas,不謹慎,
badvaSas,不運,
adattvA,与えることなく,without giving
vizvak,世界,
vfndaSas,世界,
lokasAt,世界から,
yAvatsaMsAram,世界が,
lokavat,世界のように,
sarvatodiSam,世界中の,
viSvatra,世界的に,
uBayapArSvatas,両側に,
uBayataHkAlam,両側の時間,
uBayatra,両方の場合において,
uBayArTam,両方の目的のために,
uBayedyus,両生類,
niHsADAram,並外れた,
samAntare,並行して,
aByantaratas,中から,
mIqam,中くらい,
maDyeSmaSAnam,中墓地,
maDyevArDi,中成長,
maDyemaDyamANgulikarpUram,中指と中指の樟脳,
bADitvA,中断する,
aviGnena,中断することなく,
nirviGnam,中断することなく,
nirviGnena,中断することなく,
vyasanAnantaram,中毒後,
maDyejaWaram,中腹部,
maDyenagaram,中都市,
yaTAmuKyam,主なものとして,
praDAnatas,主に,
muKyatas,主に,
yaTApraDAnatas,主に,
yaTAmuKyena,主に,
muKyaSas,主にShs,
AgrahAt,主張から,
AgraheRa,主張によって,
yaTAvizayam,主題に従って,
GuRAkzaravat,乗法の手紙のように,
navaDA,九倍,
navatiSas,九十九,
BEkzavat,乞食のように,
Suzkapezam,乾いた筋肉,
yaTAparyukzitam,乾燥しているので,
pratyagni,了承,
yaTAniruptam,予想外のように,
yaTAmanIzitam,予想外のように,
yaTekzitam,予想通り,
anavekzitam,予期しない,
taTyatas,事実上,
upaGAtam,事故,
projJya,事業,
prozya,事業,
dviviDA,二つ折り,
dvipuruzam,二人,
dvEDam,二元性,
dviDABAvam,二元性の欠如,
dvinavakftvas,二元論,
dvaMdvaSas,二元論的,
dvijAtisAt,二度生まれから,
dvyaham,二日,
dvyahAt,二日前,
dviDAkAram,二次元,
dveDAkAram,二次元,
dvitA,二番目,
dvitIyA,二番目,
dviDA,二重,
dveDA,二重,
dvitris,二重三角形,
anyonyatas,互いに,from each other
paYcaSas,五十五,
paYcASadDA,五十五,
paYcakftvas,五回,
paYcamam,五番目,
idA,井田,
upaSaradam,亜秋,
janAntikam,人々に,
janAntike,人々に,
aDyuzite,人が住んでいる,
puruzArTam,人のために,
AjIvitAntam,人生の終わり,
yAvadAyus,人生の限り,
manuzyat,人間,
manuzvat,人間,
manuzyatrA,人間では,
manuzyasAkzye,人間の証言で,
aDunA,今,
nyante,今,
etatkAlam,今がその時だ,
itaHpraBfti,今後,
paratra,今後,
adya,今日,today
adyEva,今日,Today
vESAKavadi,今日,
adyapraBfti,今日から,
adyapUrvam,今日の初め,Earlier today
adyApi,今日も,Even today
kftvas,仕事,
kAryavaSAt,仕事のため,
kAryArTam,仕事の目的のために,
kftvAya,仕事をする,
aDarasmAt,他から,from the other
nAnyatra,他ではない,
kaTaMtarAm,他には,
itaratas,他の,
itarad,他の,
yaTAsarvam,他のすべてのように,
akutaScid,他のどこにも,
nakutaScid,他のどこにも,
paravat,他のように,
itaredyus,他の人,
anyatra,他の場所,Elsewhere
aparatra,他の場所,Elsewhere
itaratra,他の場所,
parastarAm,他の層,
pradAnapUrvam,付与する前に,
pUrvatas,以前,
ayaTApUrvam,以前とは異なり,
pUrvakalpezu,以前のカルパスでは,
pUrvAByAsena,以前の練習で,
mfdupUrvam,以前はそっと,
kAmena,仮面,
niyuktam,任命,
avakASe,休暇中,
suzuptivat,休眠中のように,
maRqalIkAram,会衆,
saMvAdya,会話型,
cit,伝票,
cIt,伝票,
paramparam,伝統,
paramparatas,伝統的に,
yaTAsaMprezitam,伝達されたように,
nyUnam,低い,
yaTAnilayam,住居のように,
aDIvAsas,住所,
pratiSarIram,体あたり,
vapussAt,体から,
yaTAkAyam,体として,
yaTAgAtram,体として,
yaTAnikAyam,体として,
yaTASarIram,体として,
AdehadAham,体の燃焼,
kim,何,
vaw,何,
Satakftvas,何世紀にもわたって,
sahasraSas,何千もの,
katikftvas,何回,
anekakAlam,何度も,For many times
bahuvAram,何度も,
kAme,作品,
kAryatas,作品から,
yaTAkxpti,作成されたとおり,
viDAtfvaSAt,作成者のため,
kAmAya,作業用,
sasyAnte,作物の終わりに,
samupayozam,使ってみました,
yaTAprayogam,使用時,
niravaSezatas,例外なく,
niravaSezeRa,例外なく,
sApavAdam,例外を除いて,
AkrAntitas,侵略,
suviDam,便利に,
rakzaRArTam,保護のため,
yaTAsampratyayam,信じられないほど,
yaTASradDam,信仰に従って,
pratyayanam,信念,
viSrabDam,信頼できる,
viSvatas,信頼できる,
viSvastam,信頼できる,
viSvastavat,信頼できる,
niyatam,修繕,
aByAgAram,修道院,
anUci,個性的,
yaTAmAnam,値として,
vikzepam,偏向,
svasTam,健康,
pakzaSas,側,
mUrtitas,偶像化,
saMsargatas,偶然,
yAvatsampAtam,偶然の限り,
upadfzad,偶発,
CattrI,傘,
anuzWyA,儀式,
viDimantrapuraskftam,儀式のマントラで報われる,
dayApUrvam,優しさの前に,
prADAnyAt,優先順位のため,
uttamam,優秀な,
anaDas,元に戻す,Undoes
banDuvat,兄弟のように,
guruvat,先生のように,
prakASam,光,
yaTAlokam,光として,
anAmayatA,免疫,Immunity
nyakkftya,免罪,
sapakzapAtam,党派性,
yaTApraveSam,入力したとおり,
snAtvA,入浴後,
paramasarvatra,全体を通して,
sarvatodiSas,全方向性,
sarvaprakAram,全種類の,
samAnyA,全般的,
sarvANgam,全身,
kftsnaSas,全部,
sarvake,全部の,
lokasAkzikam,公の証人,
zaw,六,
zAw,六,
zazwis,六十六,
sopADi,共同タイトル,
saviSezatas,具体的には,
antarAtmezwakam,内側のセルフブリック,
antarjAnu,内側の膝,Inner knee
antaHpAdam,内側の足,The inner foot
antarhAsam,内向きに笑った,I laughed inwardly
antaHpariDi,内周,
antaHsenam,内軍,The inner army
antarA,内部,within
antaHkratu,内部の犠牲,Internal sacrifice
antaHsadas,内部メンバー,Internal members
antaHpaSu,内部動物,
antaHpratihAram,内部拘束,Internal restraint
antaHsalilam,内部水,Internal water
antarmuKam,内面,The inner face
yena,円,
punaraByAvartam,再び戻った,
punarAgranTam,再テキスト,
punastarAm,再レイヤー,
punaraByAGAram,再現,
pratiprasavam,再生,
pratiprasavam,再生,
punarnigranTam,再碑文,
punaraByAkAram,再練習,
narmArTam,冗談のために,
parihAsapUrvam,冗談の前に,
citram,写真,
nirmaTya,冷酷,
niraham,冷酷,
nirGfRam,冷酷に,
nirdayam,冷酷に,
sampramucya,凝集,
jaGanyatas,凶悪,
AdvAram,出入り口,
nikAzam,出口,
nikAma,出口,
bahizpaTam,出口パス,
kftahastavat,出来上がった手のように,
prajotpattyAnupUrvyeRa,出産順に,
apakrAmam,出発,The departure
prasTitam,出発,
prasTAnavat,出発のように,
cakzuzwas,分かりやすい,
pfTak,分ける,
praviBAgaSas,分割,
viBajya,分割,
aviBAgena,分割なし,
aRu,分子,
vitaram,分布,
aMSAMsi,分数,
savErAgyam,分離あり,
apfTak,切っても切れない,
avyavacCinnam,切っても切れない,
viTak,切り離された,
avyatizaNgam,切り離せない,
vicCidya,切断されました,
viyogatas,切断されました,
cire,切開,
AdO,初めに,
praTamatas,初めに,
sarvapraTamam,初めに,
antarvAvat,初めの,
navIyas,初心者,
navatiDA,初心者,
niRyam,判定,
aparam,別,Another
pfTakat,別々に,
pfTaktvatas,別々に,
pfTaktvaSas,別々に,
pfTaktvena,別々に,
prapfTak,別々に,
vfTak,別々に,
lABatAs,利点,
lABakAraRAt,利益のために,
Agamanatas,到着から,
samAsAdya,到達,
aniyantraRam,制御不能,Uncontrollable
asaMvyavahitam,制約なし,unconstrained
kzaRakzaRam,刻々,
apavAritam,削除,Removed
nirhftya,削除されました,
pUrvam,前,
pUrvakalpe,前のカルパで,
pUrvadehe,前の体で,
upapUrvarAtram,前の夜,
prAk,前へ,
aSrutavat,前代未聞,
asaMSrAvam,前代未聞,
anupUrveRa,前例に従って,
apUrvavat,前例のない,Unprecedentedly
apUrveRa,前例のない,
appUrvam,前例のない,Unprecedented
pUrvapaScAt,前後,
agram,前方,Forward
yaTopapadam,前置として,
pUrvataram,前者,
pUrvAparam,前者と後者,
puraScakram,前輪,
aparihIRakAlam,剥奪のない時間,
upaguru,副マスター,
uparAjam,副官,
pratisargam,副産物,
BinnakI,割合の,
nAwakI,劇的,
yAvadbalam,力がある限り,
balAt,力づくで,
taptam,加熱,
saMtvaritam,加速,
hInAtiriktakAle,劣った黒,
jaGanye,劣る,
hInatas,劣る,
sahAyArTam,助けのために,
aSrameRa,努力なしで,
kAmakArAt,労働者から,
kAmakAreRa,労働者によって,
kAmacAreRa,労働者によって,
yaTApraBAvam,効果ごとに,
savilakzam,効率的,
DfzatA,勇気,
aDyaDvam,勉強しましょう,
niScezwam,動かない,
jAnudaGne,動物,
paSuvat,動物のように,
paSumAreRa,動物を殺すことによって,
paSumAram,動物キラー,
paSutas,動物的,
vijayArTam,勝利のために,
svArTe,勝手に,
saDryak,勤勉,
avataram,化身,The incarnation
uttarAt,北から,
prAguttareRa,北東で,
pUrvottare,北東に,
uttarapurastAt,北正面から,
uttaratra,北部で,
uttareRa,北部で,
aviSezAt,区別なく,
nirviSezam,区別なく,
nirviSezeRa,区別なく,
cikitvit,医学的に,
daSapuruzam,十人,
suniBftam,十分に含まれている,
suvistIrRam,十分に拡張,
am,午前,Am
pUrvAhRakAle,午前中に,
sakAlam,午前中に,
subahu,午前中に,
prAhRam,午後,
prAhRe,午後に,
arDaSas,半世紀,
apyarDam,半分でも,
arDamAsaSas,半月,
arGApacayena,半消化による,
avarArDatas,半透過性,
saMhftayavam,協会,
sahAsahAkAram,協力,
dakziRAt,南から,
dakziRAt,南から,
dakziRit,南から,
dakziREH,南で,
dakziRatrA,南に,
dakziRena,南に,
dakziRApratyak,南向き,
prAgdakziRa,南東,
dakziRapUrveRa,南東向き,
dakziRe,南部で,
lIlAmAtreRa,単なる遊びで,
nAmamAtreRa,単に,
ekapadi,単音節,
ekapade,単音節,
hAram,危害,
gAQam,厚く,
kAryakAraRatas,原因と結果のために,
akAraRam,原因なし,
nirnimittam,原因なし,
nizkAraRam,原因なし,
pratiBAgaSas,参加者,
yaTAsaKyam,友人として,
sasaKi,友達,
saKivat,友達のように,
pratinyAyam,反判断,
viparyak,反対,
viparyAsam,反対,
vyatirekatas,反対,
viparItavat,反対に,
pratiSlokam,反対の詩,
pratipraSnam,反対の質問,
pratikAmam,反対の願い,
aBipfzWe,反対側,
parApfzWIBUtvA,反対側であること,
aparANmuKam,反対側を向いている,
pratyaDikaraRam,反対承認,
pratyupAsanam,反崇拝,
pratikriyam,反応,
pratiBayam,反恐怖,
pratikzapam,反撃,
pratihatya,反撃,
pratidantyanIkam,反歯の軍隊,
pratidevatam,反神,
pratidEvatam,反神,
prativAkyam,反論,
punarnivartam,反転,
pratimahAvyAhfti,反黙示録,
aBisaMsTam,収束,
pratyudaDi,収率,
samAhftya,収集,
yaTAsamuditam,収集されると,
yaTAgfhItam,取られたように,
punarAdAyam,取り戻します,
avigaRayya,取るに足らない,
yaTAprAptam,受け取ったまま,
prAptakAlam,受信時間,
yaTAmuKam,口のように,
muKamAtre,口の中だけ,
aDarAk,口紅,
vAcyavat,口頭で,
parAcInam,古代,
prAcInam,古代,
prAcIpratIcitas,古風な,
yaTAkroSam,叫びとして,
yaTAviBavasamBavAt,可能な限り,
yAvacCakyam,可能な限り,
yaTAsamayam,可能な限りタイムリー,
yaTAsUkzmam,可能な限り微妙,
yaTASrezWam,可能な限り最善,
yaTAviBavavistaram,可能な限り詳細,
yaTAviBavavistarEs,可能な限り詳細に,
yaTAviBavavistAram,可能性の範囲として,
padaSas,台座,
hak,右,
dakziRatas,右から,
yaTADikAram,右のように,
dakziRapaScAt,右後,
ekEkam,各,
pratyekaSas,各シャ,
pratigrAmasamIpam,各村に近い,
pratyaNkam,各桁,
viDitas,合法的に,
samAnam,同じこと,
yaTAsAma,同じように,
yaTAsamAnnAtam,同じように上昇,
samAnasUtranipAte,同じ式でdeclension,
AtmasAt,同化,
agreRa,同意する,Agreer
ekakAlikam,同時に,
yugapad,同時に,
yOgapadyena,同時に,
samanantaram,同時に,
samavAyatas,同時に,
tadvat,同様に,
sadfSam,同様に,
samam,同様に,
samAnatas,同様に,
samaBidrutam,同様に急いで,
samacaturaSrI,同様に賢い,
tulyam,同等,
tulyaSas,同等,
tulyavat,同等に,
tulyAntaram,同等の違い,
paryAyaSas,同義語,
nAma,名前,
nAmaTA,名前,
yaTAnAma,名前が示すように,
nAmagfhya,名前のない,
nAmAdeSam,名前の順序,
tu,君は,
sammIlya,含む,
sahitam,含む,
AsapiRqakriyAkarma,吸引アクション,
aBidozam,告発,
anupariDi,周囲,
paryastamayam,周囲,
yaTApariDi,周囲のように,
paripArSvatas,周辺機器,
yAvattarasam,味さえあれば,
rasavarjam,味の回避,
Svas,呼吸,
yaTAjYeyam,命令通り,
karuRam,哀れです,
yaTAguRam,品質に応じて,
guRaBedatas,品質の違いから,
aDarastAt,唇から,
aDarAt,唇から,
aDarAt,唇から,
TUtkftya,唾を吐く,
dikam,問題,
diktas,問題,
yaTarzi,善意,
tfzu,喉が渇いた,
pramodam,喜び,
saharzAkUtam,喜びで叫んだ,
priyArTam,喜びのために,
icCayA,喜んで,
halahalA,喧騒,
pArihAsyena,嘲笑によって,
paripanTam,回路,
parihftya,回避する,
parihAravat,回避策として,
yaTAdarSitam,図に示すように,
AkarRamUlam,図のルート,
dfQa,固い,
sat,土,
SanEstarAm,土曜日,
BUyizWaSas,地上兵器,
upavAya,地下鉄,
yaTApradeSam,地域ごとに,
prAntaBUmO,地方で,
BUDaraguhAntaratas,地熱,
upariBUmi,地表地,
yaTABUmi,地面のように,
ekarUpatas,均一に,
mUlatas,基本的,
nikazA,基準,
niDAya,基金,
pratiPalIkaraRam,報いる,
yaTAdeSakAladehAvasTAnaviSezam,場所、時間、体の特殊性に応じて,
sTAnatas,場所から,
yaTAsTAnam,場所ごとに,
nUnaBAvAt,塩が不足しているため,
anuBitti,壁,
TUt,壊れた,
Bagnayuge,壊れた時代に,
aviGnatas,壊れていない,
viplavatas,壊滅的,
sasvaram,声で,
yaTAsvaram,声のように,
vicetI,変,
guptaveze,変装した,
sAyam,夕方に,
sAyam,夕方に,
sAyAhnasamaye,夕方に,
sAyamprAtar,夕方の朝,
bahirvikAram,外乱,
bahirante,外側,
bahiHstomaBAgam,外側ストーマ部分,
bahirDA,外向き,
bahizkratu,外向的,
bahizpariDi,外周,
prakawI,外観,
prakarzAt,外観から,
prakarzeRa,外観によって,
vizwiBis,外観を損なう,
bAhyAntar,外部および内部,
bahizwAt,外部から,
bAhyAt,外部から,
bahirAtmam,外部の自己,
bahIrajju,外部コード,
bAhyatas,外部的に,
bAhyam,外部的に,
bAhye,外部的に,
bAhyena,外部的に,
bahirjAnu,外部膝,
bahiryoni,外部膣,
bahutrA,多くの,
anekatra,多くの場所で,In many places
nAtimAtram,多すぎない程度に,
bahu,多数,
anusanDyam,夜,
upasaMDyam,夜,
kzapaH,夜,
kzapaH,夜,
kzapA,夜,
naktam,夜,
naktaMdinam,夜と昼,
niSAniSam,夜と昼,
rAtriMdivA,夜と昼,
yaTAniSAntam,夜のように,
kzapAvasAne,夜の終わりに,
rAtriMdivam,夜は空です,
naktaMdivam,夜空,
sAntarnidAGajvaram,夜通しの熱,
svapnyayA,夢によって,
svapnaparyantam,夢まで,
svapnavat,夢みたい,
arAgadvezatas,夢中,
bfhat,大きい,
bfhatIkAram,大きい車,
uccEHSabdam,大きな音,
mahAsvanam,大きな音,
mahadAScaryam,大きな驚き,
SiTilam,大まかに,
samyak,大丈夫,
kuSalam,大丈夫だよ,
prOQasvaram,大人の声,
AvfdDabAlakam,大人の子供,
aBisaMDipUrvakam,大会前,
bAhulyena,大多数で,
bfhaddivezu,大天国で,
puYjIkftya,大文字,
DfzitA,大胆さ,
mantrivat,大臣のように,
prAcuryeRa,大量に,
svargahetO,天国のために,
svargArTam,天国のために,
Pat,太い,
Pet,太い,
UrurI,太もも,
UrUpapIqam,太ももの痛み,
Adityavat,太陽のように,
aByarkabimbam,太陽のイメージ,
asUryam,太陽はそうではありません,The sun is not
patIyas,夫,
BartfsAt,夫から,
lozwavat,失われたように,
nazwAtaNkam,失われた恐怖,
nazwASvadagDaraTavat,失われた馬と焼けた馬車のように,
aparyupya,失敗しました,Unsuccessful
nirgOravam,失礼に,
tirojanam,失踪,
vizamam,奇数,
ahfRIyamAnam,奪われていない,
yozitvA,女性であること,
stryAdivyatyAsam,女性と他の違い,
utkUlam,好ましい,
prADAnyatas,好ましい,
prADAnyena,好ましい,
kOtukAt,好奇心から,
sakOtUhalam,好奇心を持って,
izwatas,好意,
upAkzam,好意的,
sADuvat,好意的,
samoham,妄想,
AgarBam,妊娠,
gaBizak,妊娠中,
maDyeraRam,妥協点,
AdinAntam,始まりと終わり,
vyaBicAratas,姦淫から,
vyaBicArArTam,姦淫の目的で,
yavyABis,姦通,
sagOravam,威厳を持って,
vinodArTam,娯楽のために,
GfRA,嫌い,
tiras,嫌い,
yaTAbAlam,子どもの頃,
AbAlyam,子供時代,
nipatya,子孫,
saMtAnArTam,子孫のために,
yaTAyoni,子宮のように,
SukanalikAnyAyena,子豚の法則により,
barhaRAvat,孔雀のように,
mayUrikAbanDam,孔雀の絆,
astinAsti,存在しない,There is no existence
avidyamAnavat,存在しないかのように,as if it were non-existent
ekAntAt,孤独から,
aDyaDi,学期,
kuvid,学者,
vizvadryak,宇宙,
kzemayuktam,安全です,
saniSvAsam,安堵のため息をつく,
sTARuvat,安定したものとして,
nirAkulArTam,安心のために,
pUrRapAtravfttyA,完全な特性評価による,
sidDavat,完璧に,
sidDyarTam,完璧のために,
DarmAvirudDam,宗教に反する,
DarmArTam,宗教のために,
DarmatayA,宗教的に,
yaTAsampradAyam,宗派によると,
sTaSas,定常,
nityaSas,定期的,
vivakzAvaSAt,定義により,
parimARatas,定量的に,
dfzwAntatas,実例として,
yAvatkartf,実行者である限り,
tattvatas,実際、それは,
vastutas,実際、それは,
aByASe,実際には,
taTyena,実際には,
yaTArTatas,実際には,
vAstave,実際には,
yaTAvastu,実際のところ,
yaTAsAram,実際のところ,
vaSatas,実際のところ,
anAkzepam,客観化されていない,
pratisadanam,家ごと,
gehAnupraveSam,家に入る,
yaTAgfham,家のように,
antargfham,家のインテリア,
bahirgeham,家の外に,
kuwumbArTam,家族のために,
yaTAkulaDarmam,家族の宗教として,
pAtrI,容器,
pratipAtram,容器あたり,
saMdiSya,容疑者,
nizpratyUham,容赦ない,
nirdaram,容赦ない,
guptam,密かに,
GanI,密集,
atinidram,寝坊,Oversleep
atinidram,寝坊,Oversleep
atiSayanam,寝坊,
AyAmatas,寸法,
yaTAyatanam,寺院として,
samuddiSya,対処,
saMGAtam,対立,
yaTAsaMvAdam,対話のように,
pAtrItas,対象,
sAmantakena,封建領主によって,
saviSezam,専門で,
pfzwvA,尋ねる,
laGu,小さな,
upasamit,小委員会,
upaSiras,小見出し,
pizwasvedam,小麦粉の汗,
Izat,少し,
alpakAt,少しから,From a little
alpAt,少しから,From a little
nacirakAlam,少し前まで,
kiMcitpare,少し超えて,
lANgulegfhya,尻尾を持って,
mUtrasAt,尿から,
yAvattmUtam,尿さえ,
niGAtam,屈曲,
awwAlikAbanDam,屋根裏ダム,
yamasAt,山から,
maDyenadi,川の真ん中で,
prAN,州,
prAntatas,州から,
rAjyEkaSezeRa,州の残りの部分によって,
vAmayA,左,
vAmatas,左,
asavye,左に,on the left
apasavyena,左の方です,to the left
apasavyam,左利き,Left-handed
nipuRatas,巧みに,
vivekArTam,差別のために,
yaTApaRyam,市場のように,
pratyAvAsakam,帰国,
avikalpam,常に,Invariably
pratatam,常に,
prativasati,常駐,
kzemeRa,平和的に,
samaBUmi,平地,
samamBUmi,平地,
samAnitam,平準化,
avidUratas,平静な,
avyagram,平静な,Undisturbed
vazaw,年,
AvatsarAntam,年の終わり,
kAlakramAt,年代順に,
kAlakrameRa,年代順に,
yaTAvayas,年齢に応じて,
yaTAvayasam,年齢に応じて,
AnfSaMsyatas,幸せに,
suKam,幸福,
suKasuKena,幸福,
suKaSoBArTam,幸福と美しさのために,
suKArTam,幸福のために,
suKArTAya,幸福のために,
BAgyakrameRa,幸運,
BAgyavaSAt,幸運,
suBagam,幸運,
maNgalArTam,幸運のために,
maNgalecCAyE,幸運のために,
Badram,幸運を,
Badram,幸運を,
tanA,幹,
saMvargam,幹部,
pretavat,幽霊のように,
katiSas,幾つか,
vistftam,広範囲に,
upADitas,度度,
yaTADizRyam,座席として,
apazWu,廃棄物,
yaTABavanam,建物のように,
BavanmaDyam,建物の真ん中で,
yaTAsUtram,式に従って,
yaTAkfzwam,引き付けられるように,
savitarkam,引数付き,
sabalAtkAram,強いレイプ,
prabalam,強く,
balavat,強く,
sudfQam,強く,
balApakarzam,強制プル,
parAk,強大,
parAk,強大,
vyavagrAham,当惑,
svaBAvatas,当然,
citrI,形,
yaTAkAram,形ごとに,
pratikarma,影響,
vaprAntar,役職,
U,彼,
him,彼,
yaTAmati,彼が考えるように,
sabAzpagadgadam,彼の目に涙を浮かべて,
uBayAdanti,彼らは両方を食べる,
BasmAnti,彼らは灰です,
nijArTam,彼ら自身のために,
svaviDinA,彼自身のやり方で,
svaSaktyA,彼自身の力によって,
svaputravat,彼自身の息子のように,
svakAle,彼自身の時間で,
svayuktyA,彼自身の論理によって,
pratIkzya,待っています,
sampratIkzya,待っています,
vekawa,待つ,
anantaram,後,after
aciram,後で,
acirAt,後で,
acireRa,後で,
uttarakAlatas,後で,
uttarataHpaScAt,後で,
nacirAt,後で,
nacireRa,後で,
paScArDe,後半に,
uttarakAlam,後期,
anantarAyam,後者,The latter
uttarottaram,後者,
uttarAttAt,後者から,
paScAdakzam,後者は熟練しています,
paScAtkarRam,後耳,
anuvedyantam,従うべき,to be followed
purovat,従来通り,
pUrvavat,従来通り,
prAgvat,従来通り,
yaTApUrvakam,従来通り,
yaTApUrvam,従来通り,
niHSezatas,徹底的に,
yaTAcittam,心として,
yaTAmanasam,心として,
sarvahfdA,心のこもった,
hfttas,心臓,
hftsPowam,心臓発作,
cintAkftya,心配そうに,
unmattagaNgam,必死のガンガム,
DIram,忍耐,
saDEryam,忍耐強く,
asmfti,忘却,
tiraSci,忘却,
tiraScA,忘却,
vyastam,忙しい,
vyastikA,忙しい,
niSritya,応じて,
yaTASrAdDam,忠実に,
sarozasmitam,怒った笑顔で,
sakroDahAsam,怒って笑った,
prage,怒り,
prage,怒り,
sasaMramBam,怒りを込めて,
avicAram,思いもよらない,
yaTAsmfti,思い出したように,
tAvatkftvas,急,
tvarayA,急げ,
yaTAliNgam,性別による,
yaTAprakfti,性質上,
salajjitasnehakaruRam,恥ずかしがり屋の愛情深い思いやり,
yaTAsavam,息として,
putravat,息子のように,
putrarodam,息子の叫び,
BarBarA,息苦しい,
boDapUrvam,悟りの前に,
anapekzatvAt,悩まされていないので,Because it is unpexed
advezas,悪意,
duHSAkam,悲しい,
duHzWu,悲しい,
duHsTam,悲しい,
yaTAjozam,情熱として,
grahAya,惑星へ,
dus,惨めさ,
kfpaRam,惨めです,
viwapaSas,惨めな,
arTavat,意味のある,
arTArTam,意味のために,
arTakAraRAt,意味の理由で,
aBipretya,意図されました,
yaTABipretam,意図した通り,
yaTAsamIhitam,意図した通り,
yaToddeSam,意図した通り,
animittatas,意図しない,
aBiprayAyam,意図は,
anakasmAt,意外と,Unexpectedly
anapekzam,意外と,
apratIkzam,意外と,
priyeRa,愛する人,
premRA,愛を込めて,
anusneham,愛情を込めて,Affectionately
snehapUrvam,愛情を込めて,
anuBUya,感じた,
BAvatas,感情の,
BAvagamBIram,感情的に深刻,
sAvakASam,慎重に,
yaTAvyavahAram,慣習に従って,
sAntvayA,慰め,
sAntvatas,慰める,
pacCas,戻る,
prativftti,戻る,
svAmyarTam,所有権のために,
hastegfhya,手に持って,
antarhastam,手の内側,Inside the hand
pARyupaGAtam,手の怪我,
hastasaMDunakam,手の消毒剤,
pARimardam,手をこする,
hastagfhya,手をつないで,
karanyastakapolAntam,手を休ませた状態での額の端,
hastAhasti,手仕事,
suguptam,手入れの行き届いた,
pARyupakarzam,手描き,
hastavartam,手書き,
hastAvalehakam,手書き,
niHSalyam,手術なし,
aNgaSas,手足,
aNgasamAKyAyam,手足の説明,
pratiBAbalAt,才能のおかげで,
pratiBAvaSAt,才能のため,
pragfhya,把握,
yAvadgrahaRam,把握するまで,
nigfhya,抑制,
saMstaBya,抑制,
asaMroDena,抑制なし,
kzepRA,投げられる,
prakxptam,投影,
yaTAniveSam,投資ごとに,
pratipiRqam,抗体,
pratijanam,抗原,
pratiyoni,抗膣,
nizpratIkAram,抵抗しない,
nipIqitAlaktakavat,押された赤のように,
sanizpezam,押しつぶされて,
tAlI,拍手,
nirasya,拒否されました,
pratyAKyAyam,拒否されました,
Amantrya,招待,
nimantrya,招待,
prasArya,拡散可能,
yaTApradizwam,指定されたとおり,
yaToddizwam,指定されたとおり,
yaTAdizwam,指示通りに,
yaTAdeSam,指示通りに,
yaTAsaMdizwam,指示通りに,
yaTopadizwam,指示通りに,
yaTopadeSam,指示通りに,
pratyAtmyena,振り返りによって,
savepitam,振る,
anuspandyam,振動,vibrational
prakzipya,捨てる,
ananyayogam,排他的なヨガ,Exclusive Yoga
utsargam,排泄,
utsargatas,排泄物,
KaqgAKaqgi,採石場,
saMDitas,接合,
rahasyam,推理小説,
AkIrRe,描かれた,
yaTApradAnam,提供されたように,
prastAvatas,提案,
prastAvAnugatam,提案に続いて,
yaTAprastAvam,提案通り,
prastAvakrameRa,提案順に,
yaTAprastutam,提示されたとおり,
aBisaMhftya,撤退,
saMhriyamARabusam,撤退している茂み,
Buktavajjane,支払う,
upanadi,支流,
upanadi,支流,
aTAnantaram,攻撃後,After the attack
vigfhya,攻撃的,
parityaktam,放棄された,
parityajya,放棄された,
vidyAtas,教育,
pAdegfhya,教育学,
yaTopakIrRam,散らばって,
yaTAsamprakIrRam,散らばっているので,
satkftya,敬意を表して,
sahAdaram,敬意を表して,
sAdarapUrvakam,敬意を表して,
devatAtas,敬虔な,
sasvar,敬虔に,
katipayena,数人で,
saMKyAvat,数値的に,
SatasahasraDA,数十万人,
SatasahasraSas,数十万人,
sAhasraSas,数千人,
anekavAram,数回,Several times
saMKyAtas,数字,
saMKyASas,数字,
aBiSatru,敵,
pratiripu,敵,
SatrusAt,敵から,
SatrusammuKam,敵と向き合う,
Satruvat,敵のように,
aBimuKam,敵対的,
Satarudriyavat,敵対的,
Satrutas,敵対的,
nirvEram,敵意なしで,
saMvraScam,文化,
yaTAvarRaviDAnam,文字セットに従って,
akzaraSas,文字通り,
EkaDyatas,斉唱中,
pAkavat,料理のように,
tiryak,斜めに,
tiryak,斜めに,
tiryakkftya,斜めに,
antaHsAnu,斜面の内側,Inside the slope
antaratas,断続的に,Intermittently
antaratas,断続的に,Intermittently
aneva,新たに,Anew
navyavat,新品同様,
nvE,新着,
naBasvat,新着,
diSam,方向,
dakziRA,施し,
astam,日の入り,The sunset
grahaRAntam,日食の終わり,
AkIwapataMgapipIlakam,昆虫、蛾、蟻,
spazwam,明らかに,
sPuwam,明らかに,
SvaHpraBfti,明日から,
aharniSam,昼と夜,
ahorAtram,昼と夜,
dinanaktam,昼と夜,
divAnaktam,昼と夜,
divAniSam,昼と夜,
divArAtram,昼と夜,
avasare,時々,on occasion
nimittIkftya,時々,
kAlAt,時から,
yugaSaram,時代の矢,
AkalpAntam,時代の終わり,
akAlahInam,時期尚早,Prematurely
akAlikam,時期尚早,Prematurely
matipUrvam,時期尚早,
akAlakzepam,時期尚早の中断,
kAlam,時間,
yAvatkAlam,時間がある限り,
aDivelam,時間とともに,
kAlAntarAt,時間とともに,
kAlAntareRa,時間とともに,
samayAnusAreRa,時間に応じて,
kAlaparyayAt,時間の経過から,
avasavi,時間枠,
sADAraRam,普通,
sAmAnyam,普通,
sAmAnyadeSavat,普通の国のように,
uzRam,暖かい,
gAQataram,暗い,
tejizWam,最も明るい,
aBipriyatamam,最も望ましい,
atitamAm,最も極端な,The most extreme
tekzRizWam,最も鋭い,
UrDvakam,最上部,
Adyantavat,最初と最後のように,
praTamavirahe,最初の分離で,
aDimAtram,最大,
BUyizWam,最大,
paramArtavat,最大限の痛みのように,
antikAt,最寄りから,From the nearest
antikam,最寄りの,The nearest
jyezWatas,最年長から,
yaTAjyezWam,最年長として,
anujyezWam,最年長の,
jyezWam,最年長の,
paryante,最後まで,
Goram,最悪,
priyapriyeRa,最愛の人によって,
priyameDavat,最愛の犠牲のように,
gatadinam,最終日,
gatadivasam,最終日,
paramArTatas,最終的に,
pratIcInam,最西端,
upakUlatas,最適に,
paramatas,最高,
BUyizWena,最高によって,
SrezWatas,最高のは,
yAvaduttamam,最高の限り,
candrataram,月光,
somavat,月曜日のように,
mAzaprati,月額,
BuktamAtre,有料のみ,
dozatas,有罪,
anukAmam,望ましい,desirable
yAvadizwam,望む限り,
yAvadIpsitam,望む限り,
yaTAkAmam,望んだ通りに,
yaTABimatam,望んだ通りに,
yaTecCakam,望んだ通りに,
yaTepsayA,望んだ通りに,
yaTepsitam,望んだ通りに,
yaTezwatas,望んだ通りに,
yaTezwam,望んだ通りに,
prAtar,朝,
sahapUrvAhRam,朝,
subahuDA,朝,
pUrvAhRAparAhRayoH,朝と午後,
prAtastarAm,朝の層,
pratyASam,期待,
pratyAhuti,期待,
aBIkzRaSas,期待される,
sapratyASam,期待して,
yadavaDi,期間,
kAzWavat,木のように,
kAzWam,木材,
akftakAram,未完の事業,
anapayati,未払い,Unpays
avilagnam,未接続,Unattached
asaMsaktam,未接続,unattached
asaktam,未接続,Unattached
yaTAkanizWam,末っ子として,
yavizWavat,末っ子のように,
buk,本,
varUTaSas,本当,
yaTAsatyam,本当です,
svarUpatas,本来は,
yAvatsattvam,本質である限り,
aTarvavat,本質的に,
tattvena,本質的に,
pratigrAmam,村ごと,
bahirgrAmam,村の外,
grAmAnte,村の終わりに,
yaTApadam,条件に従って,
yaTAsaMDi,条約による,
yaTAgatam,来たとき,
yaTAgatena,来たとき,
yaTAgamam,来たとき,
A,来て,
Ake,来て,
pUrvAntatas,東から,
pUrvapaScimatas,東から西へ,
pUrvayAmye,東に,
pUrveRa,東に,
pUrveRa,東に,
prANmuKam,東向き,
pUrvyam,東部,
prAgudak,東部,
udagdvAram,東門,
tUrBis,松明,
PalayogAt,果物の組み合わせから,
dyE,染料,
AmUlam,根っ子,
nimUlakAzam,根本的な原因,
daRqavat,棒のように,
vana,森,
araRyavat,森のように,
anuvanAntam,森の終わり,The end of the forest
nirIkzayA,検査,
nirIkzya,検査,
vimfSya,検討中,
caramam,極端,
atyantAya,極端に,To the extreme
prIRayitvA,楽しい,
sahfzwakam,楽しいです,
priyakAraRAt,楽しい理由で,
aprayAsena,楽に,effortlessly
ayatnAt,楽に,effortlessly
ayatnena,楽に,effortlessly
yatnatas,楽に,
saSUlam,槍で,
nAnAnam,様々,
saMketapUrvakam,標識付き,
utseDavistAratas,標高延長,
aDikarRam,権威,
aDikftya,権限,
pArSvatas,横方向,
pArSvopapIqam,横方向の抑圧,
yaTOkasam,機会として,
prasaNgAnusaNgena,機会に,
yaTAvakASam,機会に応じて,
vinABAvam,欠席なし,
param,次,
tadAnIm,次に、,
paraHSvas,次の息,
aparaSvas,次の日,
aparaSvas,次の日,
paraSvas,次の日,
parAtaram,次の日,
tadanusaraRakrameRa,次の順序で,
kAmam,欲望,
kAmam,欲望,
tmanA,欲望,
DfzRuyA,欲望,
kAmAt,欲望から,
saspfham,欲望を持って,
niHspfham,欲求なし,
anupagItam,歌われていない,Unsung
divA,歌姫,
avAritam,止められない,Unstoppable
yaTAsTAne,正しい場所に,
asamyak,正しくない,Incorrect
AmaDyAhnam,正午,
mADyaMdinavat,正午のように,
viDivat,正式に,
nyAyatas,正当に,
satyatas,正直なところ,
catuzkarRatayA,正直に,
nipuRam,正確に,
nyAyam,正義,
nyAcam,正義,
purastAt,正面から,
SastrASastri,武装,
aTatu,歩く,walk
pARiGAtam,死,
mftyusAt,死から,
martyatrA,死すべき世界で,
mftyuhetave,死のために,
pretya,死んだ,
mftavat,死んだ男のように,
SaSvaDA,死体,
pariSezAt,残りから,
pAriSezyAt,残りから,
pariSezeRa,残りの部分で,
krUram,残酷,
krUrasarpavat,残酷なヘビのように,
kila,殺す,
vaDA,殺害,
mAtfnivAtam,母の風,
mAtfvat,母親のように,
svarAntare,母音の間隔で,
sarvavAram,毎回,
prativatsaram,毎年,
pratisaMvatsaram,毎年,
pratyabdam,毎年,
anudinam,毎日,Every day
anudivasam,毎日,Every day
nityadA,毎日,
prativAsaram,毎日,
prativAsare,毎日,
pratyaham,毎日,
nityakAlam,毎日の時間,
pratiniSam,毎晩,
pratirajani,毎晩,
pratisAyam,毎晩,
pratipuzyam,毎月,
pratipUrvAhRam,毎朝,
pratipraBAtam,毎朝,
viklI,毎週,
vizA,毒,
anupAtam,比率,The ratio
vyagram,気になる,
sacintAkulam,気になる,
sAvaDAnam,気をつけろ,
suKavat,気持ちよく,
jalasAt,水から,
jalapUrvakam,水が先行する,
udakapUrvakam,水で,
udakArTam,水のために,
pAnIyArTam,水のために,
vAripUrvam,水の前,
maDyejalAt,水の真ん中から,
maDyevAri,水の真ん中で,
udakAntam,水の終わり,
jalAntam,水の終わり,
buDe,水曜日,
anAdi,永遠,Eternal
SaSvat,永遠に,
sadA,永遠に,
SaSvattamam,永遠の最高,
nirUpya,決定,
nirvacanam,決定,
yaTAvyavasitam,決定されたように,
tUzRIMBAvam,沈黙,
tUzRIMBUya,沈黙する,
vimuktamOnam,沈黙を解放,
vagAhya,没入型,
Amajjam,没頭しました,
yaTopacAram,治療ごとに,
yaTAnyAyam,法令に従って,
viDivaSAt,法律のおかげで,
viDeyIBUya,法的に,
KarawaKarawA,泣き叫ぶ,
taskaravat,泥棒のように,
corakabanDam,泥棒の絆,
sAvajYam,注意,
sAvadAnam,注意,
tAvajjyok,注目すべき,
prakzAlya,洗える,
prakzAlanArTAya,洗浄用,
guhA,洞窟,
guhAkAram,洞窟,
yAvadAhUtasamplavam,洪水が呼ばれるまで,
yaTAvyutpatti,派生に従って,
vyutpattipakze,派生の側で,
DArAvartena,流暢に,
samudratas,海から,
sAgaravat,海のように,
maDyesamudram,海の真ん中,
AsamudrAntam,海の終わりに,
upasAgaram,海底,
navyase,海軍,
bahirvedi,浸出液,
nirvaRe,涅槃,
nirvApya,消火可能,
nirvApya,消火可能,
aprakASam,消灯,
dravat,液体,
dravyatas,液体,
drahyat,液体,
pArejalam,淡水,
pragAQam,深く,
dIrGaniSvasya,深呼吸,
BramAt,混乱から,
asaMBramam,混乱しない,
asaMBrAntam,混乱しない,
prasaktam,添付,
Asakti,添付ファイル,
AsaNgam,添付ファイル,
tarzam,渇き,
avakzAyam,減衰,
maNkzu,満州,
Atfpti,満足,
tfpat,満足し,
tfptam,満足し,
parituzya,満足し,
satfzRam,満足し,
yaTAtfpti,満足している,
anupUrvaSas,準備,
yaTAKAtam,溝のように,
sKalitasuBagam,滑って幸運,
prapAtam,滝,
sABinayam,演技で,
tIvram,激しく,
saniHSvAsam,激しく呼吸する,
ekAgratas,濃縮,
ekAgram,濃縮,
aDyagni,火,
agnisAt,火から,From the fire
yaTAgni,火として,
vahnisAkzikam,火の証人,
BasmasA,灰,
BasmasAt,灰から,
BasmAnte,灰の中,
vi,災い,
animizam,点滅,
animizam,点滅,
animizA,点滅,
kfte,為に,
yadfcCatas,無作為に,
nirvyAjam,無利子,
nirmaryAdam,無制限,
aparimitaDA,無制限に,
aparimitakftvas,無制限のkftvas,unlimited kftvas
apratikareRa,無反応,Unresponsive
anaparAdDam,無垢,
akzayyam,無尽蔵,
asaMKyaSas,無数の,
anapajayyam,無敵,Invincible
aDarmatas,無法,
ajYAnAt,無知から,from ignorance
avijYAnAt,無知から,from ignorance
yaTAjYAnam,無知として,
niranukroSatas,無能力,
pratilomAnulomatas,無脊椎動物,
avahelayA,無視されます,Ignored
avajYayA,無視して,
avAk,無言,
avAk,無言,
vyatizajya,無関係,
nirargalam,無関係です,
savElakzyasmitam,無関心な笑顔で,
anityam,無限に,Infinitely
aSezatas,無限に,
aSezam,無限に,
aSezeRa,無限に,
anantaHpAdam,無限の足,The infinite foot
vyarTam,無駄だ,
avfTA,無駄に,
vfTA,無駄に,
aDaredyus,焦り,
Basmatas,焼却,
avida,熱心な,Avid
sAnutarzam,熱意を持って,
yaTotsAham,熱狂的に,
dahanavat,燃焼のように,
pitrarTam,父のために,
pitfvat,父のように,
ekEkaSas,片手で,
paSu,牛,
gavArTam,牛のために,
gavArTe,牛のために,
yaTAgavam,牛のように,
godoham,牛の搾乳,
gomayapAyasIyanyAyavat,牛糞の法則のように,
kaTAprasaNgAt,物語の文脈から,
kaTAprasaNgena,物語の文脈で,
aviSezatas,特に,
yAjyAvat,特に,
viSezatas,特に,
viSezAt,特に,
viSezena,特に,
yaTAnyastam,特に明記されていないように,
aviSezeRa,特別なことなく,
ekapadam,特異,
Svavat,犬のように,
yaTAparADam,犯罪として,
unmattavat,狂人のように,
pramattavat,狂人のように,
lomatas,狐,
ekAntena,独りで,
BaktyA,献身的に,
vew,獣医,
fjuDA,率直さ,
yAvadrAjyam,王国である限り,
rAjavat,王様のように,
samprati,現在,
sAmpratam,現在,
vartamAnavat,現在のように,
sTalatas,現場で,
yaTArTatattvam,現実の本質,
ihasamaye,現時点では,
etatkzaRe,現時点では,
yaTAsTitam,現状のまま,
yaTAsTiti,現状のまま,
kAraRakAritam,理由による,
kiMnimittam,理由は何ですか,
akAraRAt,理由もなく,
akAraRe,理由もなく,
akAraRena,理由もなく,
nizkAraRAt,理由もなく,
jIvagrAham,生きている把握,
navaSas,生まれたばかり,
jIvanASam,生命の破壊,
avasalavi,生存,
janmajanmani,生後の誕生,
uccEHkAram,甲高い,
uccEstamAm,甲高い,
yaTApuruzam,男として,
naravat,男のように,
puruzatA,男らしさ,
puruzatvatvatA,男らしさ,
pUruzatvatA,男らしさ,
puMskftyA,男らしさによって,
paruSSas,男性,
puMsavat,男性として,
pumarTam,男性のために,
yaTApuMsam,男性のように,
puruzavAham,男性のキャリア,
puMvat,男性的,
pratinagaram,町ごと,
citrapadakramam,画像シーケンス,
SradDAmanasyA,畏敬の念,
naY,番号,
viDarmatas,異端,
uparoDam,異議,
apaSaNkam,疑いもなく,
aviSaNkitam,疑いもなく,
aSaNkitam,疑いもなく,
aBiSaNkitam,疑わしい,
praSnapUrvakam,疑わしい,
yaTAvyADi,病気ごとに,
savedanam,痛みを伴う,
utKAtam,発掘,
nirvyalIkatas,発泡性,
paryagnikriyamARe,発火したとき,
saMjvAlya,発火可能,
SatayAyinvat,百歳のように,
tvaMkftya,皮膚機能,
tvadrik,皮膚真菌症,
aDistri,監督,
aDihasti,監督,
agocareRa,目に見えない,
sAkzatam,目撃した,
sAkziptam,目撃した,
lakzaSas,目標,
aBilakzyam,目標は,
upadaSya,目的,
uddeSAt,目的から,
niruddeSam,目的なし,
uddeSena,目的のために,
asamakzam,目立たない,
pramuKatas,目立つ,
jAgfvi,目覚め,
vyAsajya,直径,
pratyarTam,直感に反する,
pratyak,直接,
pratyakzatas,直接,
pratyakzam,直接,
pratyakzAt,直接,
pratyakzeRa,直接,
sAkzAt,直接,
pratyakze,直接で,
pratyakzavat,直接のように,
pratyaksaMsTam,直接インストール,
yaTApratyakzadarSanam,直視として,
aBimuKe,直面している,
saBrUkzepam,眉をひそめている,
BrUvikzepam,眉をひそめる,
fju,真っ直ぐ,
sacamatkAram,真の奇跡,
maDyA,真ん中,
maDyatas,真ん中から,
maDyesaBam,真ん中のアセンブリ,
maDyepfzWam,真ん中のページ,
maDyeyajYam,真ん中の犠牲,
maDyenareSvarasaBam,真ん中の王の集会,
pratyagdakziRatas,真南から,
sacA,真実,
satyam,真実,
anftu,真実ではない,
satyavacanArTam,真実のために,
yaTArTam,真実は,
SlakzRam,眠いです,
akzinikARam,眼球,
animezam,瞬時に,
anukzaRam,瞬時に,
kzaRAt,瞬時に,
kzaReRa,瞬時に,
tatkzaRam,瞬時に,
tatkzaRAt,瞬時に,
tatkzaRe,瞬時に,
sapadi,瞬時に,
kzaRezu,瞬間に,
vyatizaNgam,矛盾,
aviparyayAt,矛盾から,From the inconsistency
SarasAt,矢印から,
ajYAtvA,知らずに,
ajYAnatas,知らず知らずのうちに,
yaTAvidyam,知られているように,
budDipUrvam,知性の前に,
yaTAgrahaRam,知覚されるように,
yaTABijYAyam,知覚されるように,
yaTAsaMvedam,知覚されるように,
yaTopalamBam,知覚されるように,
jYAnatas,知識がある,
yaTAprastaram,石として,
izitatvatA,石田ヴァータ,
aniSitam,研ぎ澄まされていない,
yaTADItam,研究されたように,
aDyantena,研究によって,
yAvadaDyayanam,研究まで,
dfQI,硬さ,
nUnam,確かに,
SizwArTam,礼儀正しさのために,
prAyaRAntam,祈りの終わり,
ASiraHpadam,祝福の言葉,
dEvatas,神,
devatA,神々,
devapUrvakam,神々の前に,
devahitArTAya,神々の福祉のために,
yaTAdevatam,神として,
devavat,神のように,
divitmatA,神性,
devaSas,神様,
devatrA,神様,
miTatyA,神話,
miTas,神話,
yaTAvedi,祭壇として,
yaTAyUpam,祭壇のように,
vedivat,祭壇のように,
ni,禁止,
i,私,
JaN,私,
AdaSAham,私が最初です,
praTamAham,私が最初です,
yAvadicCam,私が望む限り,
yAvadAyuzam,私が生きている限り,
yAvadgamam,私が行くことができる限り,
asmadvat,私たちのような,Like us
madarTam,私のため,
madvat,私のような,
matsamakzam,私の目の前で,
yAvaduktam,私の知る限り,
madvacanAt,私の言葉から,
dvyahAtyAsam,私は2人の殺し屋です,
anUcInAham,私はAnucInです,I am AnucIn
sadAham,私はいつも,
sadfgBavam,私は似たようになりました,
pratIkzam,私は待っています,
BItam,私は怖いです,
tUzRIm,私は沈黙している,
asAmi,私は違います,I am not
SaratpratIkzam,秋を待っています,
guhyam,秘密,
praSasya,称賛に値する,
calatpadam,移動ステップ,
yaTAbIjam,種として,
yaTAjAti,種によると,
bIjavat,種のように,
bIjANkuravat,種の芽のように,
bIjA,種子,
DAnyavat,穀物のように,
DAnyaDanatas,穀物の富,
aBinaBas,積分,
acCidreRa,穴なし,
paramam,究極,
AkASe,空に,
vyomamaDye,空に,
maDyevyoma,空の真ん中で,
samUlakAzam,空間全体,
akasmAt,突然,Suddenly
sTitvA,立っていた,
yaTADyAyam,章のように,
sasmeram,笑顔,
saprahAsam,笑顔で,
savikroSam,笑顔で,
savilakzasmitam,笑顔で笑う,
trayodaSaDA,第13部,
tftIyA,第3,
caturTakAlam,第4期,
caturTakAle,第4期,
tftIyam,第三に、,
pratyAvAsam,第三国定住,
dvitIyam,第二に、,
caturTam,第四に,
ityevamAdi,等々,
taTAviDam,等々,
peSI,筋,
uttaram,答え,
uttarA,答え,
yaTottaram,答えとして,
praSAsya,管理,
aYjasA,簡単に,
anAyAsena,簡単に,easily
cUrRI,粉,
cUrRaSas,粉,
cUrRapezam,粉末ペースト,
kaRe,粒子,
kaRvavat,粒子のように,
mftpiRqatas,粘土体から,
yaTAvIryam,精液として,
vizWAsAt,糞便から,
pratiSravAnte,約束の終わりに,
pratijYApUrvakam,約束を持って,
yaTApratijYam,約束通り,
SiKAvat,紋章のように,
pavitrI,純度,
nirvyalIkam,紛れもない,
kzipram,素早く,
kziprAt,素早く,
kzipre,素早く,
tUrRam,素早く,
tvaritam,素早く,
drutam,素早く,
satvaritam,素早く,
mahAsAhasikatayA,素晴らしい冒険で,
AviHsUrye,素晴らしい太陽,
sammugDam,素晴らしかった,
upapIqam,細分化,
upakalApam,細分類,
BadrayA,紳士,
samayA,終えた,
samayA,終えた,
antam,終わり,The end
Antam,終わり,
saMyuktam,組み合わせる,
SAstravat,経典のように,
SrutiprAmARyatas,経典の信憑性から,
SAstradarSanAt,経典の観点から,
dIrGI,経度,
mArgavartmasu,経路で,
anuBavam,経験,
granTibanDam,結び目はバインドされています,
dyugat,結合,
sapatnItas,結婚,
pariRayena,結婚によって,
yaTAparIttam,結局のところ,
yaTAsaMvfttam,結局のところ,
anusaMsarpam,結果,The consequence
Palatas,結果として,
yaTAPalam,結果として,
nipIqya,絞れる,
satataparigraham,絶え間ない結婚,
aviratam,絶え間なく,Unceasingly
aviralam,絶え間なく,Incessantly
avirAmam,絶え間なく,Incessantly
atyantam,絶対,absolutely
nirapekzam,絶対,
niScitam,絶対,
niScitya,絶対,
viniScitam,絶対,
sarvaTA,絶対,
anavaratam,継続的に,Continuously
nirantaram,継続的に,
upanivartam,続いて,
pratyanantaram,続いて,
ayA,綾,Aya
samUlaGAtam,総攻撃,
harile,緑,
sampAdam,編集,
saMkalA,編集済み,
aByASam,練習,
pratyaByAsam,練習,
vyAhAvam,練習,
aByASAt,練習から,
yaTAmaNgalam,縁起が良いので,
asakft,繰り返し,
pOnaHpunyena,繰り返し,
pApam,罪,
nyasya,置いた,
pUt,置く,
pratisTAnam,置換,
suzWu,罰金,
UlIBakzam,羊毛を食べる,
sundaram,美しい,
sAmarzahAsam,羨望の笑顔,
baDyatas,義務付けられた,
snuzAvat,義理の娘として,
aByarDas,習慣的,
anuvAte,翻訳,
anUdya,翻訳可能,Translatable
nirvicAram,考えずに,
avicAritam,考慮されていない,
SAstratas,聖書的に,
yaTASrutam,聞いたように,
yaTASrutam,聞いたように,
yaTASruti,聞いたように,
aSravaRAt,聞いていないから,
SravasyA,聴覚,
arTisAt,職人から,from the artisan
vfttyarTam,職業の目的のために,
yakfttas,肝臓,
jaWareRa,胃によって,
Ajanma,胎児,
hu,胡,
apadAntaram,脚注,The footnote
pAdAntikam,脚注,
pAdAntare,脚注で,
yaTopapAdam,脚注として,
nASatas,腐りやすい,
bAhUpapIqam,腕の痛み,
arbudaDA,腫瘍,
jaGanena,腰で,
udaratAqam,腹部の殴打,
aNga,臓器,Organs
saviSvAsam,自信を持って,
ativiSrabDam,自信過剰,
aTo,自動,Auto
svayuktitas,自営業,
svayam,自己,
anAtmavat,自己なしのように,as without self
AtmArTam,自己のために,
svaguRatas,自己品質,
Atmagatam,自己完結型,
svaprayogAt,自己実験から,
svastivAcya,自己申告,
prakftivat,自然のように,
svacCandatas,自由に,
svavIryatas,自発的に,
svecCayA,自発的に,
svecCAtas,自発的に,
svEreRa,自発的に,
svapozam,自給自足,
pfzWatas,舞台裏,
pfzWatoBAvam,舞台裏にいる,
yaTABAjanam,船ごとに,
Bala,良い,
sadfzwikzepam,良い目撃,
suvistaram,良い詳細,
sadaSvavat,良い馬のように,
yaTAvarRam,色ごとに,
KilI,花,
puzpavat,花のように,
vaDvA,花嫁,
srajivat,花輪のように,
taruRI,若い,
vayunaSas,若い,
alpam,若干,A little bit
yuvadrik,若者,
yaTAyUTam,若者として,
yUTapatisakASam,若者の司令官に,
duHKam,苦しむ,
kfcCrAt,苦労して,
kfcCreRa,苦労して,
yaTAkARqam,茎として,
BUrI,茶色,
praBUtaSas,荘厳な,
aviSrAmam,落ち着きのなさ,
niBftam,落ち着け,
pattas,葉,
samupajAtABiniveSam,蓄積されたの関与,
vyAlavat,蛇のように,
pataMgavat,蛾のように,
maDusAt,蜂蜜から,
maDuvat,蜂蜜のように,
pipIlikAvat,蟻のように,
valmIkaSfNgavat,蟻の角のように,
reKAmAtram,行だけ,
yaTAkftam,行われたように,
Ayojanam,行事,
vyavahAram,行動,
vyavahAratas,行動的に,
kftena,行為によって,
aBivyaktam,表現,
parivyaktam,表現,
nirvyaYjane,表現されていないで,
aDipuranDri,表皮,
yaTopasTitam,表示どおり,
aDiSrotram,表面的な耳,
pIqitam,被害者,
apasalavi,裁定者,
saSfNgArakam,装飾付き,
samAsavyAsayogatas,複合直径の組み合わせ,
bAhulkAt,複数から,
bahuvrIhivat,複数のように,
bahuprakAram,複数のタイプ,
bahuviDam,複数の品種,
pratikalpam,複製,
prajanArTam,複製用,
jawilI,複雑,
puraskftam,褒賞,
paScimatas,西から,
paScime,西に,
paScimena,西側,
saMkzepam,要するに,
saMkzepatas,要するに、,
yaTAprArTitam,要求に応じて,
pracCAdya,覆われた,
anapanihitam,覆われていない,Uncovered
anapAvft,覆われていない,
anvAvftam,覆われていない,
Adfzwigocaram,見えない,
asmadryak,見苦しい,
dfSya,視力,
dfzwatas,視覚的に,
smAram,覚えて,
priyam,親愛なる,
yAvatsabanDu,親戚である限り,
darSanArTam,観光のために,
BramaRArTe,観光用,
anavekzam,観察されない,
avalokezu,観察では,
niravekzya,観察可能,
yaTAsaMkalpam,解決済み,
vAkyatas,言い回し的に,
arTatas,言い換えると,
tAtparyeRa,言い換えると,
yAvadvacanam,言葉が行く限り,
yaTAvacanam,言葉が進むにつれて,
SabdAnusAreRa,言葉によると,
sPuwaSabdam,言葉は非常に明確です,
amitam,計り知れない,Immeasurable
avamarSam,討論,
anuccEs,記事,
anumate,許可,Permitted
saMhanu,許容範囲,
sAkzivat,証人として,
pramARatas,証明,
samiti,評議会,
CandAt,詩から,
yaTACandasam,詩のように,
AKyayA,話,
kaTA,話,
lANgUlagfhya,該当する,
vistaraSas,詳細,
vistaratas,詳細に,
vratavat,誓いのように,
SapaTottaram,誓いの後,
saSapaTam,誓いを込めて,
yAvajjanma,誕生まで,
janmapraBfti,誕生以降,
anunayam,説得,Persuasion
vivftam,説明,
anAKyAya,説明のつかない,Unexplained
vivakzArTam,説明の目的で,
vyapadeSArTam,説明の目的で,
yaTApAWam,読んだように,
koRAkoRi,誰でも,
aviditam,誰でもない,nobody
svarucyA,調子,
asamavahitam,調整されていない,uncoordinated
anuniDAnam,調査,
kUjitavye,調理する,
sapraSrayam,謙虚に,
bahis,議論,
anavamarSam,議論されていない,
aDyakzaram,議長,
bAhulyAt,豊富なため,
yaTAvittam,財政に従って,
vittakAmyA,財政を求める,
saMnipatya,財産,
daridrIkftya,貧しい,
dInam,貧しい,
daridrI,貧困,
vikrayArTam,販売目的のため,
yaTAstut,賞賛されたように,
yaTAstutam,賞賛されたように,
saSlAGam,賞賛を込めて,
vicakzaRam,賢く,
abudDyA,賢明さ,
abudDipUrvam,賢明でない前に,
abudDipUrvakam,賢明ではない,Unwisely
avacakzaRam,賢明ではない,
yaTAprajYam,賢明なので,
matipUrvakam,賢明に,
yaTafzi,賢者として,
fzivat,賢者のように,
yaTApraSnam,質問によると,
praSnapUrvam,質問の前に,
vizu,赤道,
akAmatas,赤間田,Akamatas
utTAyotTAya,起きて起きなさい,
yaTotpatti,起源のように,
pare,超えて,
pareRa,超えて,
aDiBUtam,超自然的な,
pAramahaMsyapari,超越的,
parAkAttAt,超越的,
pAdahInAt,足の欠如から,
ApAdatalamastakam,足の裏は頭です,
paryAptam,足りる,
yaTezwi,足りる,
pAdagfhya,足を持って,
pAdaSas,足音,
dUrI,距離,
cakrI,車輪,
kzepIyas,軌道,
aYjanavat,軟膏のように,
DurA,軸,
akzasaNgam,軸ジャンクション,
akzapari,軸上,
nipAtya,軽快,
tizWadgu,軽蔑,
cawacawA,辛い,
kfSI,農業,
navyas,近々,
upAgatya,近づいています,
saMnikfzya,近づいています,
yaTAprapannam,近づくにつれて,
prativeSma,近所,
antike,近所の,nearby
idAnIm,近頃,
pratyAgamAvaDi,返品期間,
punardAya,返済,
yaTAprezitam,送信されたとおり,
yaTAniHsfptam,逃げたので,
anulomam,逆,The inverse
viparikrAmam,逆,
apamuKam,逆さまに,
pratikUlatas,逆に,
pratikUlam,逆に,
pratilomena,逆に,
pratipacanam,逆消化,
parIvartam,逆転,
pratyavaroham,逆降下,
prativAtam,逆風,
prativAte,逆風,
parisPuwam,透き通っています,
arDapaTe,途中で,
maDyekftya,途中で,
nirAbADam,途切れない,
niyamya,通常,
nAtidrutam,速すぎない,
anusaMhitam,連結,Consolidated
avyaBicAreRa,逸脱なし,
ativelam,遅すぎる,Too late
savilambam,遅れて,
vilambitam,遅延,
vilambya,遅延,
avilambitam,遅滞なく,Without delay
pUrvAditas,運命,
Pew,運命,
dEvayogena,運命によって,
dEvavaSAt,運命によって,
dEvayogAt,運命の偶然によって,
sarvadiNmuKam,遍在,
atidozam,過剰摂取,Overdose
aDivivAham,過剰結婚,
pUrvAparyeRa,過去と未来,
pUrvatra,過去に,
BUtyarTam,過去のために,
BUtavat,過去のように,
yaTApuram,過去のように,
ABUtasaMplavam,過去の洪水,
yAvadABUtasamplavam,過去の洪水まで,
atimAtram,過度に,Excessively
atiSayam,過度に,
atiSayena,過度に,
atimaryAdam,過度の制限,Excessive limits
atipraRudya,過度の反発,
atihimam,過度の雪,Excessive snow
aBitigmaraSmi,過敏症,
atitarAm,過激,
barhizWam,過激派,
maDyeraTyam,道の真ん中,
paTimaDye,道の真ん中で,
niDApya,達成可能,
antaram,違い,The difference
vyatyAsam,違い,
vilaNGayitvA,違反,
aviDinA,違法に,
aviDipUrvakam,違法に,
dUram,遠い,
sudUram,遠く,
adUrAt,遠くから,From a distance
dUratas,遠くから,
dUrAt,遠くから,
dUreRa,遠くから,
avidUram,遠くないです,Not far away
avidUre,遠くないです,Not far away
avidUrAt,遠くないところから,from not far away
yuktarUpam,適切なフォーム,
AnukUlyatas,適切に,
yaTAnyuptam,適切に,
yaTAyuktam,適切に,
yaTAyogam,適切に,
yaTAyogam,適切に,
yaTAyogyam,適切に,
yaTArha,適切に,
yaTAvaSam,適切に,
yaTAviniyogam,適切に,
yaTAsaNgam,適切に,
yaTocitam,適切に,
yaTopajozam,適切に,
yaTopapatti,適切に,
anukalam,適合しました,adapted
yAmyatas,適当な注意,
avaSezam,遺跡,
nizparIhAram,避けられない,
SaraRArTam,避難のために,
upanagaram,郊外,
yaTAjanapadam,郡のように,
pAw,部,
BAgaSas,部,
upAntikAt,部下から,
yaTABAgam,部分によると,
viBAgatas,部門,
viBAgaSas,部門,
yaTAviBAgam,部門ごとに,
nagaradEvatavat,都市の神のように,
arare,配列,Array
vitarturam,配布する,
avicAraRAt,配慮の欠如から,
pItvA,酔っ払い,
vipakzatas,野党から,
SAkaprati,野菜あたり,
mAtrAyAm,量で,
suvarRavat,金のように,
karaRqakavat,鍋のように,
dIrGam,長いです,
dIrGarAtram,長い夜,
cirarAtrAya,長い夜のために,
cirarAtrAya,長い夜のために,
dIrGocCvAsam,長い息,
vyAyatapAtam,長い秋,
aticirAt,長い間,
anekakAlAvaDi,長い間,
cirakAlam,長い間,
cirakAlAt,長い間,
cirakAlAya,長い間,
ciradivasam,長い間,
bahukAlam,長い間,
BUrikAlam,長い間,
nAtidIrGam,長すぎません,
aticiram,長すぎる,
Ayatam,長方形,
AyatayA,長方形,
AyatIsamam,長方形に等しい,
piDAya,閉まっている,
yaTAdIkzam,開始されたとおり,
nAticire,間もなく,
aparokzam,間接的に,
aparokzAt,間接的に,
asAkzAt,間接的に,
purokzam,間接的に,
miTyA,間違い,
mfzA,間違い,
avyalIkam,間違いない,Infallible
aSaNkam,間違いなく,
asaMdigDam,間違いなく,
asaMSayam,間違いなく,
niHSaNkam,間違いなく,
niHSaNkayA,間違いなく,
niHsaMdigDam,間違いなく,
niHsaMdeham,間違いなく,
niHsaMSayam,間違いなく,
nirASaNkam,間違いなく,
nirviSaNkam,間違いなく,
nirviSaNkam,間違いなく,
nirviSaNkena,間違いなく,
viSaNkayA,間違いなく,
visaMSayam,間違いなく,
amArgeRa,間違った方法で,
antarvaRam,間隔,
avaDi,間隔,
vyantarAm,間隔,
antarAlake,間隔の,of intervals
antarAle,間隔を置いて,at intervals
yaTAsambanDam,関係に従って,
asaNgena,関連付けなし,
pratirakzArTam,防衛のために,
ano,阿野,Ano
yAvadarTam,限り,
varjam,除外,
varjam,除外,
apavArya,除外可能,Excludable
BAjak,除数,
mfdBARqAvaSezam,陶器の残骸,
kulAlavat,陶芸家のように,
hfzwavat,陽気であるかのように,
nigUQam,隠れた,
samantikam,隣接,
sAMniDyatas,隣接,
vAgyatas,雄弁,
saMhftabusam,集めたバス,
saMhriyamARayavam,集められている大麦,
niyujya,雇用された,
niyogatas,雇用された,
kutsayA,雌犬,
varzAlI,雨の,
varzavat,雨のように,
pravfzwe,雨の中,
meGavat,雲のように,
taqit,雷,
taqiti,雷,
vidyutsampAtam,電気ショック,
kuhayA,霧,
tUzRIkam,静かに,
tUzRIkAm,静かに,
niHSabdam,静かに,
nisvaram,静かに,
mUkavat,静かに,
sTiritvA,静止,
avarzatarkye,非varshatarkyeで,
asaNgAt,非アタッチメントから,from non-attachment
AsaMsAram,非世俗的な,
nirmAnuze,非人間的,
atyarTam,非常に,
atyantaSas,非常にs,
atisAyam,非常に夕方,Very evening
bahuduHKavAsam,非常に悲惨な滞在,
atigAQam,非常に深いです,
aticirasya,非常に長い時間の,
apariBogam,非消費,
ayaTAtaTam,非現実的,
ayaTArTam,非現実的,
anizpattram,非生産的,
savyetaratas,非白,
asaMSravaRe,非聴覚で,
garhitam,非難,
asaMgItakam,非音楽的,Unmusical
carmavat,革のように,
navakftvas,革新,
saSabdam,音で,
akramaSas,順番に,
kramavat,順番に,
krameRa,順番に,
AdAya,領収書,
mUrDatas,頭から,
caturam,頭がいい,
caturam,頭がいい,
aDigfham,頭上の家,
yAvatkapAlam,頭蓋骨まで,
yaTAvftti,頻度に応じて,
bahuDA,頻繁に,
AmuKam,顔,
muKabAhUrupAdatas,顔、腕、太もも、足,
avyaktam,顕在化していない,The unmanifest
arvAc,願い,
vAyuvat,風のように,
vimAnavat,飛行機のように,
yaTABakzitam,食べたまま,
BuktvA,食べた後で,
yaTAsaBakzam,食べられるように,
punarAhAram,食べ直し,
apasPigam,食欲不振,
AkAlam,飢饉,
saSiraHkampam,首を振って,
rAjaDAnItas,首都から,
mA,馬,
vyaSvavat,馬のように,
aSvameDavat,馬の犠牲のように,
raTavat,馬車のように,
mUQavat,馬鹿のように,
cakitam,驚いた,
AScaryam,驚くべきことに,
sAScaryam,驚くべきことに,
apawIkzepeRa,驚くほど,
BaNgyantareRa,骨折の違いで,
SroRitas,骨盤,
SroRivarjam,骨盤の回避,
uccA,高い,
uccEs,高い,
yaTocCritam,高められたように,
atimAtraSas,高値,
uccakEs,高級,
bAl,髪,
AtmArTe,魂のために,
kUcid,魔女,
kukkuw,鶏肉,
kAle,黒,
sAnunAsyam,鼻の子孫と,
aBinAsikAvivaram,鼻腔,
nAsyagrAsam,鼻詰まり,