"1","gratis",無料,gratis
"2","pie",,pie
"3","abdicative",,abdicative
"4","lente",ゆっくり,slowly
"5","accurate",正確,accurate
"6","fere",一般的,generally
"7","absolute",絶対,absolutely
"8","eo",,eo
"9","accumulate",蓄積する,accumulate
"10","here",ここ,here
"11","imperative",命令,imperative
"12","qua",どこ,where
"13","rite",正式に,duly
"14","male",病気,sick
"17","sic",それで,so
"19","sat",座った,sat
"20","vero",確かに,indeed
"22","feminine",,feminine
"23","obsolete",廃止,obsolete
"25","gratuito",無償で,gratuitously
"26","ni",に,ni
"27","nove",小説,novel
"28","universe",宇宙,universe
"29","ne",しない,do not
"30","accommodate",収容,accommodate
"31","secure",安全,secure
"32","divine",神,divine
"33","pure",,pure
"34","impure",不純,impure
"35","plane",,plain
"38","secrete",分泌する,secrete
"40","nec",または,nor
"41","forte",偶然に,by chance
"43","mane",朝,morning
"44","erudite",,erudite
"45","grate",ありがたいことに,gratefully
"46","ubique",どこにでも,everywhere
"47","valde",非常に,very
"48","incontanter",ためらうことなく,without hesitation
"49","numquam",一度もない,never
"50","quotidie",毎日,everyday
"51","quotannis",毎年,every year
"52","dein",それから,then
"53","vane",,vane
"54","hodie",今日,today
"55","scilicet",明らかに,clearly
"56","jam",すでに,already
"57","ter",3回,three times
"58","umquam",これまで,ever
"59","active",,active
"60","raro",めったに,rarely
"61","alias",,alias
"62","alibi",他の場所,elsewhere
"63","amen",,Amen
"64","ample",十分な,ample
"65","ante",前,before
"66","large",大きい,large
"67","ibi",そこの,there
"68","finite",有限の,finite
"69","amare",愛する,to love
"70","hic",これ,this
"71","super",以上,over
"72","semper",いつも,always
"73","tenere",保持する,to hold
"74","relative",相対的,relative
"75","frustra",無駄に,in vain
"76","ut",,ut
"77","nunc",今,now
"78","latine",,Latin
"79","bene",良い,well
"80","ergo",したがって,therefore
"81","crebra",頻繁,frequent
"82","canatim",歌うことによって,by singing
"83","philosophe",哲学者,philosopher
"84","acervatim",組み合わせて,in a combined
"85","quadrupedatim",四肢,quadrupedate
"86","vermiculate",,vermiculate
"87","olim",一度,once
"88","una",一緒,together
"89","facile",簡単,easy
"90","haut",いいえ,not
"91","quaque",どこ,where
"92","undique",どこにでも,everywhere
"93","astute",巧みに,cleverly
"95","ridicule",ばかげて,ridiculously
"96","cavernatim",洞窟で,in caves
"97","undatim",,undatim
"98","Celtice",,Celtic
"99","Anglice",英語で,in English
"100","triste",悲しい,sad
"101","serene",穏やか,serene
"102","inflate",膨らませる,inflate
"103","rare",,rare
"104","nuncupative",代名詞で,by the pronoun
"107","tam",それで,so
"108","solum",それだけ,only
"109","ita",それで,so
"110","urbane",丁寧に,politely
"111","late",遅い,late
"112","caste",,caste
"113","considerate",検討,consider
"114","circa",その周り,around
"115","verbatim",逐語的,verbatim
"116","quid",何,what
"117","cur",,cur
"118","elate",,elate
"119","fuse",,fuse
"120","diverse",多様,diverse
"121","extra",外側,outside
"122","sane",もちろん,of course
"123","clam",密かに,secretly
"124","fortunate",幸運な,fortunate
"125","supra",その上,above
"126","infra",下,below
"127","cetera",残り,the rest
"128","mox",すぐ,soon
"129","repente",突然,suddenly
"130","furtim",こっそり,stealthily
"131","provide",提供,provide
"132","subito",突然,suddenly
"133","hoc",これ,this
"134","cito",早く,quickly
"135","denique",ついに,Finally
"136","quidem",確かに,indeed
"137","qui",誰,who
"138","temere",,random
"139","quando",いつ,when
"140","item",,item
"142","interim",その間,meanwhile
"143","humane",人道的,humane
"144","paene",ほとんど,almost
"146","post",後,after
"147","ubi",どこ,where
"148","nunquam",一度もない,never
"149","dense",密集,dense
"150","versus",対,versus
"151","grande",,grande
"152","futile",無駄,futile
"154","pone",場所,place
"155","dulce",甘い,sweet
"156","crudele",残酷,cruel
"157","distribute",分配,distribute
"158","belle",うまく,nicely
"159","ferme",ほとんど,almost
"160","opportune",,timely
"161","ornate",,elegantly
"162","heri",昨日,yesterday
"163","forsan",多分,perhaps
"164","certo",絶対に,definitely
"165","quoque",また,also
"166","merito",,merit
"167","cordate",心のこもった,hearty
"168","suave",甘い,sweet
"169","probe",調査,probe
"170","alio",別,another
"171","reflexive",反射的に,reflexively
"172","manifesto",明らかに,obviously
"173","ultra",もっと,more
"174","tranquillo",落ち着いて,calm
"175","contexte",,context
"176","utile",使える,useful
"177","primo",最初,first
"178","tandem",やっと,at last
"179","satis",可愛い,pretty
"180","falso",誤って,falsely
"181","sacrilege",不聖,unholy
"182","quondam",一度,once
"183","sincere",心から,sincerely
"184","transverse",横方向,transversely
"185","bis",2回,twice
"186","diffuse",拡散,diffuse
"187","Latine",,Latin
"188","como",,como
"190","ideo",したがって,therefore
"191","inde",それから,then
"192","continuo",継続する,continue
"193","contra",に対して,against
"194","retro",後方,backwards
"195","num",,num
"197","juxta",近く,near
"198","hau",,ha
"199","circum",円形,round
"200","recto",直腸,recto
"201","iam",今,now
"202","puta",,pose
"203","cras",明日,tomorrow
"204","tum",それから,then
"205","rursus",また,again
"206","deinde",それから,then
"207","fide",信仰,faith
"208","germane",,germane
"209","festive",お祭り,festive
"210","explicate",説明,explain
"211","parce",予備の,spare
"212","adhuc",まだ,still
"213","semel",一度,once
"214","tantum",それだけ,only
"215","praesto",,Excel
"216","propter",のために,on account of
"217","unde",どこから,whence
"218","idcirco",したがって,therefore
"219","expedite",迅速に,expeditiously
"220","ibid",同上,ibid
"221","ibidem",そこの,there
"222","neque",または,nor
"223","fortiter",勇敢に,bravely
"224","magnopere",大きく,greatly
"225","usque",まで,upto
"226","certe",もちろんです,certainly
"227","diu",長い時間,long time
"228","recte",正しく,correctly
"229","vere",本当に,truly
"230","celeriter",早く,quickly
"231","saepe",頻繁,often
"232","fideliter",忠実に,faithfully
"233","graviter",ひどく,severely
"234","dure",だいたい,roughly
"235","sapienter",賢明に,wisely
"236","etiam",平,even
"237","tarde",遅い,late
"238","nimium",過度に,too much
"239","prius",前,before
"240","scienter",故意に,knowingly
"241","modo",それだけ,only
"242","protinus",すぐに,immediately
"243","uti",使用する,use
"244","feliciter",幸せに,happily
"245","nimis",それも,too
"246","nuper",近々,lately
"247","itaque",したがって,therefore
"248","iterum",また,again
"249","asseverate",明らかに,clearly
"250","potius",それよりも,rather
"251","benefice",親切に,kindly
"252","difficile",難しい,difficult
"254","satin",大丈夫,all right
"255","romanice",,Romance
"256","sensate",賢明に,wisely
"257","recens",新鮮な,fresh
"259","circumcise",回路,circuitry
"260","mutuum",,loan
"261","passim",あちこち,here and there
"262","sis",,sis
"263","inductive",誘導,induction
"264","quo",どこ,where
"265","commode",快適に,comfortably
"266","interrogative",質問,interrogative
"267","hac",これ,this
"268","magis",もっと,more
"269","rapide",急速,rapidly
"270","videlicet",もちろん,of course
"271","foris",外側,outside
"272","sursum",上向き,upward
"273","aliunde",別のソースから,from another source
"274","perenne",永遠,everlasting
"275","lene",なだめる,soothing
"276","simul",一緒,together
"277","vulgo",一般的に,commonly
"278","sesqui",半分,half
"279","patrie",国,country
"280","porro",さらに遠く,further
"282","superbe",誇り,proud
"283","necessario",必要な,necessarily
"284","contente",,contente
"285","ferine",約,about
"286","obiter",ところで,by the way
"287","pacate",平和的に,peacefully
"288","impune",で逃げる,get away with
"289","statim",すぐに,immediately
"290","interea",その間,in the meantime
"291","quocum",誰と,with whom
"292","sacrate",神聖,sacred
"293","quomodo",どうやって,how
"294","abunde",たっぷり,abundantly
"295","vix",かろうじて,barely
"296","consulto",故意に,deliberately
"297","consulte",,consulte
"298","decore",美しさ,beauty
"299","hilare",元気に,cheerfully
"300","legitime",合法的に,legitimately
"301","libere",自由に,freely
"302","medie",真ん中,middle
"303","valide",有効に,validly
"304","vicies",20回,twenty times
"305","avare",貪欲に,greedily
"306","tunc",それから,then
"307","presse",,presse
"308","alte",高い,high
"309","intra",入力,enter
"311","adeo",それで,so
"312","instanter",緊急に,urgently
"313","casu",,chance
"315","secus",そうでなければ,otherwise
"316","paulisper",短時間,for a short time
"317","altum",高い,high
"319","fors",,chance
"320","anniversarie",記念日,anniversaries
"321","procul",遠い,far
"322","interne",初めの,internally
"323","enucleate",簡単,straightforward
"325","gradatim",徐々に,gradually
"326","longe",遠い,far
"327","plene",完全に,fully
"328","tute",あなた自身,yourself
"329","aperte",公然と,openly
"331","minime",全くない,not at all
"332","spisse",結び目,knotted
"333","leviter",少し,slightly
"334","perdite",必死に,desperately
"335","assidue",常に,constantly
"336","nonne",いいえ,not
"337","digne",価値がある,worthily
"338","neutro",どっちもない,neither of them
"339","animose",勇気を持って,courageously
"340","abhinc",前,ago
"341","stulte",あなたはばか,you fool
"342","horno",,horno
"343","intemperate",しつこく,intemperately
"344","sonore",可聴,audibly
"345","verum",,true
"346","necessarie",必要な,necessarily
"347","proprie",ちゃんと,properly
"348","mutuo",お互いに,one another
"349","aliquid",なにか,something
"350","clare",明らかに,clearly
"351","gravate",しぶしぶ,reluctantly
"352","incontra",対照的に,in contrast
"353","inaugurato",,inaugurato
"354","romane",ローマ人,roman
"355","superfluo",余剰,surplus
"357","perite",巧みに,expertly
"358","attente",注意深く,attentively
"359","avide",熱心に,eagerly
"360","beate",幸せに,happily
"361","blande",,smoothly
"362","caute",慎重に,cautiously
"363","contrarie",自己矛盾,self-contradictory
"364","copiose",たっぷり,copiously
"365","cruente",血まみれ,bloody
"366","generose",惜しみなく,generously
"367","gloriose",華やかに,gloriously
"368","idonee",適切に,suitably
"369","frequenter",頻繁に,frequently
"370","inique",不当に,unjustly
"371","integre",完全に,fully
"372","invidiose",嫉妬深く,jealously
"373","laboriose",痛々しいほど,painfully
"374","manifeste",明らかに,clearly
"375","misere",惨めに,miserably
"376","modeste",適度に,modestly
"377","mutua",共通の,mutual
"378","numerose",多数,numerous
"379","studiose",熱狂的に,enthusiastically
"380","tranquille",落ち着いて,calmly
"381","varie",いろいろ,variously
"382","iuxta",によると,according to
"383","perpetuo",永久に,perpetually
"384","perpetue",永遠に,forever
"385","duplicato",倍増,doubled
"386","perfacile",簡単に,easily
"387","fortuito",さりげなく,casually
"388","brevi",短い,short
"389","recta",右,right
"390","placide",落ち着いて,calmly
"391","divise",分ける,divide
"392","impraesentiarum",今のところ,for the present
"393","vicine",私の隣人,my neighbor
"394","lepide",機知に富んだ,wittily
"395","lubenter",大きな喜びをもって,with great pleasure
"396","libenter",喜んで,willingly
"397","liberaliter",自由に,freely
"398","laxe",ゆるく,loosely
"399","leniter",やさしく,gently
"400","porod",,porod
"401","nimirum",つまり,namely
"402","simpliciter",単に,simply
"403","amice",私の友人,my friend
"404","sortito",抽選で,by lot
"405","maledice",呪い,curse
"406","benedice",祝福する,bless
"407","temperi",,tempera
"408","nondum",まだ,not yet
"409","quin",確かに,indeed
"410","auspicato",幸いなことに,luckily
"411","deintus",内部から,from within
"413","parum",少し,little
"414","primum",初めて,for the first time
"415","sollerter",巧みに,cleverly
"416","sodes",お願いします,please
"417","augurato",鳥占い,augury
"418","perbene",結構,very well
"419","benigne",親切に,kindly
"420","egregie",素晴らしい,brilliant
"421","fraterne",兄弟的に,fraternally
"422","crebriter",頻繁に,frequently
"423","gelide",肌寒い,chilly
"424","confestim",すぐに,immediately
"425","livide",,livid
"426","huc",ここに,hither
"427","ilico",瞬時に,instantly
"428","nudius",前日,the day before
"429","quadrate",四角,square
"430","eminus",遠くから,from a distance
"432","ambigue",あいまいに,ambiguously
"433","benevole",慈悲深く,benevolently
"434","barbare",野蛮,barbaric
"435","ceu",なので,as
"436","facete",,humorously
"437","prope",選ぶ,close
"439","absurde",ばかげて,absurdly
"440","abscondite",密かに,secretly
"441","abundanter",たっぷり,abundantly
"442","abiecte",,abject
"443","abstinenter",むやみに,abstinently
"444","gravatim",ひどく,heavily
"445","fortasse",多分,perhaps
"446","bifariam",2つの方法で,in two ways
"447","bipartito",2列で,in two columns
"448","breviter",簡単に,briefly
"449","contemptim",軽蔑的に,contemptuously
"450","duriter",だいたい,roughly
"451","divinitus",神聖に,divinely
"452","divorse",離婚,divorse
"453","difficulter",難しいと思う,find it difficult
"454","difficiliter",苦労して,with difficulty
"455","occulte",密かに,secretly
"456","eadem",同じ,same
"457","exinde",そこから,thence
"458","haud",いいえ,no
"460","occulto",密かに,secretly
"461","quoquomodo",とにかく,in any way
"463","lenonice",なだめるように,soothingly
"466","dolose",騙して,deceitfully
"469","quidni",なぜだめですか,why not
"470","aliter",そうでなければ,otherwise
"473","formose",素晴らしい,lovely
"474","indebito",過度に,unduly
"475","indebite",過度に,unduly
"476","acerbe",皮肉,sarcasm
"477","amabo",私は愛します,I will love
"478","humaniter",親切に,kindly
"479","humanitus",人類,humanity
"480","humi",地上で,on the ground
"481","humiliter",謙虚に,humbly
"482","hostiliter",敵対的に,hostilely
"483","hinc",ここから,from here
"484","hiulce",ぎくしゃくした,jerky
"485","repens",,repens
"486","loquaciter",とりとめのない,rambling
"487","antea",以前,previously
"488","languide",かすかに,faintly
"489","callide",巧みに,cleverly
"490","accusatorie",告発者,the accuser
"491","hactenus",これまで,hitherto
"492","hauddum",まだ,still
"493","gregatim",群れで,in flocks
"494","granditer",,grand
"495","gratiis",ありがとう,thanks
"496","gravanter",ひどく,gravely
"497","forsit",問題,problem
"498","forsitan",多分,perhaps
"499","fortassis",多分,perhaps
"500","cruenter",血まみれ,bloodyly
"501","crudeliter",残酷に,Cruelly
"502","graciliter",優雅に,gracefully
"503","hilariter",元気に,cheerfully
"504","crebro",頻繁に,frequently
"505","crebre",頻繁,often
"507","uber",,uber
"508","amatorie",いちゃつく,flirting
"509","omnino",絶対,absolutely
"511","mecum",私と一緒に,with me
"512","tecum",あなたと,with you
"513","secum",彼と一緒に,with him
"514","nobiscum",私達と一緒に,with us
"515","vobiscum",あなたと,with you
"516","quicum",誰か,someone
"517","quibuscum",誰と,with whom
"518","longiter",長い道のり,long way
"519","satisne",足りる,enough
"520","satine",,satine
"522","pondo",重さ,weight
"524","tacite",静かに,silently
"525","emendate",正しく,correctly
"526","consolatorie",慰め,comforting
"528","ubinam",世界のどこに,where in the world
"529","ubicumque",どこでも,wherever
"532","diuturne",時間をかける,take the time
"533","foras",外側,outside
"534","lacrimose",涙ながらに,tearfully
"535","multo",多くの,much
"536","primitus",元は,originally
"537","nuncupatim",名前で,by name
"538","promiscue",無差別に,promiscuously
"539","salse",機知に富んだ,witty
"540","imperiose",ひどく,imperiously
"541","conserte",密接に,closely
"542","eapropter",そのため,for that reason
"543","improvide",意外と,unexpectedly
"544","propterea",したがって,therefore
"545","cupide",熱心に,eagerly
"546","litteratim",文字通り,literally
"547","millies",千回,a thousand times
"548","immodeste",卑猥に,indecently
"549","quare",どうして,why
"551","quoad",について,as to
"552","invise",訪問,visit
"553","eleganter",きちんと,neatly
"554","huiusmodi",そのような,such
"555","periculose",危険なほど,dangerously
"556","quemadmodum",同じように,just as
"557","comminus",,up close
"558","fanatice",狂信者,fanatic
"559","perridicule",ばかげて,ridiculously
"560","volup",喜び,pleasure
"561","vulgare",当たり前,commonplace
"563","abante",,abante
"564","abhorride",恐ろしく,horribly
"565","interdum",時折,sometimes
"566","praeclare",有名に,famously
"567","tanquam",なので,as
"568","nempe",本当に,truly
"569","numerositer",たくさん,numerously
"570","agminatim",列で,in columns
"571","spiritaliter",精神的に,spiritually
"572","coniecturaliter",推測的に,conjecturely
"573","sero",遅い,late
"574","zelanter",熱心に,zealously
"575","zonatim",,zonetim
"576","imprimis",特に,especially
"577","festiviter",,humorously
"578","denuo",また,again
"579","affabiliter",気さくに,affably
"580","tumultuose",無秩序,disorderly
"581","virulente",激しく,virulently
"582","quantumvis",でも,however
"583","illi",彼ら,they
"584","arroganter",,jumping
"585","interroganter",質問をする,ask questions
"586","rivatim",,rivatim
"587","longanimiter",辛抱強く待っています,waiting patiently
"588","longinque",遠くから,from afar
"589","longinquo",遠く,afar
"590","longiuscule",やや長い,somewhat long
"591","longule",,longule
"592","instructe",指示する,instruct
"593","caelitus",天から,from heaven
"594","coelitus",天から,from heaven
"595","abinde",そこから,from there
"596","posthac",今後,from now on
"597","pagatim",,pagatim
"598","dehinc",それから,then
"599","nequiquam",無駄に,in vain
"600","quadripartito",4倍,fourfold
"602","sicut",なので,as
"603","strenue",精力的に,vigorously
"604","circiter",その周り,around
"605","commodum",快適,convenience
"606","tumide",腫れ,swelling
"607","pudenter",勇敢に,brazenly
"608","pudice",適度に,modestly
"609","querule",,query
"610","prolixe",惜しみなく,lavishly
"611","injuste",不当に,unjustly
"612","deorsum",下,below
"613","vehementer",激しく,violently
"614","precative",,precative
"615","affecte",影響する,affecte
"616","dulciter",甘く,sweetly
"617","inceste",近親相姦,incestuous
"618","subter",下に,underneath
"619","illic",そこの,there
"620","istuc",何,what
"622","pacifice",平和的に,peacefully
"623","normaliter",通常は,normally
"624","prae",前,before
"625","condicionaliter",条件付きで,conditionally
"626","praeceps",急,steep
"627","futtile",無駄,futile
"628","palaestrice",,wrestling
"629","palaestricos",,wrestlers
"630","palam",公然と,openly
"631","propalam",公然と,openly
"632","palliolatim",,cloak
"633","membratim",手足ごと,limb by limb
"634","participialiter",部分的に,partially
"635","matronaliter",,matronly
"636","patrice",,patrice
"637","superne",その上,above
"638","nasute",,nasute
"639","pancratice",ただ素晴らしい,just wonderful
"640","aviditer",熱心に,eagerly
"641","avariter",貪欲に,greedily
"642","aventer",,Aventer
"643","imperiabiliter",帝国的に,imperially
"644","imperabiliter",ありえないほど,impossibly
"645","imperatorie",,imperiali
"646","paulo",少し,little
"647","quacum",なんでもいい,whatever
"648","cotidie",毎日,daily
"649","citra",こっち側,this side
"650","tempori",時間に,to time
"651","scite",巧みに,skillfully
"652","equidem",本当に,truly
"653","aeterno",永遠に,eternally
"654","aeternum",永遠の,forever
"655","ingeniose",巧みに,cleverly
"656","aliquando",時折,sometimes
"657","perpetuum",永遠に,forever
"658","illac",そちら側,over there
"659","tyrannice",専制的に,tyrannically
"660","adverbialiter",副詞的に,adverbially
"661","accommode",順応性,adaptably
"662","durabiliter",耐久性,durable
"663","acriter",精力的に,vigorously
"664","admirabiliter",見事に,admirably
"665","aeque",同様に,equally
"666","aequiter",同様に,equally
"667","aequabiliter",均等に広がる,spread evenly
"668","aequaliter",均等に,evenly
"669","amabiliter",愛想よく,amiably
"670","aniliter",老婆,an old woman
"671","atrociter",残酷に,brutally
"672","civiliter",丁寧に,politely
"673","benigniter",親切に,kindly
"674","blanditer",そっと,softly
"675","communiter",一般的に,commonly
"676","concorditer",調和して,harmoniously
"678","consulariter",領事ランクの,of consular rank
"679","contumaciter",反抗的に,defiantly
"680","credibiliter",確実に,credibly
"681","ultro",攻撃的,unsolicited
"682","continenter",常に,constantly
"683","subtus",下側に,on the underside
"684","iugiter",いつも,always
"685","agiliter",機敏に,nimbly
"686","dissimulanter",目立たない,unobtrusively
"687","dissimiliter",別の方法で,in a different way
"689","horribiliter",恐ろしく,horribly
"690","diligenter",気をつけて,carefully
"691","consentanee",快く,agreeably
"692","meridie",昼,noon
"693","multum",たくさんの,many
"694","bovatim",,bovatim
"695","velut",なので,like
"696","hospitaliter",おもてなし,hospitably
"697","irreparate",無礼,irreparate
"698","rursum",また,again
"699","fabre",芸術的に,artistically
"700","centraliter",中央で,centrally
"701","inurbane",失礼,rude
"702","gentiliter",異邦人,gentile
"703","gentilitus",異邦人,a gentile
"704","seniliter",昔から,oldly
"705","molliter",そっと,softly
"708","iudicialiter",司法的に,judicially
"709","oculariter",目で,with the eye
"710","somnialiter",夢,dreaming
"711","prave",間違って,wrongly
"712","sedulo",気をつけて,carefully
"713","extente",伸ばした,stretched out
"714","tantopere",そんなに,so much
"716","propius",近い,nearer
"717","signate",,thematically
"718","festinato",急いで,hurriedly
"719","adseverate",絶対に,definitely
"720","comiter",丁寧,courteous
"721","maxime",多くの,most
"722","praecipue",特に,especially
"723","praesertim",特に,especially
"724","singulariter",,uniquely
"725","critice",評論家,critic
"726","iure",右,right
"727","graece",,in Greek
"728","tertio",3回目,the third time
"729","illecebrose",魅惑的に,alluringly
"730","iracunde",情熱的に,passionately
"731","maeste",悲しいことに,sadly
"732","foede",恥ずかしそうに,disgracefully
"733","laete",陽気に,merrily
"734","ceterum",でも,however
"735","voluptuose",繊細に,delicately
"736","saeve",残酷に,cruelly
"737","obviam",会う,meet
"738","dubie",間違いなく,undoubtedly
"739","amoene",気持ちよく,pleasantly
"740","politice",政治的に,politically
"741","paulum",少し,a little
"742","iucunde",気持ちよく,pleasantly
"743","iocunde",気持ちよく,pleasantly
"744","producte",,producte
"745","oppido",町,town
"746","commodo",お願いします,please
"747","nihilo",なし,nothing
"748","decimum",10番目,tenth
"749","eodem",同じ,the same
"750","nocte",夜,night
"751","aegre",苦労して,with difficulty
"752","alicubi",どこか,somewhere
"753","aliquanto",幾分,somewhat
"754","aliquotiens",数回,several times
"755","vesperi",夜,evening
"756","honorifice",立派に,honorably
"757","paullo",少し,slightly
"758","praes",議長,presiding officer
"759","valenter",うるさい,loudly
"760","demum",ついに,finally
"761","illoc",,bargain
"762","interdiu",日中,during the day
"763","municipatim",すべての町で,in every town
"764","nonnumquam",時折,sometimes
"765","postea",その後,afterwards
"766","postremo",ついに,finally
"767","privatim",個人的に,privately
"768","quater",四回,four times
"769","quotiens",どのくらいの頻度で,how often
"770","sponte",自由に,freely
"771","viritim",,man to man
"772","nonnihil",幾分,somewhat
"773","aliqua",いくつかの,some
"774","aliquo",誰か,someone
"775","arcte",密接に,closely
"776","saltem",少なくとも,at least
"777","admodum",非常に,very
"778","cumque",ととして,and as
"779","duntaxat",ただ,just
"780","dumtaxat",それだけ,only
"781","ejusmodi",そのような,such
"782","eiusmodi",そのような,such a
"783","invicem",お互い,each other
"784","nihilominus",それでもないし,nevertheless
"785","partim",部分的に,partly
"786","paulatim",少しずつ,little by little
"787","paullatim",少しずつ,little by little
"788","proinde",したがって、,hence
"789","quamdiu",さよなら,so long
"790","quamvis",でも,however
"791","quatenus",ある程度,to the extent
"792","revera",実際には,In reality
"793","tantundem",同額,the same amount
"794","unquam",これまで,ever
"795","utrimque",両側に,on both sides
"796","abstractiter",抽象的に,abstractly
"797","adaeque",同様に,equally
"798","competenter",有能に,competently
"799","coniuncte",組み合わせて,in combination
"800","conjuncte",共同で,conjointly
"801","deinceps",前方,forward
"802","formaliter",正式に,formally
"803","huiuscemodi",このような,such as this
"804","iampridem",随分前,long ago
"805","pariter",同様に,equally
"806","permaxime",特に,especially
"807","philosophice",哲学的に,philosophically
"808","similiter",同様に,Similarly
"809","specialiter",特に,specially
"810","tamquam",なので,as
"811","unice",,uniquely
"812","universaliter",普遍的に,universally
"813","tantummodo",それだけ,only
"814","nequando",しないように,lest
"815","praeterea",そのほか,besides
"816","pretiose",非常に価値のある,very valuable
"817","pulchre",美しく,beautifully
"818","quocumque",どこでも,wherever
"819","sicuti",同じように,just as
"820","adfecte",影響を受けて,affectedly
"821","aliquamdiu",しばらくの間,some time
"822","aliquantum",幾分,somewhat
"823","aliquam",いくつかの,some
"824","antiquitus",古代,ancient times
"825","apte",ちゃんと,properly
"826","audacter",大胆に,boldly
"827","clementer",穏やかに,mildly
"828","retrorsum",後方,backward
"829","coniunctim",共同で,jointly
"830","conjunctim",共同で,jointly
"831","constanter",常に,constantly
"832","coram",前,before
"833","cuneatim",くさび,wedge
"834","derecto",完全に,outright
"835","desuper",その上,above
"836","eximie",例外的に,exceptionally
"837","pridem",随分前,long ago
"838","dius",神々,gods
"839","firmiter",しっかりと,firmly
"840","identidem",繰り返し,repeatedly
"841","impense",激しく,intensely
"842","imperite",知らず知らずのうちに,ignorantly
"843","iniussu",注文なし,without orders
"844","irridicule",笑いながら,laughably
"845","inridicule",ばかげて,ridiculously
"846","insolenter",奇妙なことに,oddly
"847","insuper",さらに,moreover
"848","introrsus",中身,inside
"849","introrsum",内向き,inward
"850","intus",中身,inside
"851","largiter",惜しみなく,generously
"852","mediocriter",適度に,moderately
"853","mobiliter",簡単に,easily
"854","necubi",どこでも,anywhere
"855","nequaquam",いいえ,no
"856","nominatim",名前で,by name
"857","nusquam",どこにも,nowhere
"858","penitus",深く,deeply
"859","pertinaciter",頑固に,stubbornly
"860","posteaquam",後,after
"861","postremum",ついに,finally
"862","postridie",次の日,the next day
"863","potissimum",特に,especially
"864","praeterquam",そのほか,besides
"865","pridie",前日,the day before
"866","profecto",もちろん,surely
"867","separatim",別々に,separately
"868","setius",以下,less
"869","singillatim",一つずつ,one by one
"870","sinistrorsus",左右,left and right
"871","siquidem",確かに,indeed
"872","suaviter",やさしく,gently
"873","tenuiter",少し,slightly
"874","tripertito",3つのセクションで,in three sections
"875","turmatim",膨大な数で,in vast numbers
"876","turpiter",恥ずかしそうに,shamefully
"877","tuto",安全な,a safe place
"878","voluntarie",自発的に,voluntarily
"879","utinam",ああ,oh
"880","vicem",場所を取る,take the place
"881","vicissim",一方で,on the other hand
"882","alioquin",そうでなければ,otherwise
"883","alioqui",そうでなければ,otherwise
"884","amodo",今後,from now on
"886","illuc",これ,thither
"887","intrinsecus",内向き,inwardly
"888","numquid",それは...ですか？,is it?
"889","peregre",遠くから,from afar
"890","quacumque",なんでもいい,whatever
"891","quaecumque",なんでもいい,whatever
"892","quamcumque",なんでもいい,whatever
"893","quoadusque",それまで,until
"894","quousque",どのぐらいの間,how long
"895","seorsum",離れて,apart
"896","septies",7回,seven times
"897","tolerabiliter",そこそこ,fairly well
"898","usquequo",どのぐらいの間,how long
"899","utique",もちろん,of course
"900","utraque",両方とも,both
"901","alterutrum",お互いに,one another
"902","alteruter",それらの中の一つ,one of them
"903","deterius",悪い,worse
"904","extrinsecus",外部から,from the outside
"905","qualiter",どうやって,how
"906","ingratis",恩知らず,ungrateful
"907","utiliter",有益に,profitably
"908","desursum",上から,from above
"909","immo",確かに,indeed
"910","superabundanter",極めて,exceedingly
"911","festinanter",早く,quickly
"912","corporaliter",物理的に,physically
"913","affluenter",惜しみなく,generously
"914","quapropter",したがって,therefore
"915","naturaliter",当然,naturally
"916","velociter",早く,quickly
"917","milies",千回,a thousand times
"918","quotienscumque",いつでも,whenever
"919","confidenter",自信を持って,confidently
"920","eandem",同じ,same
"921","easdem",同じ,same
"922","indesinenter",常に,constantly
"923","multifariam",多くの場所で,in many places
"924","ostentui",宣伝する,advertise
"925","adversum",敵対的,hostile
"926","solummodo",それだけ,only
"927","taliter",そのような方法で,in such a way
"928","inpraesentiarum",今のところは,for the moment
"929","ambitiose",野心的,ambitious
"930","exin",それから,then
"931","libentissime",最も喜んで,most willingly
"932","perperam",間違って,wrongly
"933","viriliter",男のように振る舞う,act like a man
"934","proculdubio",間違いない,no doubt
"935","funditus",根本的に,radically
"936","simitu",,simitu
"937","simitur",好き,likes
"938","sensim",徐々に,gradually
"939","saltim",少なくとも,at least
"940","tamdiu",さよなら,so long
"941","certatim",競争力のある,competitively
"942","illinc",反対側,on the other side
"943","divisim",別々に,separately
"944","nexabunde",開梱,unpacked
"945","explicanter",説明者,explainer
"946","familiariter",おなじみ,familiarly
"947","parumper",のために,for a
"948","attamen",それでもないし,nevertheless
"949","extemplo",すぐに,immediately
"950","forinsecus",外側に,on the outside
"951","iuge",毎日,daily
"952","magnifice",見事に,magnificently
"953","qualibet",各,each
"954","commixtim",,remixed
"955","commistim",群衆の中で,in a crowd
"956","neglegenter",不注意に,carelessly
"957","consequenter",その結果,consequently
"958","consideranter",考慮する,to consider
"959","consignate",著しく,markedly
"960","consimiliter",同様の方法で,in a similar manner
"961","adfluenter",たっぷり,abundantly
"962","adroganter",傲慢に,arrogantly
"963","assentatorie",お世辞に,flatteringly
"964","adsentatorie",お世辞に,flatteringly
"965","appetenter",熱心に,eagerly
"966","apprime",特に,especially
"967","adprime",特に,especially
"968","adsidue",常に,constantly
"969","asseveranter",彼は主張した,he insisted
"970","adseveranter",しつこく,insistently
"971","ardenter",熱心に,ardently
"972","amanter",愛情を込めて,lovingly
"973","articulatim",共同で,jointly
"974","aspere",だいたい,roughly
"975","astricte",,rigid
"976","amplifice",拡大,enlarge
"977","alicunde",どこか,somewhere
"978","aliquantisper",一瞬,momentarily
"979","adfatim",十分です,quite enough
"980","affatim",たっぷり,abundantly
"981","adfabre",芸術的に,artistically
"982","affabre",芸術的に,artistically
"983","actuose",積極的に,actively
"984","actutum",すぐにもどる,back soon
"985","aliorsum",ひねる,twist it
"986","aliovorsum",別の方向に,in another direction
"987","antehac",これまで,heretofore
"988","antidea",前,before
"989","audenter",大胆に,boldly
"990","cottidie",毎日,every day
"991","alternatim",交互に,alternately
"992","caesim",,hacking
"993","carptim",別のピース,separate pieces
"994","castellatim",城の中で,in a castle
"995","cautim",注意,cautim
"996","catervatim",,in groups
"997","convenienter",ぴったりと,fittingly
"998","cursim",急速,rapidly
"999","circumscripte",制限する,circumscribe
"1000","confertim",一緒に閉じる,close together
"1001","centuriatim",何世紀にもわたって,by centuries
"1002","dudum",ずっと前,long time ago
"1003","eatenus",それまで,until then
"1004","exsultim",喜びのために飛躍,leap for joy
"1005","exultim",飛躍,leap
"1006","generatim",一般に,in general
"1007","horsum",これに向けて,towards this
"1008","congruenter",一貫して,consistently
"1009","correpte",早く,quickly
"1010","concinne",きちんと,neatly
"1011","celeriuscule",かなり早く,rather quickly
"1012","centiens",1000万,ten million
"1013","centies",何百回も,hundreds of times
"1014","curiatim",中庭,courtyard
"1015","deciens",100万,one million
"1016","decies",100万,million
"1017","deorsus",下,beneath
"1018","derepente",突然,suddenly
"1019","dolenter",痛々しいほど,painfully
"1020","disiuncte",別々に,separately
"1021","dubitanter",ためらって,with hesitation
"1022","desperanter",必死に,desperately
"1023","dextrorsum",右の方へ,to the right
"1024","dextrorsus",右の方へ,to the right
"1025","dextrovorsum",右の方へ,to the right
"1026","dupliciter",2つの方法で,in two ways
"1027","efficaciter",効果的に,effectively
"1028","efficienter",効果的に,effectively
"1029","effrenate",露骨に,blatantly
"1030","enixe",ひたすら,earnestly
"1031","enodate",明らかにする,clarify
"1032","evidenter",明らかに,clearly
"1033","excellenter",見事に,excellently
"1034","fataliter",致命的に,fatally
"1035","feraciter",生産的に,productively
"1036","ferociter",激しく,fiercely
"1037","fidenter",自信を持って,confidently
"1038","flagitiose",悪名高い,infamously
"1039","flagranter",情熱的に,passionately
"1040","furialiter",猛烈に,furiously
"1041","generaliter",一般的,generally
"1042","genialiter",やさしく,genially
"1043","adubi",どこ,where
"1044","sinceriter",心から,sincerely
"1045","quinquies",五回,five times
"1046","septuagies",70,seventy
"1047","quamobrem",したがって,Wherefore
"1048","unianimiter",全会一致で,unanimously
"1049","istiusmodi",この種の,of this sort
"1050","memoriter",,from memory
"1051","quamlibet",でも,however
"1052","suppliciter",謙虚に,humbly
"1053","necnon",と同様,as well as
"1054","prorsus",まさに,exactly
"1055","fiducialiter",自信を持って,confidently
"1056","totiens",しばしば,so often
"1057","fraudulenter",騙して,deceitfully
"1058","procaciter",大胆に,boldly
"1059","prudenter",賢明に,wisely
"1060","quolibet",どんなときも,anytime
"1061","tripliciter",3つの方法で,in three ways
"1062","altrinsecus",両側に1つずつ,one on each side
"1063","audaciter",大胆に,boldly
"1064","cognoscibiliter",認識できるように,cognizably
"1065","cuiusmodi",どんな種類,what kind
"1066","vitiose",ぎこちなく,awkwardly
"1067","gallice",フランス語で,in French
"1068","infirmiter",弱く,weakly
"1069","inpune",免責,with impunity
"1070","insipienter",賢明ではない,unwisely
"1071","latenter",密かに,secretly
"1072","lycaonice",,lycaon
"1073","minutatim",,minute by minute
"1074","mirabiliter",素晴らしく,wonderfully
"1075","multipliciter",多くの点で,in many respects
"1076","nequiter",邪悪に,wickedly
"1077","noctu",夜,by night
"1078","particulatim",少しずつ,piece by piece
"1079","perendie",明後日,day after tomorrow
"1080","potenter",強力に,powerfully
"1081","quantocius",できるだけ早く,as quickly as possible
"1082","quinimmo",確かに,indeed
"1083","quoquam",どこでも,anywhere
"1084","raptim",急いで,hastily
"1085","segregatim",別々に,separately
"1086","sexies",6回,six times
"1087","sicine",もちろん,Surely
"1088","sicubi",どこでも,wherever
"1089","silenter",静かに,silently
"1090","utpote",なので,as
"1091","violenter",激しく,violently
"1092","mendaciter",嘘つき,lyingly
"1093","sufficienter",十分に,sufficiently
"1094","achariter",ひどく,bitterly
"1096","ignoranter",無意識のうちに,unknowingly
"1097","infideliter",信じられないほど,unbelievably
"1098","inpudenter",恥知らずに,shamelessly
"1099","impudenter",恥知らずに,shamelessly
"1100","propere",早く,quickly
"1101","quadrifariam",4倍,fourfold
"1102","radicitus",,radical
"1103","septempliciter",7倍,sevenfold
"1104","terribiliter",恐ろしく,fearfully
"1105","veluti",かのように,as if
"1106","consonanter",調和して,harmoniously
"1107","etiamnum",まだ,still
"1108","habitualiter",習慣的に,habitually
"1109","idipsum",同じこと,the same thing
"1110","incunctanter",ためらうことなく,without hesitation
"1111","inseparabiliter",不可分に,inseparably
"1112","litteraliter",文字通り,literally
"1113","originaliter",元は,originally
"1114","peculiariter",特に,specially
"1115","peramanter",愛情を込めて,lovingly
"1116","perinde",と同じ,the same as
"1117","personaliter",個人的に,personally
"1118","pluries",数回,several times
"1119","praecellenter",見事に,excellently
"1120","quodammodo",ある意味で,in a way
"1121","reapse",実際に,actually
"1122","salubriter",健康的に,healthily
"1123","sollemniter",粛々と,solemnly
"1124","summatim",要約する,summarize
"1125","summopere",何よりも,above all else
"1126","symbolice",象徴的に,symbolically
"1127","aliquantulum",少し,a little
"1128","aliquatenus",ある程度,to some extent
"1129","circulariter",循環的に,circularly
"1130","conformiter",順応して,conformably
"1131","foeliciter",幸せに,happily
"1132","haeretice",異端的に,heretically
"1133","hujusmodi",親切,kind
"1134","illibenter",喜んで,willingly
"1135","imo",,imo
"1136","impotenter",無謀に,recklessly
"1137","inaequaliter",不均一,unevenly
"1138","indifferenter",無関心に,indifferently
"1139","ineleganter",よいスタイル,good style
"1140","infallibiliter",間違いなく,infallibly
"1141","infeliciter",不幸にも,unfortunately
"1142","insigniter",模範的,exemplary
"1143","insimul",一緒,together
"1144","inutiliter",無駄に,to no avail
"1145","irregulariter",不規則に,irregularly
"1146","regulariter",定期的,regularly
"1147","itidem",同じく,likewise
"1148","jampridem",随分前,long ago
"1149","litterate",奨学金,scholarship
"1150","localiter",,locally
"1151","magistraliter",医者,doctor
"1152","neutiquam",決して,by no means
"1153","nonnunquam",時折,sometimes
"1154","noviter",新たに,newly
"1155","nullatenus",決して,by no means
"1156","nullibi",どこにも,nowhere
"1157","ordinatim",順番に,in order
"1158","perniciter",,wink
"1159","perpendiculariter",垂直に,vertically
"1160","praepropere",急いで,hastily
"1161","probabiliter",おそらく,probably
"1162","pueriliter",幼稚な,childishly
"1163","quantopere",いくら,how much
"1164","saepenumero",頻繁に,frequently
"1165","scholastice",学問的,scholastic
"1166","secius",そうでなければ,otherwise
"1167","sexagecuplum",60倍,sixtyfold
"1168","sigillatim",個別に,individually
"1169","sophistice",精神的に,sophistically
"1170","sparsim",あちこち,here and there
"1171","speciatim",特に,especially
"1172","strictim",しっかりと,tightly
"1173","subinde",ときどき,every now and then
"1174","subtiliter",うまく,nicely
"1175","trifariam",3つの部分に分かれています,divided into three parts
"1176","uniformiter",均一に,uniformly
"1177","usquam",どこでも,anywhere
"1178","cujusmodi",そのような,such as
"1179","quaelibet",どれか,any
"1180","quamprimum",できるだけ早く,as soon as possible
"1181","quovis",いつでも,at any point
"1182","sensibiliter",賢明に,sensibly
"1183","impigre",精力的に,energetically
"1184","licenter",自由に,freely
"1185","muliebriter",女性のように,like a woman
"1186","segniter",怠惰に,lazily
"1187","impariter",奇妙なことに,oddly
"1188","luculenter",明らかに,clearly
"1189","perquam",それを通して,through which
"1190","proin",したがって、,hence
"1191","propemodum",ほぼ,just about
"1192","quonam",どの方向に,in what direction
"1193","quorsum",どのような目的のために,for what purpose
"1194","quoties",どのくらいの頻度で,how often
"1195","rationaliter",合理的に,rationally
"1196","realiter",本当,really
"1197","simulac",すぐ,soon
"1198","toties",しばしば,so often
"1199","protenus",拡張,extended
"1200","uspiam",どこか,somewhere
"1201","circulatim",,in circles
"1202","vivaciter",にぎやか,lively
"1203","vulgariter",一般的に,commonly
"1204","cunctanter",躊躇して,hesitantly
"1205","dispersim",散らばって,scatteredly
"1206","ecquid",あなたじゃない,aren't you
"1207","ioculariter",陽気に,merrily
"1208","mordicus",一口,bite
"1209","notabiliter",注目を集める,attract attention
"1210","oppidatim",すべての町,every town
"1211","persaepe",頻繁,often
"1212","perseveranter",頑張って,perseveringly
"1213","plurifariam",多くの場所で,in many places
"1214","provinciatim",州で,in the province
"1215","quaterdecies",14回,fourteen times
"1216","quingenties",500万,five million
"1217","quinquiens",五回,five times
"1218","regionatim",地域間,between regions
"1219","sexagies",60回,sixty times
"1220","sexagiens",600万,six million
"1221","tricies",30回,thirty times
"1222","vicatim",通りから通りへ,from street to street
"1223","vivatim",にぎやか,lively
"1224","vixdum",かろうじて,barely
"1225","adhoc",これに,to this
"1226","cuicuimodi",あなたがどう思おうと,whatever you think
"1227","ecquando",これまで,ever
"1228","etiamnunc",今でも,Even now
"1229","iamdudum",ずっと前,long time ago
"1230","jamdudum",ずっと前,long time ago
"1231","imprudenter",うっかり,inadvertently
"1232","indiligenter",不注意に,carelessly
"1233","ingratiis",恩知らず,ungrateful
"1234","inhumaniter",非人道的,inhumanely
"1235","jucunde",楽しく,delightfully
"1236","miliens",千回,a thousand times
"1237","milliens",数え切れないほど,countless times
"1238","ostiatim",,door to door
"1239","pedetemptim",徐々に,gradually
"1240","perliberaliter",非常に寛大に,very liberally
"1241","permixtim",混合して,mixedly
"1242","perraro",めったにありません,very rarely
"1243","populariter",人気のある,popularly
"1244","quadringentiens",40万,four hundred thousand
"1245","quadringenties",400回,four hundred times
"1246","quindeciens",15回,fifteen times
"1247","quindecies",15回,fifteen times
"1248","quorsom",特に,particularly
"1249","sententiose",感傷的に,sententiously
"1250","tantisper",その間,while
"1251","triciens",300万,three million
"1252","incomposite",不規則,irregular
"1253","viciens",二百万,two million
"1254","examussim",まさに,exactly
"1255","peropportune",幸運なことに,fortunately
"1256","vigilanter",注意深く,watchfully
"1257","ducenties",200,two hundred
"1258","ducentiens",200,two hundred
"1259","promisce",無差別に,promiscuously
"1260","diffidenter",はっきりと,diffidently
"1261","inibi",その中で,therein
"1262","tributim",,tributim
"1263","inconstanter",一貫性のない,inconsistently
"1264","quadragies",400万,four million
"1265","quadragiens",40回,forty times
"1266","fallaciter",騙して,deceitfully
"1267","frugaliter",質素に,frugally
"1268","illim",,theym
"1269","perbreviter",非常に簡単に,very briefly
"1270","aliquandiu",しばらくの間,some time
"1271","petulanter",悪意を持って,viciously
"1272","titubanter",よろめく,staggering
"1273","orthogonaliter",直角に,at right angles
"1274","utrinque",両側に,on both sides
"1275","octogies",80人,eighty
"1276","octogiens",80人,eighty
"1277","putide",,putide
"1278","septiens",7回,seven times
"1279","voluptarie",官能的に,voluptuously
"1280","persapienter",非常に賢明,very wisely
"1281","incredibiliter",信じられない,unbelievable
"1282","intemperanter",贅沢に,extravagantly
"1283","minaciter",威嚇するように,menacingly
"1284","propediem",すぐに,very soon
"1285","postmodo",その後,afterwards
"1286","pulcre",美しく,beautifully
"1287","puriter",きれいに,cleanly
"1288","trecenties",百回,hundred times
"1289","trecentiens",30,thirty
"1291","inaniter",無駄に,in vain
"1292","indidem",同じ場所から,from the same place
"1293","miseriter",惨めに,miserably
"1294","ubertim",たっぷり,abundantly
"1295","domesticatim",国内で,domestically
"1296","duodecies",12回,twelve times
"1297","subsultim",,jumps
"1298","cominus",手をつないで,hand to hand
"1299","decussatim",横方向,crosswise
"1300","disiunctim",別として,as separate
"1301","eminenter",際立って,eminently
"1302","independenter",独立して,independently
"1303","multoties",何度も,many times
"1304","postmodum",その後,afterwards
"1305","praeterpropter",そのほか,besides
"1306","quantumlibet",しかし、多くの,however much
"1307","quomodolibet",とにかく,in any way
"1308","seiunctim",分ける,separate
"1309","fasciatim",包帯,bandages
"1310","albescente",白くなる,turning white
"1311","Iberice",,Iberice
"1312","anglice",英語で,in English
"1313","infrequenter",まれに,infrequently
"1314","exadversum",の反対,opposite to
"1315","impatienter",せっかちに,impatiently
"1317","recessim",引きこもった,withdrawn
"1318","verisimiliter",おそらく,probably
"1319","adusque",まで,up to
"1320","aliuta",別,another
"1321","assulatim",,slits
"1322","bacchatim",,bacchatim
"1323","blanditim",,smoothly
"1324","capreolatim",,capeolatim
"1325","citatim",早く,quickly
"1326","collusorie",ふざけて,playfully
"1327","datatim",,datatim
"1328","imprope",ほとんど,almost
"1329","improperanter",とんでもなく,outrageously
"1330","pedatim",,step by step
"1331","perlubenter",とても幸せに,very happily
"1332","fabriliter",巧みに,artfully
"1333","indiscriminatim",無差別に,indiscriminately
"1334","perpetim",永遠に,forever
"1335","intentiose",意図的に,intentionally
"1336","iactanter",自慢げに,boastfully
"1337","jactanter",自慢げに,boastfully
"1338","iamiam",今今,now now
"1339","jamjam",すでに,already
"1340","iamiamque",準備ができました,just ready
"1341","jamjamque",そして現在,and presently
"1342","iuxtim",の隣に,next to
"1343","juxtim",次,next
"1345","duis",,duis
"1346","ducaliter",二重に,dually
"1347","minume",決して,by no means
"1348","quor",だれの,whose
"1349","quur",,quur
"1351","hucusque",これまで,hitherto
"1353","surridicule",ばかげた方法で,in a ridiculous manner
"1354","subridicule",ばかげて,ridiculously
"1355","peraeque",統計的に,statistically
"1357","meliuscule",少し良く,a little better
"1358","munditer",きれいに,cleanly
"1359","nitenter",ひたすら,earnestly
"1360","nonies",9回,nine times
"1361","obedienter",素直に,obediently
"1362","oscitanter",眠そうに,sleepily
"1363","pompaliter",堂々と,pompously
"1364","proquam",,proquam
"1365","quadantenus",ある程度,to some extent
"1366","quadratim",二乗,squared
"1367","quadrifariter",4つの方法で,in four ways
"1368","rabiose",狂ったように,madly
"1369","reflexim",反射的に,reflexively
"1370","septifariam",7倍,sevenfold
"1371","signanter",とがった,pointedly
"1372","somniculose",眠気,drowsy
"1373","tabulatim",表形式,tabulated
"1374","testatim",証明された,attestedly
"1375","ubilibet",どこでも,wherever
"1376","ubiquaque",どこにでも,everywhere
"1377","ubivis",どこにでも,everywhere
"1378","ullatenus",とにかく,in any way
"1379","universatim",普遍的に,universally
"1380","vacive",空室,vacant
"1381","vafre",巧みに,craftily
"1382","veraciter",正直なところ,truthfully
"1383","volgariter",一般的に,commonly
"1384","cujuscemodi",肖像画,portraits
"1385","iccirco",したがって,therefore
"1386","nequicquam",おそらく,possibly
"1387","quojus",だれの,whose
"1388","quorsus",どのような目的のために,for what purpose
"1389","eoad",,eoad
"1390","disjunctim",ばらばらに,disjointly
"1391","hujuscemodi",そんなこと,such a thing
"1392","indisiunctim",不可分に,inseparably
"1393","indisjunctim",分離,indisjunction
"1394","jocunde",気持ちよく,pleasantly
"1395","jugiter",継続的に,continually
"1396","sejunctim",別々に,separately
"1397","accedenter",密接に,closely
"1398","saepiss.",壁に囲まれた,a walled
"1400","quandocumque",いつでも,whenever
"1401","prosus",,prosus
"1402","utcumque",どんなに,no matter
"1403","tumultuario",即興,improvised
"1407","quo_libet",どれか,any
"1409","etiamdum",まだ,yet
"1412","circumcirca",,round about
"1413","ilicet",すぐに,right away
"1414","sophos",,sophos
"1415","clanculum",ずるい,sly
"1416","verticaliter",垂直に,vertically
"1417","guttatim",一滴ずつ,drop by drop
"1418","unanimiter",全会一致で,unanimously
"1419","quirquir",お問い合わせ,inquire
"1420","Hiberice",,from Spain
"1421","sagaciter",正確に,accurately
"1422","essentialiter",本質的に,essentially
"1423","trinaliter",,in a triple
"1425","pugnaciter",戦闘的に,combatively
"1426","plerumque",多くの場合,mostly
"1427","plerunque",多くの場合,mostly
"1428","pleraque",多くの,most
"1430","undecumque",任意のソースから,from any source
"1431","pathetice",哀れなことに,pathetically
"1432","insolabiliter",ひどく,inconsolably
"1433","simulatque",すぐ,soon
"1434","dedicative",ひたむきな,dedicated
"1435","regaliter",王室,royally
"1436","exim",それから,then
"1437","minutim",非常に少ない,very small
"1438","tantumdem",同じくらい,just as much
"1440","stomachose",胃瀬,stomachose
"1441","quoquo",なんでもいい,whatever
"1442","singultim",一つずつ,one by one
"1443","vesperascente",夕方に,in the evening
"1444","truciter",,truciter
"1445","trucissime",最も残酷に,most cruelly
"1446","tuatim",,tutim
"1447","meatim",,metim
"1448","officialiter",正式に,officially
"1449","utque",そしてどうやって,and how
"1451","nichilominus",それにもかかわらず,nonetheless
"1452","desusum",,desusum
"1456","novies",9回,nine times
"1457","unciatim",あらゆるインチ,every inch
"1458","haudquaquam",決して,by no means
"1459","hmoi",,hmoi
"1460","longitrorsus",,longitrosus
"1461","longitrosus",,longitrosus
"1463","istinc",ここから,from here
"1464","nequo",一度もない,never
"1466","octies",8回,eight times
"1467","moraliter",道徳的に,morally
"1468","iusum",,jusum
"1469","diatim",,diatim
"1470","dietim",日までに,by the day
"1471","Cimbrice",,Cimbrice
"1472","compluriens",数回,several times
"1473","dierecte",直接,directly
"1474","usualiter",いつもの,usually
"1475","pollucibiliter",贅沢に,sumptuously
"1478","fartim",充填,filling
"1479","medullitus",典型的な,quintessential
"1480","aliquovorsum",ある方向に,in some direction
"1481","istorsum",,yoursum
"1482","serviliter",しつこく,servilely
"1483","vocaliter",声に出して,vocally
"1484","militariter",兵士,soldierly
"1485","militarie",,militarie
"1486","poenaliter",懲罰的に,punitively
"1487","amoeniter",気持ちよく,pleasantly
"1488","certative",競争力,competitive
"1489","pugnitus",拳,fist
"1490","punctim",時間通りに,punctually
"1491","pugilice",,boxer
"1492","sensualiter",官能的に,sensually
"1493","sententialiter",明らかに,clearly
"1494","visibiliter",目に見えて,visibly
"1495","providenter",暫定的に,providently
"1496","invisibiliter",目に見えない,invisibly
"1497","aemulanter",嫉妬深く,jealously
"1498","adpetenter",熱心に,eagerly
"1499","expetenter",熱心に,eagerly
"1500","perpetualiter",永遠に,forever
"1501","contemplabiliter",瞑想的に,contemplatively
"1502","contemplatim",熟考,contemplatim
"1503","templatim",寺院,temples
"1504","extempulo",その瞬間,that instant
"1505","extemporaliter",即席,extemporarily
"1506","patronymice",父称,patronymic
"1507","fugaciter",素早く,swiftly
"1508","tractabiliter",管理しやすい,manageably
"1509","tractim",,tractim
"1510","conducenter",雇用者,hirer
"1511","conducibiliter",有利に,advantageously
"1512","deductim",卒業,graduated
"1513","properanter",早く,quickly
"1514","signatim",名前で,by name
"1515","praedicative",述語,predicative
"1516","affectiose",愛情を込めて,affectionately
"1517","adfectiose",愛情を込めて,affectionately
"1518","affectuose",愛情を込めて,affectionately
"1519","adfectuose",愛情を込めて,affectionately
"1520","aeternaliter",永遠に,eternally
"1521","aliquoties",数回,several times
"1522","diuscule",,diuscule
"1523","pessum",廃墟,ruined
"1524","eventualiter",最終的,eventually
"1525","quantisper",いくら,how much
"1526","visceraliter",内臓的に,viscerally
"1527","quotuplex",幾つか,how many
"1528","incassum",無駄に,in vain
"1529","siremps",,siremps
"1532","scissim",,scissimi
"1533","florenter",繁栄,flourishingly
"1534","fluctuatim",変動する,fluctuately
"1535","quomo",どうやって,how
"1536","temporatim",時々,from time to time
"1537","naviter",熱心に,diligently
"1538","quandoque",時折,sometimes
"1539","susum",上に移動,move up
"1540","rusum",再び,back again
"1541","quandiu",さよなら,so long
"1542","noscum",知人,acquaint
"1543","voscum",あなたと,with you
"1544","urbanatim",,urbanim
"1545","noctanter",夜に,at night
"1546","inpigre",精力的に,energetically
"1547","transversim",横方向,transversely
"1548","transvorse",,transvorse
"1549","saeviter",野蛮に,savagely
"1551","rusticatim",素朴に,rustically
"1552","maestiter",悲しいことに,sadly
"1553","laetanter",うれしそうに,joyfully
"1554","dextere",右手,right hand
"1555","intellegenter",,intelligently
"1556","memoriose",記憶に残る,memorably
"1557","sessim",,sessim
"1558","umbraliter",日陰に,shadely
"1559","amariter",ひどく,bitterly
"1562","cunque",なんでもいい,whatever
"1563","capitulatim",章ごと,by chapter
"1564","desubito",突然,suddenly
"1566","efflictim",必死に,desperately
"1567","enimvero",確かに,indeed
"1568","exiliter",信じられないほど,creditably
"1569","furenter",狂ったように,madly
"1570","immisericorditer",容赦なく,unmercifully
"1571","immortaliter",不滅に,immortally
"1572","incisim",切り込み,incisim
"1573","inclementer",不親切に,unkindly
"1574","infabre",彫刻,carving
"1575","innumerabiliter",数え切れないほどの時間,countless times
"1576","insatiabiliter",飽くなき,insatiably
"1577","ullibi",どこでも,anywhere
"1579","abaliud",そうでなければ,otherwise
"1580","semotim",,semitim
"1581","confusibiliter",混乱して,confusedly
"1582","claustraliter",回廊,cloistered
"1584","inenarrabiliter",言葉では言い表せない,unspeakably