"18","Αἰγυπτία","Αἰγυπτί",Feminine,1a,,,0,1,1
"19","Θρᾷσσα","Θρᾷσσ",Feminine,1a,,,0,1,1
"20","Θρᾷττα","Θρᾷττ",Feminine,1a,,,0,1,1
"21","Θρῇσσα","Θρῇσσ",Feminine,1a,,,0,1,1
"22","Κιμμερία","Κιμμερί",Feminine,1a,,,0,1,1
"23","Κρονοθήκη","Κρονοθήκ",Feminine,1e,,,0,1,1
"24","Λάκαινα","Λάκαιν",Feminine,1a,,,0,1,1
"25","Λάμια","Λάμι",Feminine,1a,,,0,1,1
"26","Μηλία","Μηλί",Feminine,1a,,,0,1,1
"27","Μοῖσα","Μοῖσ",Feminine,1a,,,0,1,1
"28","Ποτείδαια","Ποτείδαι",Feminine,1a,,,0,1,1
"29","Πυθία","Πυθί",Feminine,1a,,,0,1,1
"30","Σκύθαινα","Σκύθαιν",Feminine,1a,,,0,1,1
"31","Τιτανομαχία","Τιτανομαχί",Feminine,1a,,,0,1,1
"32","αἰκία","αἰκί",Feminine,1a,生活,,,,
"33","αἰτία","αἰτί",Feminine,1a,原因,,,,
"34","αἰτιατική","αἰτιατικ",Feminine,1e,対格,,,,
"35","αἰχμή","αἰχμ",Feminine,1e,ピーク,,,,
"36","αἰώρα","αἰώρ",Feminine,1a,ハンモック,,,,
"37","αἱμασιά","αἱμασι",Feminine,1a,流血,,,,
"38","αἴγλη","αἴγλ",Feminine,1e,グラマー,,,,
"39","αἴθουσα","αἴθουσ",Feminine,1a,部屋,,,,
"40","αἴθυια","αἴθυι",Feminine,1a,愛,,,,
"41","αἶα","αἶ",Feminine,1a,土地、国家、地球、地面、大地,"and, country, earth",,,
"42","αἶρα","αἶρ",Feminine,1a,風,,,,
"43","αἶσα","αἶσ",Feminine,1a,運命、宿命、分け前、一口,"destiny, fate, portion, morsel",,,
"44","αὐγή","αὐγ",Feminine,1e,夜明け,,,,
"45","αὐδή","αὐδ",Feminine,1e,人間の声、会話、音、報告、口座、神託、歌、頌歌,"human voice, speech, sound, report, account, oracle, song, ode ",,,
"46","αὐλή","αὐλ",Feminine,1e,中庭,courtyard,,,
"47","αὐλοθήκη","αὐλοθήκ",Feminine,1e,前庭,vestibule,,,
"48","αὐτάρκεια","αὐτάρκει",Feminine,1a,自給自足,self-sufficiency,,,
"49","αὐτοεπιθυμία","αὐτοεπιθυμί",Feminine,1a,自己欲求,self desire,,,
"50","αὐτονομία","αὐτονομί",Feminine,1a,自律性,autonomy,,,
"51","αὐτοψία","αὐτοψί",Feminine,1a,剖検,autopsy,,,
"52","αὔδα","αὔδ",Feminine,1a,オーダ,auda,,,
"53","αὔρα","αὔρ",Feminine,1a,オーラ,aura,,,
"54","βέργαι","βέργ",Feminine,1a,はしけ,,1,0,0
"55","βία","βί",Feminine,1a,暴力,violence,,,
"56","βίη","βί",Feminine,1e,生活,life,,,
"57","βίσβη","βίσβ",Feminine,1e,剪定ばさみ、はさみ,"pruning hook, billhook",,,
"58","βαίεσσα","βαίεσσ",Feminine,1a,ぶどう,grapes,,,
"59","βαίτη","βαίτ",Feminine,1e,ウェイター,waiter,,,
"60","βακτηρία","βακτηρί",Feminine,1a,バクテリア,bacteria,,,
"61","βακχεία","βακχεί",Feminine,1a,バッカナリアン,bacchanalian,,,
"62","βαλανάγρα","βαλανάγρ",Feminine,1a,バラナグラ,valanagra,,,
"63","βαλλωτή","βαλλωτ",Feminine,1e,フォレスター,forester,,,
"64","βαλσαμίνη","βαλσαμίν",Feminine,1e,バルサミン,balsamine,,,
"65","βαρακίνη","βαρακίν",Feminine,1e,バラシン,Varacin,,,
"66","βαρβάρα","βαρβάρ",Feminine,1a,バーバラ,Barbara,,,
"67","βαρεῖα","βαρεῖ",Feminine,1a,重さ,heaviness,,,
"68","βαρυθυμία","βαρυθυμί",Feminine,1a,退屈,boredom,,,
"69","βασίλεια","βασίλει",Feminine,1a,治世,reign,,,
"70","βασίλισσα","βασίλισσ",Feminine,1a,女王,queen,,,
"71","βασιλεία","βασιλεί",Feminine,1a,治世,reign,,,
"72","βασσάρα","βασσάρ",Feminine,1a,子なし,bastard,,,
"73","βασταγή","βασταγ",Feminine,1e,苦難,hardship,,,
"74","βατιάκη","βατιάκ",Feminine,1e,ヴァティアキ,vatiaki,,,
"75","βαττολογία","βαττολογί",Feminine,1a,ワット数,wattage,,,
"76","βαυκάλη","βαυκάλ",Feminine,1e,バウカリ,baukali,,,
"77","βαφή","βαφ",Feminine,1e,ペイント,paint,,,
"78","βδέλλα","βδέλλ",Feminine,1a,リーチ,leech,,,
"79","βδελυγμία","βδελυγμί",Feminine,1a,憎悪,abomination,,,
"80","βελοθήκη","βελοθήκ",Feminine,1e,震える,quiver,,,
"81","βελονοθήκη","βελονοθήκ",Feminine,1e,ニードルケース,needle case,,,
"82","βελοσφενδόνη","βελοσφενδόν",Feminine,1e,ベロスフェンドン,velosphendone,,,
"83","βελόνη","βελόν",Feminine,1e,針,needle,,,
"84","βεττονική","βεττονικ",Feminine,1e,コンクリート,concrete,,,
"85","βιβλιοθήκη","βιβλιοθήκ",Feminine,1e,図書館,library,,,
"86","βλάβη","βλάβ",Feminine,1e,ダメージ,damage,,,
"87","βλέννα","βλένν",Feminine,1a,粘液,mucus,,,
"88","βλασφημία","βλασφημί",Feminine,1a,冒涜,blasphemy,,,
"89","βλαύτη","βλαύτ",Feminine,1e,スリッパ,slipper,,,
"90","βληχή","βληχ",Feminine,1e,疫病,blight,,,
"91","βοή","βο",Feminine,1e,轟音,roar,,,
"92","βοήθεια","βοήθει",Feminine,1a,援助,aid,,,
"93","βοείη","βοεί",Feminine,1e,ブー,boo,,,
"94","βολή","βολ",Feminine,1e,ショット,shot,,,
"95","βολίζη","βολίζ",Feminine,1e,快適,convenience,,,
"96","βορά","βορ",Feminine,1a,獲物,prey,,,
"97","βοτάνη","βοτάν",Feminine,1e,ハーブ,herb,,,
"98","βουκόρυζα","βουκόρυζ",Feminine,1a,ブコリザ,Bucoryza,,,
"99","βουλή","βουλ",Feminine,1e,議会,parliament,,,
"100","βουμελία","βουμελί",Feminine,1a,ブーメラン,boomerang,,,
"101","βούλλα","βούλλ",Feminine,1a,ブラ,bulla,,,
"102","βοῦα","βοῦ",Feminine,1a,おお,wow,,,
"103","βρέγμα","βρέγμ",Feminine,1a,ブレグマ,bregma,,,
"104","βρία","βρί",Feminine,1a,朝,morning,,,
"105","βρίζα","βρίζ",Feminine,1a,プラグ,plug,,,
"106","βρίμη","βρίμ",Feminine,1e,くそ,damn,,,
"107","βροντή","βροντ",Feminine,1e,サンダー,thunder,,,
"108","βροχή","βροχ",Feminine,1e,雨,rain,,,
"109","βυκάνη","βυκάν",Feminine,1e,鯨,whale,,,
"110","βύνη","βύν",Feminine,1e,麦芽,malt,,,
"111","βύρσα","βύρσ",Feminine,1a,噴水,fountain,,,
"112","βύσσα","βύσσ",Feminine,1a,プラグ,plug,,,
"113","βῆσσα","βῆσσ",Feminine,1a,速度,speed,,,
"114","γάγγραινα","γάγγραιν",Feminine,1a,壊疽,gangrene,,,
"115","γάζα","γάζ",Feminine,1a,ガーゼ,gauze,,,
"116","γάρρα","γάρρ",Feminine,1a,ガラ,garra,,,
"117","γέεννα","γέενν",Feminine,1a,地獄,hell,,,
"118","γέννα","γένν",Feminine,1a,誕生,birth,,,
"119","γέφυρα","γέφυρ",Feminine,1a,橋,bridge,,,
"120","γαγγίλη","γαγγίλ",Feminine,1e,乱暴な,gangly,,,
"121","γαλέη","γαλέ",Feminine,1e,ギャレー,galley,,,
"122","γαλήνη","γαλήν",Feminine,1e,静けさ,serenity,,,
"123","γαλεάγρα","γαλεάγρ",Feminine,1a,白い,white,,,
"124","γαμφηλαί","γαμφηλ",Feminine,1e,イタチ,,1,0,0
"125","γαστροκνημία","γαστροκνημί",Feminine,1a,腓腹筋,gastrocnemius,,,
"126","γαῖα","γαῖ",Feminine,1a,地球,earth,,,
"127","γενέτα","γενέτ",Feminine,1a,ジュネ,Genet,,,
"128","γενεά","γενε",Feminine,1a,世代,generation,,,
"129","γενεή","γενε",Feminine,1e,世代,generation,,,
"130","γενεαλογία","γενεαλογί",Feminine,1a,系譜,genealogy,,,
"131","γενική","γενικ",Feminine,1e,全般的,general,,,
"132","γεννήτρια","γεννήτρι",Feminine,1a,発生器,generator,,,
"133","γερουσία","γερουσί",Feminine,1a,上院,senate,,,
"134","γερροχελώνη","γερροχελών",Feminine,1e,アカウミガメ,loggerhead turtle,,,
"135","γεωμετρία","γεωμετρί",Feminine,1a,ジオメトリー,geometry,,,
"136","γεωργία","γεωργί",Feminine,1a,農業,Agriculture,,,
"137","γλήνη","γλήν",Feminine,1e,グレン,glen,,,
"138","γλία","γλί",Feminine,1a,スライム,slime,,,
"139","γλίνη","γλίν",Feminine,1e,粘土,clay,,,
"140","γλαβρήνη","γλαβρήν",Feminine,1e,グラブリナ,Glabrina,,,
"141","γλυκυθυμία","γλυκυθυμί",Feminine,1a,甘味,sweetness,,,
"142","γλυκυσίδη","γλυκυσίδ",Feminine,1e,グリシド,glycyside,,,
"143","γλυκύρριζα","γλυκύρριζ",Feminine,1a,甘草,licorice,,,
"144","γλυφή","γλυφ",Feminine,1e,グリフ,glyph,,,
"145","γλωσσοπέτρα","γλωσσοπέτρ",Feminine,1a,舌石,tongue stone,,,
"146","γλῶσσα","γλῶσσ",Feminine,1a,言語,language,,,
"147","γλῶττα","γλῶττ",Feminine,1a,舌,tongue,,,
"148","γνοτέρα","γνοτέρ",Feminine,1a,黒いホアハウンド,black horehound,,,
"149","γνώμη","γνώμ",Feminine,1e,意見,opinion,,,
"150","γονή","γον",Feminine,1e,性腺,gonad,,,
"151","γονόρροια","γονόρροι",Feminine,1a,淋病,gonorrhea,,,
"152","γράα","γρά",Feminine,1a,エリュトラ海のペリプラスに記載されている水ヘビの一種,kind of water snake mentioned in the Periplus of the Erythraean Sea,,,
"153","γραμμή","γραμμ",Feminine,1e,ライン,line,,,
"154","γραμματική","γραμματικ",Feminine,1e,文法,grammar,,,
"155","γραφή","γραφ",Feminine,1e,書き込み,writing,,,
"156","γραφιοθήκη","γραφιοθήκ",Feminine,1e,デスク,desk,,,
"157","γρούτη","γρούτ",Feminine,1e,グラウト,grout,,,
"158","γρυμέα","γρυμέ",Feminine,1a,拳,fist,,,
"159","γρώνη","γρών",Feminine,1e,拳,fist,,,
"160","γυμνασία","γυμνασί",Feminine,1a,体操,gymnastics,,,
"161","γόργυρα","γόργυρ",Feminine,1a,ゴルギラ,gorgyra,,,
"162","γᾶ","γ",Feminine,1a,c,,,,
"163","γῆ","γ",Feminine,1e,地球,Earth,,,
"164","δάρπη","δάρπ",Feminine,1e,贈り物,gift,,,
"165","δάφνη","δάφν",Feminine,1e,月桂樹,Laurel,,,
"166","δέρη","δέρ",Feminine,1e,フリース,fleece,,,
"167","δέσποινα","δέσποιν",Feminine,1a,愛人,mistress,,,
"168","δίαιτα","δίαιτ",Feminine,1a,ダイエット,diet,,,
"169","δίκελλα","δίκελλ",Feminine,1a,マトック,mattock,,,
"170","δίκη","δίκ",Feminine,1e,トライアル,trial,,,
"171","δίνη","δίν",Feminine,1e,渦,vortex,,,
"172","δίψα","δίψ",Feminine,1a,渇き,thirst,,,
"173","δαιτροσύνη","δαιτροσύν",Feminine,1e,悪意,viciousness,,,
"174","δακτυλιοθήκη","δακτυλιοθήκ",Feminine,1e,リングホルダー,ring holder,,,
"175","δαμοκρατία","δαμοκρατί",Feminine,1a,民主主義,democracy,,,
"176","δανάκη","δανάκ",Feminine,1e,税,tax,,,
"177","δαπάνη","δαπάν",Feminine,1e,支出,expenditure,,,
"178","δασεῖα","δασεῖ",Feminine,1a,森林,forests,,,
"179","δείλη","δείλ",Feminine,1e,臆病,timid,,,
"180","δεδώνη","δεδών",Feminine,1e,デドン,dedon,,,
"181","δειλία","δειλί",Feminine,1a,臆病,cowardice,,,
"182","δειπνολογία","δειπνολογί",Feminine,1a,ダイニング,dining,,,
"183","δειρή","δειρ",Feminine,1e,シャイ,shy,,,
"184","δελεάστρα","δελεάστρ",Feminine,1a,誘惑する女,temptress,,,
"185","δενδρομαλάχη","δενδρομαλάχ",Feminine,1e,樹木園,arboretum,,,
"186","δερματοθήκη","δερματοθήκ",Feminine,1e,革のケース,leather case,,,
"187","δηγῆ","δηγ",Feminine,1e,ガイド,guide,,,
"188","δημοκρατία","δημοκρατί",Feminine,1a,民主主義,democracy,,,
"189","διάνοια","διάνοι",Feminine,1a,マインド,mind,,,
"190","διάρροια","διάρροι",Feminine,1a,下痢,diarrhea,,,
"191","διαβολή","διαβολ",Feminine,1e,中傷,,,,
"192","διαγραφή","διαγραφ",Feminine,1e,消す,,,,
"193","διαθήκη","διαθήκ",Feminine,1e,意思,,,,
"194","διακονία","διακονί",Feminine,1a,省,,,,
"195","διαλεκτική","διαλεκτικ",Feminine,1e,弁証法,,,,
"196","διαλογή","διαλογ",Feminine,1e,ふるい分け,,,,
"197","διασπορά","διασπορ",Feminine,1a,分散,,,,
"198","διαστολή","διαστολ",Feminine,1e,拡張,,,,
"199","διατριβή","διατριβ",Feminine,1e,定説,,,,
"200","διαφθορά","διαφθορ",Feminine,1a,腐敗,,,,
"201","διαφορά","διαφορ",Feminine,1a,違い,,,,
"202","διαύγεια","διαύγει",Feminine,1a,明瞭さ,,,,
"203","διδασκαλία","διδασκαλί",Feminine,1a,教える,,,,
"204","διδαχή","διδαχ",Feminine,1e,教える,,,,
"205","διθυμία","διθυμί",Feminine,1a,両価性,,,,
"206","δικαιοσύνη","δικαιοσύν",Feminine,1e,正義,,,,
"207","διλοχία","διλοχί",Feminine,1a,スキャンダル,,,,
"208","διρκαία","διρκαί",Feminine,1a,突然,,,,
"209","διφθέρα","διφθέρ",Feminine,1a,ジフテリア,,,,
"210","διχοτομία","διχοτομί",Feminine,1a,二分法,,,,
"211","διωμοσία","διωμοσί",Feminine,1a,迫害,,,,
"212","δμῳή","δμῳ",Feminine,1e,戦争で捕虜になった女奴隷、女奴隷,"female slave taken captive in war, female slave",,,
"213","δοιή","δοι",Feminine,1e,ドイ,,,,
"214","δοκιμή","δοκιμ",Feminine,1e,テスト,,,,
"215","δοκιμασία","δοκιμασί",Feminine,1a,テスト,,,,
"216","δοκοθήκη","δοκοθήκ",Feminine,1e,ビームラック,,,,
"217","δοξολογία","δοξολογί",Feminine,1a,感謝祭,,,,
"218","δοξοσοφία","δοξοσοφί",Feminine,1a,ドクソフィア,,,,
"219","δορά","δορ",Feminine,1a,肌,,,,
"220","δορατοθήκη","δορατοθήκ",Feminine,1e,スピアケース,,,,
"221","δοτική","δοτικ",Feminine,1e,与格,,,,
"222","δουλεία","δουλεί",Feminine,1a,仕事,,,,
"223","δούλη","δούλ",Feminine,1e,スレーブ,,,,
"224","δράβη","δράβ",Feminine,1e,描く,,,,
"225","δράγλη","δράγλ",Feminine,1e,浚渫,,,,
"226","δράκαινα","δράκαιν",Feminine,1a,鬼女,,,,
"227","δρακοντία","δρακοντί",Feminine,1a,ドラゴン,,,,
"228","δραματουργία","δραματουργί",Feminine,1a,ドラマツルギー,,,,
"229","δραχμή","δραχμ",Feminine,1e,ドラクマ,,,,
"230","δρεπάνη","δρεπάν",Feminine,1e,鎌,,,,
"231","δυναστεία","δυναστεί",Feminine,1a,王朝,,,,
"232","δυσεντερία","δυσεντερί",Feminine,1a,赤痢,,,,
"233","δυσθυμία","δυσθυμί",Feminine,1a,気分変調,,,,
"234","δυστυχία","δυστυχί",Feminine,1a,不幸,,,,
"235","δυσφορία","δυσφορί",Feminine,1a,フレット,,,,
"236","δωρεά","δωρε",Feminine,1a,寄付,,,,
"237","δόξα","δόξ",Feminine,1a,栄光,,,,
"238","δύη","δύ",Feminine,1e,昼,,,,
"239","δύσπνοια","δύσπνοι",Feminine,1a,呼吸困難,,,,
"240","εἰδωλολάτρης","εἰδωλολάτρ",Feminine,1es,異教徒,,,,
"241","εἰδωλολατρία","εἰδωλολατρί",Feminine,1a,偶像崇拝,,,,
"242","εἰκονογραφία","εἰκονογραφί",Feminine,1a,図像学,,,,
"243","εἰκονομαχία","εἰκονομαχί",Feminine,1a,アレゴリー,,,,
"244","εἰλαπίνη","εἰλαπίν",Feminine,1e,エラピン,,,,
"245","εἰρήνη","εἰρήν",Feminine,1e,アイリーン,,,,
"246","εἰρωνεία","εἰρωνεί",Feminine,1a,アイロニー,,,,
"247","εἰσαγωγή","εἰσαγωγ",Feminine,1e,序章,,,,
"248","εἰσβολή","εἰσβολ",Feminine,1e,侵入,,,,
"249","εἰσφορά","εἰσφορ",Feminine,1a,貢献,,,,
"250","εἱαμενή","εἱαμεν",Feminine,1e,川沿いの牧草地、水辺の牧草地、低地、ポプラの本拠地として言及されている場所,"riverside pasture, water meadow, lowland, place mentioned as the home of the poplar",,,
"251","εἵλη","εἵλ",Feminine,1e,太陽の熱、太陽の暖かさ,"heat of the sun, warmth of the sun",,,
"252","εὐβουλία","εὐβουλί",Feminine,1a,慈悲,,,,
"253","εὐδαιμονία","εὐδαιμονί",Feminine,1a,至福,,,,
"254","εὐεργεσία","εὐεργεσί",Feminine,1a,好意,,,,
"255","εὐζηλία","εὐζηλί",Feminine,1a,嫉妬,,,,
"256","εὐθεῖα","εὐθεῖ",Feminine,1a,真っ直ぐ,,,,
"257","εὐθυμία","εὐθυμί",Feminine,1a,陽気、上機嫌、満足、静けさ,"cheerfulness, good mood, contentment, tranquility",,,
"258","εὐθυντηρία","εὐθυντηρί",Feminine,1a,責任,,,,
"259","εὐκινησία","εὐκινησί",Feminine,1a,機敏,,,,
"260","εὐκτική","εὐκτικ",Feminine,1e,共生,,,,
"261","εὐλή","εὐλ",Feminine,1e,グレース,,,,
"262","εὐλογία","εὐλογί",Feminine,1a,祝福,,,,
"263","εὐνή","εὐν",Feminine,1e,良い,,,,
"264","εὐπαιδευσία","εὐπαιδευσί",Feminine,1a,教育,,,,
"265","εὐπορία","εὐπορί",Feminine,1a,繁栄,,,,
"266","εὐπραξία","εὐπραξί",Feminine,1a,証書,,,,
"267","εὐρημοσύνη","εὐρημοσύν",Feminine,1e,親切,,,,
"268","εὐρυθμία","εὐρυθμί",Feminine,1a,リズム,,,,
"269","εὐσέβεια","εὐσέβει",Feminine,1a,信仰心,,,,
"270","εὐσχημοσύνη","εὐσχημοσύν",Feminine,1e,幸せ,,,,
"271","εὐταξία","εὐταξί",Feminine,1a,秩序,,,,
"272","εὐτυχία","εὐτυχί",Feminine,1a,幸せ,,,,
"273","εὐφορία","εὐφορί",Feminine,1a,多幸感,,,,
"274","εὐφυΐα","εὐφυΐ",Feminine,1a,知能,,,,
"275","εὐχή","εὐχ",Feminine,1e,願い,,,,
"276","εὐχαριστία","εὐχαριστί",Feminine,1a,聖体,,,,
"277","εὐχωλή","εὐχωλ",Feminine,1e,楽しい,,,,
"278","εὐψυχία","εὐψυχί",Feminine,1a,勇気,,,,
"279","εὔνοια","εὔνοι",Feminine,1a,好意,,,,
"280","εὔπνοια","εὔπνοι",Feminine,1a,幸せ,,,,
"281","ζάλη","ζάλ",Feminine,1e,めまい,,,,
"282","ζέρνα","ζέρν",Feminine,1a,ゲルナ,,,,
"283","ζειά","ζει",Feminine,1a,ライブ,,,,
"284","ζειρά","ζειρ",Feminine,1a,ジラ,,,,
"285","ζετραία","ζετραί",Feminine,1a,ゼトレア,,,,
"286","ζεύγλη","ζεύγλ",Feminine,1e,カップル,,,,
"287","ζηλοτυπία","ζηλοτυπί",Feminine,1a,嫉妬,,,,
"288","ζημία","ζημί",Feminine,1a,ダメージ,,,,
"289","ζυγία","ζυγί",Feminine,1a,はかり,,,,
"290","ζωή","ζω",Feminine,1e,ゾーイ,,,,
"291","ζωγραφία","ζωγραφί",Feminine,1a,ペインティング,,,,
"292","ζωγραφική","ζωγραφικ",Feminine,1e,ペインティング,,,,
"293","ζωθήκη","ζωθήκ",Feminine,1e,生活,,,,
"294","ζωπύρα","ζωπύρ",Feminine,1a,ゾピラ,,,,
"295","ζύγαινα","ζύγαιν",Feminine,1a,体重を量った,,,,
"296","ζώνη","ζών",Feminine,1e,ゾーン,,,,
"297","ζῳγραφία","ζῳγραφί",Feminine,1a,お絵かき,,,,
"298","ζῳγραφική","ζῳγραφικ",Feminine,1e,ペインティング,,,,
"299","θάλασσα","θάλασσ",Feminine,1a,海,,,,
"300","θάλαττα","θάλαττ",Feminine,1a,それは正しい,,,,
"301","θέα","θέ",Feminine,1a,見る,,,,
"302","θέρμη","θέρμ",Feminine,1e,熱意,,,,
"303","θήκη","θήκ",Feminine,1e,場合,,,,
"304","θήρα","θήρ",Feminine,1a,獲物,,,,
"305","θαλασσαίγλη","θαλασσαίγλ",Feminine,1e,カモメ,,,,
"306","θαλασσοκράμβη","θαλασσοκράμβ",Feminine,1e,コールラビ,,,,
"307","θαλασσοκρατία","θαλασσοκρατί",Feminine,1a,海上支配,,,,
"308","θαψία","θαψί",Feminine,1a,昏迷,,,,
"309","θεά","θε",Feminine,1a,見る,,,,
"310","θεή","θε",Feminine,1e,女神,,,,
"311","θεία","θεί",Feminine,1a,叔母,,,,
"312","θεατροκρατία","θεατροκρατί",Feminine,1a,演劇,,,,
"313","θεογονία","θεογονί",Feminine,1a,神学,,,,
"314","θεοκρατία","θεοκρατί",Feminine,1a,神権政治,,,,
"315","θεολογία","θεολογί",Feminine,1a,神学,,,,
"316","θεοπάθεια","θεοπάθει",Feminine,1a,セオパシー,,,,
"317","θεοπληξία","θεοπληξί",Feminine,1a,神の一撃,,,,
"318","θεοσέβεια","θεοσέβει",Feminine,1a,信心深さ,,,,
"319","θεοσοφία","θεοσοφί",Feminine,1a,神智学,,,,
"320","θεραπεία","θεραπεί",Feminine,1a,処理,,,,
"321","θεωρία","θεωρί",Feminine,1a,仮説,,,,
"322","θηγάνη","θηγάν",Feminine,1e,パン,,,,
"323","θηλή","θηλ",Feminine,1e,乳首,,,,
"324","θηριακή","θηριακ",Feminine,1e,野獣的な,,,,
"325","θοίνη","θοίν",Feminine,1e,トーニ,,,,
"326","θολία","θολί",Feminine,1a,ぼかし,,,,
"327","θρηνῳδία","θρηνῳδί",Feminine,1a,嘆き,,,,
"328","θρησκεία","θρησκεί",Feminine,1a,宗教,,,,
"329","θυία","θυί",Feminine,1a,犠牲,,,,
"330","θυεία","θυεί",Feminine,1a,犠牲,,,,
"331","θυμέλη","θυμέλ",Feminine,1e,チメリ,,,,
"332","θυμελαία","θυμελαί",Feminine,1a,香炉,,,,
"333","θυσία","θυσί",Feminine,1a,犠牲,,,,
"334","θωή","θω",Feminine,1e,罰金、罰金,"fine, penalty",,,
"335","θύελλα","θύελλ",Feminine,1a,嵐,,,,
"336","θύμβρα","θύμβρ",Feminine,1a,シンブル,,,,
"337","θύρα","θύρ",Feminine,1a,ドア,,,,
"338","θύρη","θύρ",Feminine,1e,港,,,,
"339","κάκη","κάκ",Feminine,1e,悪の,,,,
"340","κάκκη","κάκκ",Feminine,1e,悪い,,,,
"341","κάλχη","κάλχ",Feminine,1e,カップ,,,,
"342","κάμπη","κάμπ",Feminine,1e,キャタピラー、カイコ、エルシフォームの飾り、素晴らしいインドの怪物,"caterpillar, silkworm, an eruciform ornament, a fabulous Indian monster",,,
"343","κάμψα","κάμψ",Feminine,1a,バスケットケース,"basket, case",,,
"344","κάννα","κάνν",Feminine,1a,ジャイアントリード、リードマット,"giant reed, reed mat",,,
"345","κάπη","κάπ",Feminine,1e,ケープ,,,,
"346","κάτα","κάτ",Feminine,1a,猫,cat,,,
"347","κάττα","κάττ",Feminine,1a,猫,cat,,,
"348","κέρχνη","κέρχν",Feminine,1e,ケルチ,,,,
"349","κέστρα","κέστρ",Feminine,1a,ケスター,,,,
"350","κήλη","κήλ",Feminine,1e,ヘルニア,,,,
"351","κίσσα","κίσσ",Feminine,1a,ジェイ,,,,
"352","κίστη","κίστ",Feminine,1e,嚢胞,,,,
"353","κίχλη","κίχλ",Feminine,1e,スロットル,,,,
"354","καδμήα","καδμή",Feminine,1a,カドミウム,,,,
"355","καδμία","καδμί",Feminine,1a,カドミウム,,,,
"356","καδμεία","καδμεί",Feminine,1a,カドミウム,,,,
"357","καθέδρα","καθέδρ",Feminine,1a,椅子,,,,
"358","κακία","κακί",Feminine,1a,邪悪さ,,,,
"359","κακκάβη","κακκάβ",Feminine,1e,ゴキブリ,,,,
"360","κακκαλία","κακκαλί",Feminine,1a,不運,,,,
"361","κακοζηλία","κακοζηλί",Feminine,1a,悪意のある嫉妬,,,,
"362","κακοθυμία","κακοθυμί",Feminine,1a,短気,,,,
"363","κακοποιία","κακοποιί",Feminine,1a,いたずら,,,,
"364","κακουργία","κακουργί",Feminine,1a,ゆすり,,,,
"365","κακοφωνία","κακοφωνί",Feminine,1a,瓶,,,,
"366","καλάμη","καλάμ",Feminine,1e,葦,,,,
"367","καλαμίνθη","καλαμίνθ",Feminine,1e,カラミント,,,,
"368","καλαμογραφία","καλαμογραφί",Feminine,1a,書道,,,,
"369","καλαμοθήκη","καλαμοθήκ",Feminine,1e,ストローバッグ,,,,
"370","καλιά","καλι",Feminine,1a,良い,,,,
"371","καλοκαγαθία","καλοκαγαθί",Feminine,1a,良さ,,,,
"372","καλύβη","καλύβ",Feminine,1e,小屋,,,,
"373","καλύπτρα","καλύπτρ",Feminine,1a,フード,,,,
"374","καλύπτρη","καλύπτρ",Feminine,1e,カバー,,,,
"375","καμάρα","καμάρ",Feminine,1a,アーチ,,,,
"376","καμπή","καμπ",Feminine,1e,転換点,,,,
"377","καναχή","καναχ",Feminine,1e,騒音、鋭い音、金属のカチャカチャという音、歯ぎしり、フルートの音,"noise, any sharp sound, ring of clang of metal, gnashing of teeth, sound of flutes",,,
"378","κανδάκη","κανδάκ",Feminine,1e,キャンディス、古代ヌビアの戦士の女王のいずれか,"candace, any one of the ancient Nubian warrior queens",,,
"379","κανδυτάνη","κανδυτάν",Feminine,1e,チャンディダニ,,,,
"380","κανθύλη","κανθύλ",Feminine,1e,カンチュラ,,,,
"381","καπίθη","καπίθ",Feminine,1e,カピティ,,,,
"382","καρδία","καρδί",Feminine,1a,心臓,,,,
"383","καροῦχα","καροῦχ",Feminine,1a,フルーツ,,,,
"384","καρπαία","καρπαί",Feminine,1a,手首,,,,
"385","καρύκη","καρύκ",Feminine,1e,かりけ,,,,
"386","κασία","κασί",Feminine,1a,カシア,,,,
"387","κατάνη","κατάν",Feminine,1e,カタナ,,,,
"388","καταβολή","καταβολ",Feminine,1e,支払い,,,,
"389","καταγραφή","καταγραφ",Feminine,1e,登録,,,,
"390","καταθήκη","καταθήκ",Feminine,1e,預り金,,,,
"391","κατανάγκη","κατανάγκ",Feminine,1e,必要な,,,,
"392","καταρροή","καταρρο",Feminine,1e,カタル,,,,
"393","κατασκευή","κατασκευ",Feminine,1e,工事,,,,
"394","καταστροφή","καταστροφ",Feminine,1e,破壊,,,,
"395","κατηγορία","κατηγορί",Feminine,1a,カテゴリー,,,,
"396","κατοικία","κατοικί",Feminine,1a,住居,,,,
"397","κατοικεσία","κατοικεσί",Feminine,1a,住居,,,,
"398","καυσία","καυσί",Feminine,1a,燃料,,,,
"399","καφουρά","καφουρ",Feminine,1a,樟脳,,,,
"400","κεβλή","κεβλ",Feminine,1e,ケブリ,,,,
"401","κεδρελάτη","κεδρελάτ",Feminine,1e,ケドレラティ,,,,
"402","κειρία","κειρί",Feminine,1a,ケリア,,,,
"403","κελέβη","κελέβ",Feminine,1e,カップ、ジャー,"cup, jar",,,
"404","κεντρομυρσίνη","κεντρομυρσίν",Feminine,1e,セントロミルシン,,,,
"405","κεραία","κεραί",Feminine,1a,アンテナ,,,,
"406","κερατέα","κερατέ",Feminine,1a,角膜,,,,
"407","κερατία","κερατί",Feminine,1a,ホーン,,,,
"408","κερατωνία","κερατωνί",Feminine,1a,ケラトニア,,,,
"409","κερωνία","κερωνί",Feminine,1a,キャンドル,,,,
"410","κεστροσφενδόνη","κεστροσφενδόν",Feminine,1e,セストロスフェンドン,,,,
"411","κεφαλή","κεφαλ",Feminine,1e,頭,,,,
"412","κηπαία","κηπαί",Feminine,1a,庭師,,,,
"413","κιθάρα","κιθάρ",Feminine,1a,ギター,,,,
"414","κινάρα","κινάρ",Feminine,1a,キナラ,,,,
"415","κινύρα","κινύρ",Feminine,1a,キニラ,,,,
"416","κλάπαι","κλάπ",Feminine,1a,罰の手段としての木靴、パトン、下駄、ストック,"wooden shoes, pattens, clogs, stocks as a means of punishment",1,0,0
"417","κλήθρα","κλήθρ",Feminine,1a,アルダー,,,,
"418","κλίνη","κλίν",Feminine,1e,ベッド,,,,
"419","κλαγγή","κλαγγ",Feminine,1e,ガチャガチャ,,,,
"420","κλεπτοσύνη","κλεπτοσύν",Feminine,1e,良識,,,,
"421","κλεψύδρα","κλεψύδρ",Feminine,1a,砂時計,,,,
"422","κλητική","κλητικ",Feminine,1e,挑発的な,,,,
"423","κλισία","κλισί",Feminine,1a,スロープ,,,,
"424","κλισίη","κλισί",Feminine,1e,スロープ,,,,
"425","κλοπή","κλοπ",Feminine,1e,盗難,,,,
"426","κνήμη","κνήμ",Feminine,1e,足,,,,
"427","κνίδη","κνίδ",Feminine,1e,イラクサ,,,,
"428","κνίση","κνίσ",Feminine,1e,蕁麻疹,,,,
"429","κοίτη","κοίτ",Feminine,1e,ベッド,,,,
"430","κοιλία","κοιλί",Feminine,1a,腹,,,,
"431","κοκκυγέα","κοκκυγέ",Feminine,1a,百日咳,,,,
"432","κολλύρα","κολλύρ",Feminine,1a,のり,,,,
"433","κολοιτέα","κολοιτέ",Feminine,1a,ケルン,,,,
"434","κολοιτία","κολοιτί",Feminine,1a,乾癬性関節炎,,,,
"435","κολοκασία","κολοκασί",Feminine,1a,コロケーション,,,,
"436","κολοκύνθη","κολοκύνθ",Feminine,1e,かぼちゃ,,,,
"437","κολυμβήθρα","κολυμβήθρ",Feminine,1a,フォント,,,,
"438","κολύβδαινα","κολύβδαιν",Feminine,1a,カニの種類,kind of crab,,,
"439","κολώνη","κολών",Feminine,1e,桁,,,,
"440","κονία","κονί",Feminine,1a,セメント,,,,
"441","κονίη","κονί",Feminine,1e,粉,,,,
"442","κονίλη","κονίλ",Feminine,1e,ウサギ,,,,
"443","κονταριοθήκη","κονταριοθήκ",Feminine,1e,ポールホルダー,,,,
"444","κοπροθήκη","κοπροθήκ",Feminine,1e,ごみ箱,,,,
"445","κορδύλη","κορδύλ",Feminine,1e,リボン,,,,
"446","κορυφή","κορυφ",Feminine,1e,ピーク,,,,
"447","κορχυρέα","κορχυρέ",Feminine,1a,ヤグルマギク,,,,
"448","κορύνη","κορύν",Feminine,1e,大型ハンマー、大槌,,,,
"449","κορύφαινα","κορύφαιν",Feminine,1a,ピークを迎えていました,,,,
"450","κορώνη","κορών",Feminine,1e,クラウン,,,,
"451","κοσύμβη","κοσύμβ",Feminine,1e,花婿,,,,
"452","κοτύλη","κοτύλ",Feminine,1e,寛骨臼,,,,
"453","κουρά","κουρ",Feminine,1a,疲れた,,,,
"454","κούρη","κούρ",Feminine,1e,くり,,,,
"455","κράδη","κράδ",Feminine,1e,州,,,,
"456","κράμβη","κράμβ",Feminine,1e,カブ,,,,
"457","κρήνη","κρήν",Feminine,1e,噴水,,,,
"458","κραδίη","κραδί",Feminine,1e,スパイス,,,,
"459","κραιπάλη","κραιπάλ",Feminine,1e,でたらめ,,,,
"460","κρεάγρα","κρεάγρ",Feminine,1a,いいね,,,,
"461","κρεμάθρα","κρεμάθρ",Feminine,1a,ハンガー,,,,
"462","κρεοθήκη","κρεοθήκ",Feminine,1e,食肉処理場,,,,
"463","κρεοστάθμη","κρεοστάθμ",Feminine,1e,しきい値,,,,
"464","κρησέρα","κρησέρ",Feminine,1a,クレセラ,,,,
"465","κριγή","κριγ",Feminine,1e,叫び,,,,
"466","κριθή","κριθ",Feminine,1e,大麦,,,,
"467","κρούπεζαι","κρούπεζ",Feminine,1a,クループ,,1,0,0
"468","κρόκη","κρόκ",Feminine,1e,よこ糸,,,,
"469","κυμινοθήκη","κυμινοθήκ",Feminine,1e,収納ケース,,,,
"470","κυνάγχη","κυνάγχ",Feminine,1e,狭心症,,,,
"471","κυνέη","κυνέ",Feminine,1e,障害,,,,
"472","κυνοδέσμη","κυνοδέσμ",Feminine,1e,犬用ハーネス,,,,
"473","κυνοκράμβη","κυνοκράμβ",Feminine,1e,セイヨウワサビ,,,,
"474","κυνοχάλκη","κυνοχάλκ",Feminine,1e,犬の銅,,,,
"475","κυνόμυια","κυνόμυι",Feminine,1a,犬歯,,,,
"476","κυρία","κυρί",Feminine,1a,レディ,,,,
"477","κυρβασία","κυρβασί",Feminine,1a,曲率,,,,
"478","κυσήγη","κυσήγ",Feminine,1e,追跡,,,,
"479","κυψέλη","κυψέλ",Feminine,1e,ハイブ,,,,
"480","κωμῳδία","κωμῳδί",Feminine,1a,コメディ,,,,
"481","κόγχη","κόγχ",Feminine,1e,適所,,,,
"482","κόλλα","κόλλ",Feminine,1a,のり,,,,
"483","κόμη","κόμ",Feminine,1e,髪,,,,
"484","κόνυζα","κόνυζ",Feminine,1a,ほこり,,,,
"485","κόρη","κόρ",Feminine,1e,娘,,,,
"486","κόρση","κόρσ",Feminine,1e,人種,,,,
"487","κόρυζα","κόρυζ",Feminine,1a,鼻汁,,,,
"488","κύμβη","κύμβ",Feminine,1e,バブル,,,,
"489","κώδεια","κώδει",Feminine,1a,コード,,,,
"490","κώμη","κώμ",Feminine,1e,伯爵,,,,
"491","κώπη","κώπ",Feminine,1e,オール,,,,
"492","λάλη","λάλ",Feminine,1e,せせらぎ,,,,
"493","λάμια","λάμι",Feminine,1a,グール,,,,
"494","λάμπη","λάμπ",Feminine,1e,ランプ,,,,
"495","λάσθη","λάσθ",Feminine,1e,間違い,,,,
"496","λάχνη","λάχν",Feminine,1e,絨毛,,,,
"497","λέαινα","λέαιν",Feminine,1a,雌ライオン,,,,
"498","λέμνα","λέμν",Feminine,1a,湖,,,,
"499","λέπρα","λέπρ",Feminine,1a,ハンセン病,,,,
"500","λέσχη","λέσχ",Feminine,1e,クラブ,,,,
"501","λήθη","λήθ",Feminine,1e,忘却,,,,
"502","λήμη","λήμ",Feminine,1e,エントリ,,,,
"503","λίμνη","λίμν",Feminine,1e,湖,,,,
"504","λίτρα","λίτρ",Feminine,1a,リットル,,,,
"505","λαβή","λαβ",Feminine,1e,柄、柄、握り、握り、,"handle, haft, grip, hold, ",,,
"506","λαβροσύνη","λαβροσύν",Feminine,1e,可愛さ,,,,
"507","λαγκία","λαγκί",Feminine,1a,弱点,,,,
"508","λαγνεία","λαγνεί",Feminine,1a,欲望,,,,
"509","λαθιφροσύνη","λαθιφροσύν",Feminine,1e,可愛さ,,,,
"510","λαλαγή","λαλαγ",Feminine,1e,遠吠え,,,,
"511","λαλιά","λαλι",Feminine,1a,スピーチ,,,,
"512","λαλιή","λαλι",Feminine,1e,ラリア,,,,
"513","λαμπήνη","λαμπήν",Feminine,1e,明るい,,,,
"514","λαπάρα","λαπάρ",Feminine,1a,ハードワーク,,,,
"515","λαπάρη","λαπάρ",Feminine,1e,勤勉な,,,,
"516","λατρεία","λατρεί",Feminine,1a,崇拝,,,,
"517","λατύπη","λατύπ",Feminine,1e,残念,,,,
"518","λαυκανίη","λαυκανί",Feminine,1e,ラウカニア,,,,
"519","λαχανεία","λαχανεί",Feminine,1a,呼吸困難,,,,
"520","λαχανοθήκη","λαχανοθήκ",Feminine,1e,菜園,,,,
"521","λαψάνη","λαψάν",Feminine,1e,ラップサン,,,,
"522","λαύρα","λαύρ",Feminine,1a,月桂樹,,,,
"523","λαύρη","λαύρ",Feminine,1e,月桂樹,,,,
"524","λεία","λεί",Feminine,1a,戦利品,,,,
"525","λειτουργία","λειτουργί",Feminine,1a,モード,,,,
"526","λεκάνη","λεκάν",Feminine,1e,たらい,,,,
"527","λεοντική","λεοντικ",Feminine,1e,雌ライオン,,,,
"528","λεπαστή","λεπαστ",Feminine,1e,薄片状,,,,
"529","λευκάκανθα","λευκάκανθ",Feminine,1a,メイフラワー,,,,
"530","λεύκη","λεύκ",Feminine,1e,ポプラ,,,,
"531","ληθαργία","ληθαργί",Feminine,1a,無気力,,,,
"532","λιβανοθήκη","λιβανοθήκ",Feminine,1e,香炉,,,,
"533","λιθόκολλα","λιθόκολλ",Feminine,1a,石のり,,,,
"534","λιτή","λιτ",Feminine,1e,質素な,,,,
"535","λογογραφία","λογογραφί",Feminine,1a,ロゴグラフィー,,,,
"536","λογομαχία","λογομαχί",Feminine,1a,言葉をめぐって争う,fight about words,,,
"537","λοιβή","λοιβ",Feminine,1e,ロイブ,,,,
"538","λυτήριον","λυτήρι",Feminine,1on,身代金,,0,0,0
"539","λυχνοκαΐα","λυχνοκαΐ",Feminine,1a,火傷,,,,
"540","λόγχη","λόγχ",Feminine,1e,ランス,,,,
"541","λύκαινα","λύκαιν",Feminine,1a,オオカミ,,,,
"542","λύμη","λύμ",Feminine,1e,解決,,,,
"543","λύπη","λύπ",Feminine,1e,後悔,,,,
"544","λύρα","λύρ",Feminine,1a,リラ,,,,
"545","λύσσα","λύσσ",Feminine,1a,狂犬病,,,,
"546","λώβη","λώβ",Feminine,1e,ローブ,,,,
"547","λώπη","λώπ",Feminine,1e,残念,,,,
"548","λῃστεία","λῃστεί",Feminine,1a,強盗,,,,
"549","μάκελλα","μάκελλ",Feminine,1a,マチェーテ,,,,
"550","μάκτρα","μάκτρ",Feminine,1a,スキージ,,,,
"551","μάλη","μάλ",Feminine,1e,闘争,,,,
"552","μάλθα","μάλθ",Feminine,1a,マルタ,,,,
"553","μάλκη","μάλκ",Feminine,1e,ミルク,,,,
"554","μάμμη","μάμμ",Feminine,1e,助産師,,,,
"555","μάνδρα","μάνδρ",Feminine,1a,ペン,,,,
"556","μάραγνα","μάραγν",Feminine,1a,マラーニュ,,,,
"557","μάρη","μάρ",Feminine,1e,メアリー,,,,
"558","μάτη","μάτ",Feminine,1e,目,,,,
"559","μάχαιρα","μάχαιρ",Feminine,1a,ナイフ,,,,
"560","μάχη","μάχ",Feminine,1e,戦い,,,,
"561","μέλισσα","μέλισσ",Feminine,1a,蜂,,,,
"562","μέλιττα","μέλιττ",Feminine,1a,蜂蜜,,,,
"563","μέλκα","μέλκ",Feminine,1a,メルカ,,,,
"564","μέριμνα","μέριμν",Feminine,1a,懸念,,,,
"565","μέταξα","μέταξ",Feminine,1a,シルク,,,,
"566","μήλη","μήλ",Feminine,1e,りんご,,,,
"567","μήνη","μήν",Feminine,1e,月,,,,
"568","μήτρα","μήτρ",Feminine,1a,マトリックス,,,,
"569","μίνθη","μίνθ",Feminine,1e,ミント,,,,
"570","μίτρα","μίτρ",Feminine,1a,マイター,,,,
"571","μαίνη","μαίν",Feminine,1e,私の,,,,
"572","μαγειρική","μαγειρικ",Feminine,1e,料理,,,,
"573","μαθηματική","μαθηματικ",Feminine,1e,数学,,,,
"574","μαιευτική","μαιευτικ",Feminine,1e,産科,,,,
"575","μακροθυμία","μακροθυμί",Feminine,1a,辛抱強さ、忍耐、寛容,"long-suffering, patience, forbearance",,,
"576","μακροθυμίη","μακροθυμί",Feminine,1e,長い苦しみ,,,,
"577","μαλάχη","μαλάχ",Feminine,1e,マラキ,,,,
"578","μανία","μανί",Feminine,1a,マニア,,,,
"579","μανδύα","μανδύ",Feminine,1a,マント,,,,
"580","μαντεία","μαντεί",Feminine,1a,占い,,,,
"581","μαντοσύνη","μαντοσύν",Feminine,1e,占い,,,,
"582","μαρίλη","μαρίλ",Feminine,1e,マリール,,,,
"583","μαρτυρία","μαρτυρί",Feminine,1a,証言,,,,
"584","μαστίχη","μαστίχ",Feminine,1e,マスチックの,,,,
"585","μασχάλη","μασχάλ",Feminine,1e,脇の下,,,,
"586","ματαιολογία","ματαιολογί",Feminine,1a,ナンセンス,,,,
"587","ματαιοτεχνία","ματαιοτεχνί",Feminine,1a,虚栄心,,,,
"588","μαχαιροθήκη","μαχαιροθήκ",Feminine,1e,ナイフケース,,,,
"589","μαχανά","μαχαν",Feminine,1a,マハナ,,,,
"590","μαχλοσύνη","μαχλοσύν",Feminine,1e,愚かさ,,,,
"591","μαῖα","μαῖ",Feminine,1a,助産師,,,,
"592","μειλίχη","μειλίχ",Feminine,1e,軽度,,,,
"593","μελέτη","μελέτ",Feminine,1e,勉強,,,,
"594","μελία","μελί",Feminine,1a,灰,,,,
"595","μελίη","μελί",Feminine,1e,蜂蜜,,,,
"596","μελίνη","μελίν",Feminine,1e,蜂蜜,,,,
"597","μελαγχολία","μελαγχολί",Feminine,1a,憂鬱,,,,
"598","μελῳδία","μελῳδί",Feminine,1a,メロディー,,,,
"599","μεμβράνα","μεμβράν",Feminine,1a,膜,,,,
"600","μενθήρη","μενθήρ",Feminine,1e,メンサー,,,,
"601","μετάνοια","μετάνοι",Feminine,1a,悔い改め,,,,
"602","μεταβολή","μεταβολ",Feminine,1e,変化、突然変異、変容,"change, mutation, transformation",,,
"603","μεταμέλεια","μεταμέλει",Feminine,1a,悔い改め,,,,
"604","μεταφορά","μεταφορ",Feminine,1a,輸送,,,,
"605","μετοικία","μετοικί",Feminine,1a,コンドミニアム,,,,
"606","μετοχή","μετοχ",Feminine,1e,共有,,,,
"607","μετόπη","μετόπ",Feminine,1e,メトープ,,,,
"608","μηλολόνθη","μηλολόνθ",Feminine,1e,コックチャファー,,,,
"609","μητρυιά","μητρυι",Feminine,1a,継母,,,,
"610","μηχανή","μηχαν",Feminine,1e,マシーン,,,,
"611","μικρολογία","μικρολογί",Feminine,1a,"けち, 卑劣, つまらない, 空気を割る, 細心の注意を払った議論, 中傷, 卑劣な言葉遣い","stinginess, meanness, pettiness, airsplitting, meticulous argument, disparagement, depreciating language",,,
"612","μισανδρία","μισανδρί",Feminine,1a,ミサンドリー,,,,
"613","μισογυνία","μισογυνί",Feminine,1a,ミソジニー,,,,
"614","μνήμη","μνήμ",Feminine,1e,メモリー,,,,
"615","μνημοσύνη","μνημοσύν",Feminine,1e,メモリー,,,,
"616","μνᾶ","μν",Feminine,1a,100 ドラクマに相当する金額、100 ドラクマに相当する重量,"sum of money equivalent to a hundred drachmas, weight equivalent to a hundred drachmas",,,
"617","μολπή","μολπ",Feminine,1e,祈り,,,,
"618","μολόχη","μολόχ",Feminine,1e,アオイ科の植物,,,,
"619","μολύβδαινα","μολύβδαιν",Feminine,1a,リード,,,,
"620","μομφή","μομφ",Feminine,1e,非難、非難、不平の原因,"blame, reproof, cause of complaint",,,
"621","μονή","μον",Feminine,1e,修道院,,,,
"622","μοναρχία","μοναρχί",Feminine,1a,君主制,,,,
"623","μοναχή","μοναχ",Feminine,1e,修道女,,,,
"624","μονοπωλία","μονοπωλί",Feminine,1a,独占,,,,
"625","μονοτονία","μονοτονί",Feminine,1a,単調,,,,
"626","μορφή","μορφ",Feminine,1e,形,,,,
"627","μουσική","μουσικ",Feminine,1e,音楽,,,,
"628","μοῖρα","μοῖρ",Feminine,1a,運命,,,,
"629","μυάγρα","μυάγρ",Feminine,1a,バイアグラ,,,,
"630","μυγαλέη","μυγαλέ",Feminine,1e,ミグリー,,,,
"631","μυθολογία","μυθολογί",Feminine,1a,神話,,,,
"632","μυρίκη","μυρίκ",Feminine,1e,ミリス,,,,
"633","μυροθήκη","μυροθήκ",Feminine,1e,香味料入れ,,,,
"634","μυρσίνη","μυρσίν",Feminine,1e,ギンバイカ,,,,
"635","μυστίλη","μυστίλ",Feminine,1e,ヤドリギ,,,,
"636","μυστροθήκη","μυστροθήκ",Feminine,1e,ミストラルケース,,,,
"637","μυῖα","μυῖ",Feminine,1a,筋肉,,,,
"638","μόρα","μόρ",Feminine,1a,モラ,,,,
"639","μύλη","μύλ",Feminine,1e,工場,,,,
"640","μύνη","μύν",Feminine,1e,障害,,,,
"641","μύξα","μύξ",Feminine,1a,鼻水,,,,
"642","μύραινα","μύραιν",Feminine,1a,ヤツメウナギ,,,,
"643","μύρρα","μύρρ",Feminine,1a,没薬,,,,
"644","μᾶζα","μᾶζ",Feminine,1a,質量,,,,
"645","μῦα","μῦ",Feminine,1a,私の,,,,
"646","νάβλα","νάβλ",Feminine,1a,ナヴラ,,,,
"647","νάκη","νάκ",Feminine,1e,なけ,,,,
"648","νάπη","νάπ",Feminine,1e,おむつ,,,,
"649","νάρκη","νάρκ",Feminine,1e,しびれ、無気力、アカエイ、電気光線,"numbness, torpor, stingray, electric ray",,,
"650","νάρτη","νάρτ",Feminine,1e,ダーツ,,,,
"651","νάρφη","νάρφ",Feminine,1e,ナーフ,,,,
"652","νάφθα","νάφθ",Feminine,1a,ナフサ,,,,
"653","νήθουσα","νήθουσ",Feminine,1a,ニトウサ,,,,
"654","νίκη","νίκ",Feminine,1e,"勝利で得たもの, 勝利の成果, 優勢, アドバンテージ","things won in victory, fruits of victory, upper hand, advantage",,,
"655","νίννη","νίνν",Feminine,1e,ニンナ,,,,
"656","ναυμαχία","ναυμαχί",Feminine,1a,海戦,,,,
"657","ναυσία","ναυσί",Feminine,1a,吐き気,,,,
"658","νεάτη","νεάτ",Feminine,1e,若い女性,,,,
"659","νεκροθήκη","νεκροθήκ",Feminine,1e,遺体安置所,,,,
"660","νεκρομαντεία","νεκρομαντεί",Feminine,1a,ネクロマンシー,,,,
"661","νευρά","νευρ",Feminine,1a,神経,,,,
"662","νευρή","νευρ",Feminine,1e,緊張,,,,
"663","νεφέλη","νεφέλ",Feminine,1e,雲,,,,
"664","νηνία","νηνί",Feminine,1a,ニーナ,,,,
"665","νομή","νομ",Feminine,1e,県,,,,
"666","νύμφα","νύμφ",Feminine,1a,ニンフ,,,,
"667","νύμφη","νύμφ",Feminine,1e,ニンフ,,,,
"668","νύσσα","νύσσ",Feminine,1a,ニッサ,,,,
"669","νῆττα","νῆττ",Feminine,1a,ニッタ,,,,
"670","ξάνθη","ξάνθ",Feminine,1e,ブロンド,,,,
"671","ξένη","ξέν",Feminine,1e,外国,,,,
"672","ξενία","ξενί",Feminine,1a,セニア,,,,
"673","ξενηλασία","ξενηλασί",Feminine,1a,放浪癖,,,,
"674","ξηρά","ξηρ",Feminine,1a,土地,,,,
"675","ξιφοθήκη","ξιφοθήκ",Feminine,1e,剣ケース,,,,
"676","ξιφομάχαιρα","ξιφομάχαιρ",Feminine,1a,短剣,,,,
"677","ξυήλη","ξυήλ",Feminine,1e,木材,,,,
"678","ξυγγένεια","ξυγγένει",Feminine,1a,親族関係,,,,
"679","ξυγγνώμη","ξυγγνώμ",Feminine,1e,ごめん,,,,
"680","ξυλαλόη","ξυλαλό",Feminine,1e,キシラロエ,,,,
"681","ξυλαμή","ξυλαμ",Feminine,1e,木材,,,,
"682","ξυλεία","ξυλεί",Feminine,1a,木材,,,,
"683","ξυλική","ξυλικ",Feminine,1e,木製,,,,
"684","ξυλοθήκη","ξυλοθήκ",Feminine,1e,ウッドケース,,,,
"685","ξυμμαχία","ξυμμαχί",Feminine,1a,喧嘩,,,,
"686","ξυμφορά","ξυμφορ",Feminine,1a,シンフォラ,,,,
"687","ξυνθήκη","ξυνθήκ",Feminine,1e,かみそりケース,,,,
"688","ξυντυχία","ξυντυχί",Feminine,1a,不幸,,,,
"689","ξυροθήκη","ξυροθήκ",Feminine,1e,かみそりケース,,,,
"690","ξύστρα","ξύστρ",Feminine,1a,削り器,,,,
"691","οἰκία","οἰκί",Feminine,1a,家,,,,
"692","οἰκίη","οἰκί",Feminine,1e,家,,,,
"693","οἰκονομία","οἰκονομί",Feminine,1a,経済,,,,
"694","οἰκουμένη","οἰκουμέν",Feminine,1e,世界,,,,
"695","οἰμωγή","οἰμωγ",Feminine,1e,模倣,,,,
"696","οἰνάνθη","οἰνάνθ",Feminine,1e,ミノネット,,,,
"697","οἰνοθήκη","οἰνοθήκ",Feminine,1e,ワインセラー,,,,
"698","οἰνοχόη","οἰνοχό",Feminine,1e,ワインメーカー,,,,
"699","οἰσύπη","οἰσύπ",Feminine,1e,ラノリン、羊毛から抽出されたグリース,"lanolin, grease extracted from sheeps wool",,,
"700","οἴνη","οἴν",Feminine,1e,ワイン,,,,
"701","οἴσπη","οἴσπ",Feminine,1e,教会,,,,
"702","οὐλή","οὐλ",Feminine,1e,傷跡,,,,
"703","οὐλαί","οὐλ",Feminine,1e,いけにえの犠牲者の頭にまき散らされた大麦のとうもろこし,"barley-corns, which were sprinkled on head of sacrificial victim",1,0,0
"704","οὐλοχύται","οὐλοχύτ",Feminine,1a,注ぐ大麦,"barley that is poured ",1,0,0
"705","οὐρά","οὐρ",Feminine,1a,しっぽ,,,,
"706","οὐράνη","οὐράν",Feminine,1e,空,,,,
"707","οὐρήθρα","οὐρήθρ",Feminine,1a,尿道,,,,
"708","οὐσία","οὐσί",Feminine,1a,物質,,,,
"709","πάγη","πάγ",Feminine,1e,氷,,,,
"710","πάθη","πάθ",Feminine,1e,苦しむ,,,,
"711","πάλη","πάλ",Feminine,1e,喧嘩,,,,
"712","πάρμη","πάρμ",Feminine,1e,パルマ,,,,
"713","πάτελλα","πάτελλ",Feminine,1a,パンケーキ,,,,
"714","πάτρα","πάτρ",Feminine,1a,パトラス,,,,
"715","πάτρη","πάτρ",Feminine,1e,お父さん,,,,
"716","πάχνη","πάχν",Feminine,1e,露,,,,
"717","πέδη","πέδ",Feminine,1e,ブレーキ,,,,
"718","πέλεια","πέλει",Feminine,1a,素晴らしい,,,,
"719","πέλλα","πέλλ",Feminine,1a,ペラ,,,,
"720","πέλτη","πέλτ",Feminine,1e,ゼリー,,,,
"721","πέρκη","πέρκ",Feminine,1e,止まり木,,,,
"722","πέρνα","πέρν",Feminine,1a,立ち寄る,,,,
"723","πέτρα","πέτρ",Feminine,1a,結石,,,,
"724","πέτρη","πέτρ",Feminine,1e,石,,,,
"725","πήνη","πήν",Feminine,1e,渇き,,,,
"726","πήρα","πήρ",Feminine,1a,バッグ、雑嚢、ポーチ、財布,"bag, haversack, pouch, wallet",,,
"727","πήρη","πήρ",Feminine,1e,バッグ、雑嚢、ポーチ、財布,"bag, haversack, pouch, wallet",,,
"728","πίνη","πίν",Feminine,1e,ペンシェル、パールシェル、パール,"pen shell, pearl shell, pearl",,,
"729","πίπρα","πίπρ",Feminine,1a,コショウ,,,,
"730","πίσσα","πίσσ",Feminine,1a,タール,,,,
"731","πίτα","πίτ",Feminine,1a,パイ,,,,
"732","παιδαγωγία","παιδαγωγί",Feminine,1a,教育学,,,,
"733","παιδεία","παιδεί",Feminine,1a,教育,,,,
"734","παιδεραστία","παιδεραστί",Feminine,1a,小児性愛,,,,
"735","παιδιά","παιδι",Feminine,1a,子供達,,,,
"736","παιδοφιλία","παιδοφιλί",Feminine,1a,小児性愛,,,,
"737","παιπάλη","παιπάλ",Feminine,1e,最高の小麦粉、最高の食事、微妙な話者、抜け目のない人,"finest flour, finest meal, subtle talker, shrewd person",,,
"738","παλάθη","παλάθ",Feminine,1e,宮殿,,,,
"739","παλάμη","παλάμ",Feminine,1e,手のひら,,,,
"740","παλαίστρα","παλαίστρ",Feminine,1a,パライストラ,,,,
"741","παλλακή","παλλακ",Feminine,1e,妾,,,,
"742","πανάκεια","πανάκει",Feminine,1a,万能薬,,,,
"743","πανδοκεύτρια","πανδοκεύτρι",Feminine,1a,宿屋の主人,,,,
"744","πανδοῦρα","πανδοῦρ",Feminine,1a,パンドラ,,,,
"745","πανθήρα","πανθήρ",Feminine,1a,パンサー,,,,
"746","πανοπλία","πανοπλί",Feminine,1a,鎧,,,,
"747","πανουργία","πανουργί",Feminine,1a,策略,,,,
"748","παράνοια","παράνοι",Feminine,1a,パラノイア,,,,
"749","παραβολή","παραβολ",Feminine,1e,たとえ話,,,,
"750","παραδοξολογία","παραδοξολογί",Feminine,1a,逆説,,,,
"751","παραθήκη","παραθήκ",Feminine,1e,伝統,,,,
"752","παρακαταθήκη","παρακαταθήκ",Feminine,1e,株式,,,,
"753","παρανομία","παρανομί",Feminine,1a,不法,,,,
"754","παρασκευή","παρασκευ",Feminine,1e,金曜日,,,,
"755","παρειά","παρει",Feminine,1a,頬,,,,
"756","παρεκβολή","παρεκβολ",Feminine,1e,外挿,,,,
"757","παρεμβολή","παρεμβολ",Feminine,1e,干渉,,,,
"758","παρενθήκη","παρενθήκ",Feminine,1e,遺言,,,,
"759","παροικία","παροικί",Feminine,1a,コミュニティ,,,,
"760","παροιμία","παροιμί",Feminine,1a,ことわざ,,,,
"761","παρονομασία","παρονομασί",Feminine,1a,指定,,,,
"762","παρουσία","παρουσί",Feminine,1a,面前,,,,
"763","παρρησία","παρρησί",Feminine,1a,生意気,,,,
"764","παρωνυχία","παρωνυχί",Feminine,1a,落胆,,,,
"765","παρῳδία","παρῳδί",Feminine,1a,茶番,,,,
"766","πασπάλη","πασπάλ",Feminine,1e,最高の小麦粉、最高の食事,"finest flour, finest meal",,,
"767","πατάνη","πατάν",Feminine,1e,パタニ,,,,
"768","πατριά","πατρι",Feminine,1a,祖国,,,,
"769","παυσικάπη","παυσικάπ",Feminine,1e,鎮痛剤,,,,
"770","παῦλα","παῦλ",Feminine,1a,ダッシュ,,,,
"771","πεζομαχία","πεζομαχί",Feminine,1a,フットコンバット,,,,
"772","πελίκη","πελίκ",Feminine,1e,ペリカン,,,,
"773","πενία","πενί",Feminine,1a,極貧,,,,
"774","πεντηκοστή","πεντηκοστ",Feminine,1e,ペンテコステ,,,,
"775","πεπλοθήκη","πεπλοθήκ",Feminine,1e,リネン庫,,,,
"776","περιβολή","περιβολ",Feminine,1e,囲い,,,,
"777","περιγραφή","περιγραφ",Feminine,1e,説明,,,,
"778","περικεφαλαία","περικεφαλαί",Feminine,1a,ヘルメット,,,,
"779","περιουσία","περιουσί",Feminine,1a,エステート,,,,
"780","περιοχή","περιοχ",Feminine,1e,範囲,,,,
"781","περισπωμένη","περισπωμέν",Feminine,1e,サーカムフレックス,,,,
"782","περιστερά","περιστερ",Feminine,1a,鳩,,,,
"783","περιτομή","περιτομ",Feminine,1e,割礼,,,,
"784","περιφέρεια","περιφέρει",Feminine,1a,領域,,,,
"785","περσέα","περσέ",Feminine,1a,ペルシア語,,,,
"786","περόνη","περόν",Feminine,1e,フォーク,,,,
"787","πετάλη","πετάλ",Feminine,1e,ペダル,,,,
"788","πεύκη","πεύκ",Feminine,1e,松,,,,
"789","πεῖνα","πεῖν",Feminine,1a,飢え,,,,
"790","πεῖρα","πεῖρ",Feminine,1a,経験,,,,
"791","πεῖσα","πεῖσ",Feminine,1a,従順,obedience,,,
"792","πηγή","πηγ",Feminine,1e,ソース,,,,
"793","πημονή","πημον",Feminine,1e,持続性,,,,
"794","πηνήκη","πηνήκ",Feminine,1e,飢え,,,,
"795","πιθάκνη","πιθάκν",Feminine,1e,ピサック,,,,
"796","πιμελή","πιμελ",Feminine,1e,勤勉,,,,
"797","πινακοθήκη","πινακοθήκ",Feminine,1e,ギャラリー,,,,
"798","πιστάκη","πιστάκ",Feminine,1e,ピスタチオ,,,,
"799","πλάνη","πλάν",Feminine,1e,エラー,,,,
"800","πλήμη","πλήμ",Feminine,1e,急ぐ,,,,
"801","πλήμνη","πλήμν",Feminine,1e,ハブ,,,,
"802","πλαστή","πλαστ",Feminine,1e,偽,,,,
"803","πλεκτάνη","πλεκτάν",Feminine,1e,編み物,,,,
"804","πλεονεξία","πλεονεξί",Feminine,1a,貪欲,,,,
"805","πλευρά","πλευρ",Feminine,1a,側,,,,
"806","πληγή","πληγ",Feminine,1e,傷,,,,
"807","πληθώρη","πληθώρ",Feminine,1e,豊富,,,,
"808","πλημοχόη","πλημοχό",Feminine,1e,水門,,,,
"809","πλοκή","πλοκ",Feminine,1e,プロット,,,,
"810","πλουτοκρατία","πλουτοκρατί",Feminine,1a,金権政治,,,,
"811","πνοή","πνο",Feminine,1e,呼吸,,,,
"812","πνοιή","πνοι",Feminine,1e,呼吸,,,,
"813","ποίμνη","ποίμν",Feminine,1e,群れ,,,,
"814","ποδάγρα","ποδάγρ",Feminine,1a,痛風,,,,
"815","ποδοστράβη","ποδοστράβ",Feminine,1e,曲がった足,,,,
"816","ποθή","ποθ",Feminine,1e,欲望,,,,
"817","ποινή","ποιν",Feminine,1e,ペナルティ,,,,
"818","πολιορκία","πολιορκί",Feminine,1a,包囲,,,,
"819","πολιτεία","πολιτεί",Feminine,1a,州,,,,
"820","πολυγαμία","πολυγαμί",Feminine,1a,一夫多妻,,,,
"821","πομπή","πομπ",Feminine,1e,行列,,,,
"822","πορνεία","πορνεί",Feminine,1a,売春,,,,
"823","πορφύρα","πορφύρ",Feminine,1a,紫,,,,
"824","ποτηροθήκη","ποτηροθήκ",Feminine,1e,カップホルダー,,,,
"825","πραγματεία","πραγματεί",Feminine,1a,論文,,,,
"826","προβολή","προβολ",Feminine,1e,投影,,,,
"827","προγραφή","προγραφ",Feminine,1e,禁止,,,,
"828","προδοσία","προδοσί",Feminine,1a,裏切り,,,,
"829","προκοπή","προκοπ",Feminine,1e,進捗,,,,
"830","προξενία","προξενί",Feminine,1a,お見合い,,,,
"831","προσβολή","προσβολ",Feminine,1e,攻撃,,,,
"832","προσδοκία","προσδοκί",Feminine,1a,期待,,,,
"833","προσευχή","προσευχ",Feminine,1e,祈り,,,,
"834","προσηγορία","προσηγορί",Feminine,1a,言い訳,,,,
"835","προσθήκη","προσθήκ",Feminine,1e,添加,,,,
"836","προσοχή","προσοχ",Feminine,1e,注意,,,,
"837","προσφορά","προσφορ",Feminine,1a,特別なオファー,,,,
"838","προσωποποιία","προσωποποιί",Feminine,1a,なりすまし,,,,
"839","προσῳδία","προσῳδί",Feminine,1a,韻律,,,,
"840","προφητεία","προφητεί",Feminine,1a,預言,,,,
"841","προφορά","προφορ",Feminine,1a,発音,,,,
"842","πρόνοια","πρόνοι",Feminine,1a,摂理,,,,
"843","πρῷρα","πρῷρ",Feminine,1a,前,,,,
"844","πτέρνα","πτέρν",Feminine,1a,ヒール,,,,
"845","πτέρνη","πτέρν",Feminine,1e,ヒール,,,,
"846","πταρμική","πταρμικ",Feminine,1e,パラミカル,,,,
"847","πτελέα","πτελέ",Feminine,1a,不完全,,,,
"848","πτισάνη","πτισάν",Feminine,1e,プティサニ,,,,
"849","πτυχή","πτυχ",Feminine,1e,くしゃくしゃ,,,,
"850","πτωχή","πτωχ",Feminine,1e,貧困,,,,
"851","πυγή","πυγ",Feminine,1e,肛門,,,,
"852","πυγμή","πυγμ",Feminine,1e,拳,,,,
"853","πυρά","πυρ",Feminine,1a,火葬,,,,
"854","πυράγρα","πυράγρ",Feminine,1a,ピラグラ,,,,
"855","πυρή","πυρ",Feminine,1e,火,,,,
"856","πυρία","πυρί",Feminine,1a,熱,,,,
"857","πυρκαϊά","πυρκαϊ",Feminine,1a,火,,,,
"858","πυτίνη","πυτίν",Feminine,1e,ピッチ,,,,
"859","πόα","πό",Feminine,1a,ポア,,,,
"860","πόρνη","πόρν",Feminine,1e,売春婦,,,,
"861","πόρπη","πόρπ",Feminine,1e,バックル,,,,
"862","πόσθη","πόσθ",Feminine,1e,断食,,,,
"863","πότνια","πότνι",Feminine,1a,ポトニア,,,,
"864","πύλη","πύλ",Feminine,1e,ゲート,,,,
"865","σάλπη","σάλπ",Feminine,1e,ラッパ,,,,
"866","σάρισα","σάρισ",Feminine,1a,サリッサ,,,,
"867","σίδη","σίδ",Feminine,1e,鉄,,,,
"868","σίλφη","σίλφ",Feminine,1e,シルフ,,,,
"869","σίσυρνα","σίσυρν",Feminine,1a,ドラゴン,,,,
"870","σίτλα","σίτλ",Feminine,1a,シトラ,,,,
"871","σίττη","σίττ",Feminine,1e,シッティ,,,,
"872","σαγή","σαγ",Feminine,1e,サガ,,,,
"873","σαγήνη","σαγήν",Feminine,1e,魅力,,,,
"874","σακκοπήρα","σακκοπήρ",Feminine,1a,バックパッカー,,,,
"875","σαλάμβη","σαλάμβ",Feminine,1e,サランビー,,,,
"876","σαλαγή","σαλαγ",Feminine,1e,混乱,,,,
"877","σαλαμάνδρα","σαλαμάνδρ",Feminine,1a,サンショウウオ,,,,
"878","σαμβύκη","σαμβύκ",Feminine,1e,サンビカ,,,,
"879","σαμψήρα","σαμψήρ",Feminine,1a,サンプシラ,,,,
"880","σανδαλοθήκη","σανδαλοθήκ",Feminine,1e,サンダルケース,,,,
"881","σανδαράκη","σανδαράκ",Feminine,1e,サンダラキ,,,,
"882","σανδαράχη","σανδαράχ",Feminine,1e,サンダラッハ,,,,
"883","σαπάνα","σαπάν",Feminine,1a,石鹸,,,,
"884","σαπρία","σαπρί",Feminine,1a,サプリア,,,,
"885","σαργάνη","σαργάν",Feminine,1e,鯉,,,,
"886","σαρκοκήλη","σαρκοκήλ",Feminine,1e,サルコセルス,,,,
"887","σαρκοκόλλα","σαρκοκόλλ",Feminine,1a,肉のり,,,,
"888","σατίνη","σατίν",Feminine,1e,サテン,,,,
"889","σατραπεία","σατραπεί",Feminine,1a,太守,,,,
"890","σαύρα","σαύρ",Feminine,1a,トカゲ,,,,
"891","σειρά","σειρ",Feminine,1a,シリーズ,,,,
"892","σελήνη","σελήν",Feminine,1e,月,,,,
"893","σεμνολογία","σεμνολογί",Feminine,1a,セミノロジー,,,,
"894","σενδούκη","σενδούκ",Feminine,1e,胸,,,,
"895","σημασία","σημασί",Feminine,1a,重要性,,,,
"896","σημύδα","σημύδ",Feminine,1a,白樺,,,,
"897","σηπία","σηπί",Feminine,1a,セピア,,,,
"898","σιβύνη","σιβύν",Feminine,1e,シビニー,,,,
"899","σιγά","σιγ",Feminine,1a,ゆっくり,,,,
"900","σιγή","σιγ",Feminine,1e,沈黙,,,,
"901","σιδηροθήκη","σιδηροθήκ",Feminine,1e,鉄ケース,,,,
"902","σικύα","σικύ",Feminine,1a,イチジクの木,,,,
"903","σισύρα","σισύρ",Feminine,1a,シューという音,,,,
"904","σιτοθήκη","σιτοθήκ",Feminine,1e,穀倉,,,,
"905","σιτοποιία","σιτοποιί",Feminine,1a,小麦産業,,,,
"906","σιωπή","σιωπ",Feminine,1e,沈黙,,,,
"907","σκάλμη","σκάλμ",Feminine,1e,棒,,,,
"908","σκάρφη","σκάρφ",Feminine,1e,スカーフ,,,,
"909","σκάφη","σκάφ",Feminine,1e,トラフ,,,,
"910","σκέπη","σκέπ",Feminine,1e,屋根,,,,
"911","σκίη","σκί",Feminine,1e,影,,,,
"912","σκίλλα","σκίλλ",Feminine,1a,シラ,,,,
"913","σκαμμωνία","σκαμμωνί",Feminine,1a,スカモニア,,,,
"914","σκαπάνη","σκαπάν",Feminine,1e,鍬,,,,
"915","σκαπέρδα","σκαπέρδ",Feminine,1a,くだらない,,,,
"916","σκευή","σκευ",Feminine,1e,道具,,,,
"917","σκευοθήκη","σκευοθήκ",Feminine,1e,サイドボード,,,,
"918","σκηνή","σκην",Feminine,1e,シーン,,,,
"919","σκηνογραφία","σκηνογραφί",Feminine,1a,舞台美術,,,,
"920","σκηνοθήκη","σκηνοθήκ",Feminine,1e,ステージ,,,,
"921","σκηνοπηγία","σκηνοπηγί",Feminine,1a,舞台美術,,,,
"922","σκιά","σκι",Feminine,1a,影の多い,,,,
"923","σκιαμαχία","σκιαμαχί",Feminine,1a,シャドーボクシング,,,,
"924","σκολόπενδρα","σκολόπενδρ",Feminine,1a,スコロペンドラ,,,,
"925","σκοπή","σκοπ",Feminine,1e,範囲,,,,
"926","σκοπιά","σκοπι",Feminine,1a,ものみの塔,,,,
"927","σκοπιή","σκοπι",Feminine,1e,範囲,,,,
"928","σκοτία","σκοτί",Feminine,1a,暗闇,,,,
"929","σκυτάλη","σκυτάλ",Feminine,1e,バトン,,,,
"930","σκωρία","σκωρί",Feminine,1a,スラグ,,,,
"931","σκόρπαινα","σκόρπαιν",Feminine,1a,散らした,,,,
"932","σμίλη","σμίλ",Feminine,1e,ノミ,,,,
"933","σμηματοθήκη","σμηματοθήκ",Feminine,1e,シグナルボックス,,,,
"934","σμινύη","σμινύ",Feminine,1e,ミニー,,,,
"935","σμύρνα","σμύρν",Feminine,1a,没薬,,,,
"936","σοφία","σοφί",Feminine,1a,ソフィア,,,,
"937","σπάθη","σπάθ",Feminine,1e,セイバー,,,,
"938","σπίζα","σπίζ",Feminine,1a,スパークプラグ,,,,
"939","σπατίλη","σπατίλ",Feminine,1e,無駄な,,,,
"940","σπειραία","σπειραί",Feminine,1a,スピラエア,,,,
"941","σπεῖρα","σπεῖρ",Feminine,1a,螺旋,,,,
"942","σπιθαμή","σπιθαμ",Feminine,1e,スパン,,,,
"943","σπονδή","σπονδ",Feminine,1e,お酒,,,,
"944","σπορά","σπορ",Feminine,1a,播種,,,,
"945","σπουδή","σπουδ",Feminine,1e,勉強,,,,
"946","στάθμη","στάθμ",Feminine,1e,レベル,,,,
"947","στέγη","στέγ",Feminine,1e,屋根,,,,
"948","στήλη","στήλ",Feminine,1e,桁,,,,
"949","στία","στί",Feminine,1a,場所,,,,
"950","στίβη","στίβ",Feminine,1e,トラックとフィールド,,,,
"951","στακτή","στακτ",Feminine,1e,灰,,,,
"952","σταφυλάγρα","σταφυλάγρ",Feminine,1a,ブドウ球菌,,,,
"953","σταφυλή","σταφυλ",Feminine,1e,口蓋垂,,,,
"954","στελεά","στελε",Feminine,1a,完了,,,,
"955","στεῖρα","στεῖρ",Feminine,1a,無菌,,,,
"956","στιγμή","στιγμ",Feminine,1e,ドット,,,,
"957","στοά","στο",Feminine,1a,ストーア,,,,
"958","στοιβή","στοιβ",Feminine,1e,スタック,,,,
"959","στολή","στολ",Feminine,1e,ユニフォーム,,,,
"960","στοναχή","στοναχ",Feminine,1e,痛み,,,,
"961","στοργή","στοργ",Feminine,1e,愛情,,,,
"962","στραγγουρία","στραγγουρί",Feminine,1a,奇妙な,,,,
"963","στρατεία","στρατεί",Feminine,1a,軍,,,,
"964","στρατηΐη","στρατηΐ",Feminine,1e,兵隊,,,,
"965","στρατηγία","στρατηγί",Feminine,1a,統率,,,,
"966","στρατιά","στρατι",Feminine,1a,軍,,,,
"967","στροβίλη","στροβίλ",Feminine,1e,タービン,,,,
"968","στροφή","στροφ",Feminine,1e,回す、回る、回る、ねじる,"turning, a turn, revolving, twisting",,,
"969","στρωμνή","στρωμν",Feminine,1e,寝具,,,,
"970","στυλίτισσα","στυλίτισσ",Feminine,1a,スタイリスト,,,,
"971","στυπτηρία","στυπτηρί",Feminine,1a,ミョウバン,,,,
"972","συβήνη","συβήν",Feminine,1e,イベント,,,,
"973","συγγένεια","συγγένει",Feminine,1a,親和性,,,,
"974","συγγνώμη","συγγνώμ",Feminine,1e,承認、自白、寛大な判断、許可。 他人との仲間意識、許し、許し,"acknowledgement, confession, lenient judgement, allowance; fellow feeling with another, pardon, forgiveness",,,
"975","συγγραφή","συγγραφ",Feminine,1e,書き込み,,,,
"976","συγγραφοδιαθήκη","συγγραφοδιαθήκ",Feminine,1e,遺言書,,,,
"977","συγκοπή","συγκοπ",Feminine,1e,失神,,,,
"978","συζυγία","συζυγί",Feminine,1a,活用,,,,
"979","συκέα","συκέ",Feminine,1a,イチジクの木,fig tree,,,
"980","συκοφαντία","συκοφαντί",Feminine,1a,中傷,,,,
"981","συλλαβή","συλλαβ",Feminine,1e,音節,,,,
"982","συλλογή","συλλογ",Feminine,1e,コレクション,,,,
"983","συμβουλή","συμβουλ",Feminine,1e,助言,,,,
"984","συμμαχία","συμμαχί",Feminine,1a,アライアンス,,,,
"985","συμμετρία","συμμετρί",Feminine,1a,対称,,,,
"986","συμπάθεια","συμπάθει",Feminine,1a,シンパシー,,,,
"987","συμφορά","συμφορ",Feminine,1a,災害,,,,
"988","συμφωνία","συμφωνί",Feminine,1a,合意,,,,
"989","συναγωγή","συναγωγ",Feminine,1e,シナゴーグ,,,,
"990","συναφή","συναφ",Feminine,1e,接続、結合、結合、結合点、結合線、テトラコードの結合,"connection, union, junction, point of junction, line of junction,  conjunction of tetrachords",,,
"991","συνδρομή","συνδρομ",Feminine,1e,サブスクリプション,,,,
"992","συνθήκη","συνθήκ",Feminine,1e,調子,,,,
"993","συνοικία","συνοικί",Feminine,1a,区域,,,,
"994","συντέλεια","συντέλει",Feminine,1a,完璧,,,,
"995","συνταγματαρχία","συνταγματαρχί",Feminine,1a,連隊,,,,
"996","συντυχία","συντυχί",Feminine,1a,幸せ,,,,
"997","συρία","συρί",Feminine,1a,シリア,,,,
"998","συστολή","συστολ",Feminine,1e,収縮,,,,
"999","σφαγή","σφαγ",Feminine,1e,虐殺,,,,
"1000","σφαιροθήκη","σφαιροθήκ",Feminine,1e,弾丸ケース,,,,
"1001","σφαιρομαχία","σφαιρομαχί",Feminine,1a,弾丸バトル,,,,
"1002","σφαῖρα","σφαῖρ",Feminine,1a,球体,,,,
"1003","σφενδόνη","σφενδόν",Feminine,1e,スリング,,,,
"1004","σφύραινα","σφύραιν",Feminine,1a,バラクーダ,,,,
"1005","σφῦρα","σφῦρ",Feminine,1a,ハンマー,,,,
"1006","σχίζα","σχίζ",Feminine,1a,スライバー,,,,
"1007","σχεδία","σχεδί",Feminine,1a,デザイン,,,,
"1008","σχενδύλη","σχενδύλ",Feminine,1e,キャンドル,,,,
"1009","σχολή","σχολ",Feminine,1e,レジャー,,,,
"1010","σωτηρία","σωτηρί",Feminine,1a,救い,,,,
"1011","σωφροσύνη","σωφροσύν",Feminine,1e,慎重,,,,
"1012","σύλη","σύλ",Feminine,1e,シル,,,,
"1013","σύννοια","σύννοι",Feminine,1a,陰謀,,,,
"1014","τάρπη","τάρπ",Feminine,1e,タープ,,,,
"1015","τέφρα","τέφρ",Feminine,1a,灰,,,,
"1016","τέχνη","τέχν",Feminine,1e,美術,,,,
"1017","τήβεννα","τήβενν",Feminine,1a,テベナ,,,,
"1018","τήθη","τήθ",Feminine,1e,税関,,,,
"1019","τίλαι","τίλ",Feminine,1a,ティライ,,1,0,0
"1020","τίτθη","τίτθ",Feminine,1e,ティティ,,,,
"1021","τίφη","τίφ",Feminine,1e,ティフィ,,,,
"1022","ταγή","ταγ",Feminine,1e,注文,,,,
"1023","ταινία","ταινί",Feminine,1a,映画,,,,
"1024","ταμία","ταμί",Feminine,1a,会計,,,,
"1025","ταμίη","ταμί",Feminine,1e,会計,,,,
"1026","ταπεινολογία","ταπεινολογί",Feminine,1a,屈辱,,,,
"1027","ταπεινοφροσύνη","ταπεινοφροσύν",Feminine,1e,謙虚,,,,
"1028","ταραχή","ταραχ",Feminine,1e,攪拌,,,,
"1029","ταυρομαχία","ταυρομαχί",Feminine,1a,闘牛,,,,
"1030","ταὐτολογία","ταὐτολογί",Feminine,1a,トートロジー,,,,
"1031","τελευτή","τελευτ",Feminine,1e,過去,,,,
"1032","τεχνολογία","τεχνολογί",Feminine,1a,テクノロジー,,,,
"1033","τηλία","τηλί",Feminine,1a,テリア,,,,
"1034","τηλίνη","τηλίν",Feminine,1e,テリン,,,,
"1035","τιάρα","τιάρ",Feminine,1a,ティアラ,,,,
"1036","τιθήνη","τιθήν",Feminine,1e,タイチン,,,,
"1037","τιμά","τιμ",Feminine,1a,栄誉,,,,
"1038","τιμή","τιμ",Feminine,1e,価格,,,,
"1039","τιμωρία","τιμωρί",Feminine,1a,罰,,,,
"1040","τολύπη","τολύπ",Feminine,1e,クルー、糸を紡ぐ準備ができた羊毛のボール、何でもボール、球状のケーキ、コロシンス,"clew, ball of wool ready for spinning, ball of anything, globular cake, colocynth",,,
"1041","τοξοθήκη","τοξοθήκ",Feminine,1e,アーチェリー,,,,
"1042","τοπογραφία","τοπογραφί",Feminine,1a,地形,,,,
"1043","τορύνη","τορύν",Feminine,1e,トリネ,,,,
"1044","τράγαινα","τράγαιν",Feminine,1a,不毛の雌ヤギ、雌雄同体,"barren she-goat, hermaphrodite",,,
"1045","τράπεζα","τράπεζ",Feminine,1a,銀行,,,,
"1046","τρίαινα","τρίαιν",Feminine,1a,トライデント,,,,
"1047","τρίγλη","τρίγλ",Feminine,1e,トリグリ,,,,
"1048","τραβέα","τραβέ",Feminine,1a,トラベア,,,,
"1049","τραγάκανθα","τραγάκανθ",Feminine,1a,トラガント,,,,
"1050","τραγῳδία","τραγῳδί",Feminine,1a,悲劇,,,,
"1051","τρασιά","τρασι",Feminine,1a,粗い,,,,
"1052","τριβή","τριβ",Feminine,1e,擦り減る、すり減る、浪費する、理論に反する実践、忙しくしているもの、ケアの対象、不安、愛、浪費,"rubbing down, wearing away, wasting, practice as opposed to theory, that about which one is busied, the object of care, anxiety, love, a spending ",,,
"1053","τρικυμία","τρικυμί",Feminine,1a,嵐,,,,
"1054","τριλογία","τριλογί",Feminine,1a,三部作,,,,
"1055","τριλοφία","τριλοφί",Feminine,1a,三部作,,,,
"1056","τροπή","τροπ",Feminine,1e,転向する、敵を遠ざける,"turning, turning away enemy, rout, solstice, trope",,,
"1057","τροφή","τροφ",Feminine,1e,食物,,,,
"1058","τροχιλία","τροχιλί",Feminine,1a,プーリー,,,,
"1059","τροχιλεία","τροχιλεί",Feminine,1a,軌道,,,,
"1060","τρυτάνη","τρυτάν",Feminine,1e,トリタン,,,,
"1061","τρυφάλεια","τρυφάλει",Feminine,1a,優しさ,,,,
"1062","τρώγλη","τρώγλ",Feminine,1e,犬小屋,,,,
"1063","τυκάνη","τυκάν",Feminine,1e,ティカン,,,,
"1064","τυραννοκτονία","τυραννοκτονί",Feminine,1a,暴君殺し,,,,
"1065","τυρεία","τυρεί",Feminine,1a,チーズ,,,,
"1066","τόλμα","τόλμ",Feminine,1a,あえて,,,,
"1067","τύλη","τύλ",Feminine,1e,チュール,,,,
"1068","τύρβη","τύρβ",Feminine,1e,妨害,,,,
"1069","τύφη","τύφ",Feminine,1e,チフス,,,,
"1070","τύχα","τύχ",Feminine,1a,ラック,,,,
"1071","τύχη","τύχ",Feminine,1e,ラック,,,,
"1072","φάλλαινα","φάλλαιν",Feminine,1a,鯨,,,,
"1073","φάσσα","φάσσ",Feminine,1a,フラッシュ,,,,
"1074","φάτνη","φάτν",Feminine,1e,飼い葉桶,,,,
"1075","φάττα","φάττ",Feminine,1a,ファッタ,,,,
"1076","φέκλη","φέκλ",Feminine,1e,カブ,,,,
"1077","φήμη","φήμ",Feminine,1e,評判,,,,
"1078","φήνη","φήν",Feminine,1e,月,,,,
"1079","φίλη","φίλ",Feminine,1e,友達,,,,
"1080","φαγέδαινα","φαγέδαιν",Feminine,1a,潰瘍,,,,
"1081","φανή","φαν",Feminine,1e,明らか,,,,
"1082","φαντασία","φαντασί",Feminine,1a,想像力,,,,
"1083","φαρέτρα","φαρέτρ",Feminine,1a,矢印の矢筒,quiver for arrows,,,
"1084","φαρέτρη","φαρέτρ",Feminine,1e,矢印の矢筒,quiver for arrows,,,
"1085","φαρία","φαρί",Feminine,1a,ファリア,,,,
"1086","φαρμακεία","φαρμακεί",Feminine,1a,薬局,,,,
"1087","φαρμακοθήκη","φαρμακοθήκ",Feminine,1e,薬局,,,,
"1088","φαρμακοποιία","φαρμακοποιί",Feminine,1a,薬局方,,,,
"1089","φαυλία","φαυλί",Feminine,1a,ファウリア,,,,
"1090","φενάκη","φενάκ",Feminine,1e,フェナキ,,,,
"1091","φερνή","φερν",Feminine,1e,シダ,,,,
"1092","φθίνα","φθίν",Feminine,1a,秋,,,,
"1093","φθορά","φθορ",Feminine,1a,破壊、破滅、消滅、消滅、劣化、誘惑、流産、流産、グラデーション、衰退、荒波、難破,"destruction, ruin, passing out of existence, ceasing to be, deterioration, seduction, abortion, miscarriage, gradation of colors in painting, wasting away, tossings of storm, shipwrecks",,,
"1094","φθορία","φθορί",Feminine,1a,汚職、いたずら,"corruption, mischief ",,,
"1095","φιάλη","φιάλ",Feminine,1e,ボトル,,,,
"1096","φιαλομαντεία","φιαλομαντεί",Feminine,1a,ボトル占い,,,,
"1097","φιλία","φιλί",Feminine,1a,友情,,,,
"1098","φιλοδοξία","φιλοδοξί",Feminine,1a,野望,,,,
"1099","φιλολογία","φιλολογί",Feminine,1a,文学,,,,
"1100","φιλοξενία","φιλοξενί",Feminine,1a,おもてなし,,,,
"1101","φιλοσοφία","φιλοσοφί",Feminine,1a,哲学,,,,
"1102","φιλυρέα","φιλυρέ",Feminine,1a,軽薄な,,,,
"1103","φιλύκη","φιλύκ",Feminine,1e,交際,,,,
"1104","φιλύρα","φιλύρ",Feminine,1a,シナノキ,,,,
"1105","φλιά","φλι",Feminine,1a,フライヤ,,,,
"1106","φλύκταινα","φλύκταιν",Feminine,1a,膿疱,,,,
"1107","φονεύτρια","φονεύτρι",Feminine,1a,キラー,,,,
"1108","φορά","φορ",Feminine,1a,時間,,,,
"1109","φορίνη","φορίν",Feminine,1e,フォリン,,,,
"1110","φορβή","φορβ",Feminine,1e,飼料,,,,
"1111","φρατρία","φρατρί",Feminine,1a,要塞,,,,
"1112","φρουρά","φρουρ",Feminine,1a,ガード,,,,
"1113","φρύνη","φρύν",Feminine,1e,ヒキガエル,,,,
"1114","φυή","φυ",Feminine,1e,自然,,,,
"1115","φυγή","φυγ",Feminine,1e,エスケープ,,,,
"1116","φυλή","φυλ",Feminine,1e,人種,,,,
"1117","φυλία","φυλί",Feminine,1a,部族,,,,
"1118","φυλακή","φυλακ",Feminine,1e,刑務所,,,,
"1119","φυστή","φυστ",Feminine,1e,吹き飛ばされた,,,,
"1120","φωνή","φων",Feminine,1e,ボイス,,,,
"1121","φωνομαχία","φωνομαχί",Feminine,1a,口論,,,,
"1122","φύζα","φύζ",Feminine,1a,フィズ,,,,
"1123","φύσκη","φύσκ",Feminine,1e,水膨れ,,,,
"1124","φύτλη","φύτλ",Feminine,1e,工場,,,,
"1125","φώκαινα","φώκαιν",Feminine,1a,ネズミイルカ,,,,
"1126","φώκη","φώκ",Feminine,1e,密閉する,,,,
"1127","φῆμις","φῆμ",Feminine,1es,評判,,,,
"1128","φῦσα","φῦσ",Feminine,1a,吹いた,,,,
"1129","χάλαζα","χάλαζ",Feminine,1a,雹,,,,
"1130","χάννη","χάνν",Feminine,1e,ハンナ,,,,
"1131","χάρμη","χάρμ",Feminine,1e,魅力,,,,
"1132","χήμη","χήμ",Feminine,1e,化学,,,,
"1133","χήρα","χήρ",Feminine,1a,未亡人,,,,
"1134","χίμαιρα","χίμαιρ",Feminine,1a,キメラ,,,,
"1135","χαίτα","χαίτ",Feminine,1a,おい,,,,
"1136","χαίτη","χαίτ",Feminine,1e,たてがみ,,,,
"1137","χαλβάνη","χαλβάν",Feminine,1e,ハルバン,,,,
"1138","χαλκοθήκη","χαλκοθήκ",Feminine,1e,銅ケース,,,,
"1139","χαμαιάκτη","χαμαιάκτ",Feminine,1e,ハミアクティ,,,,
"1140","χαμαιδάφνη","χαμαιδάφν",Feminine,1e,ハマダフニ,,,,
"1141","χαμαιλεύκη","χαμαιλεύκ",Feminine,1e,カモミール,,,,
"1142","χαμαιμυρσίνη","χαμαιμυρσίν",Feminine,1e,チャミルシン,,,,
"1143","χαμαιπεύκη","χαμαιπεύκ",Feminine,1e,セーム松,,,,
"1144","χαμαισύκη","χαμαισύκ",Feminine,1e,チャメシキ,,,,
"1145","χαμελαία","χαμελαί",Feminine,1a,カメレオン,,,,
"1146","χαμεύνη","χαμεύν",Feminine,1e,損失,,,,
"1147","χαρά","χαρ",Feminine,1a,喜び,,,,
"1148","χαράδρα","χαράδρ",Feminine,1a,峡谷,,,,
"1149","χαρτοθήκη","χαρτοθήκ",Feminine,1e,ブリーフケース,,,,
"1150","χειράγρα","χειράγρ",Feminine,1a,原稿,,,,
"1151","χειρομύλη","χειρομύλ",Feminine,1e,リストバンド,,,,
"1152","χειρουργία","χειρουργί",Feminine,1a,手術,,,,
"1153","χελώνη","χελών",Feminine,1e,カメ,,,,
"1154","χηλή","χηλ",Feminine,1e,蹄,,,,
"1155","χλαῖνα","χλαῖν",Feminine,1a,マント、マント、ラッパー、毛布としても使用される上着,"cloak, mantle, wrapper, outer garment also used as blanket",,,
"1156","χλεύη","χλεύ",Feminine,1e,冗談、冗談,"joke, jest",,,
"1157","χλόη","χλό",Feminine,1e,草,,,,
"1158","χοάνη","χοάν",Feminine,1e,坩堝,,,,
"1159","χολέρα","χολέρ",Feminine,1a,コレラ,,,,
"1160","χολή","χολ",Feminine,1e,胆汁,,,,
"1161","χονδρίλη","χονδρίλ",Feminine,1e,軟骨,,,,
"1162","χορδή","χορδ",Feminine,1e,ストリング,,,,
"1163","χορεία","χορεί",Feminine,1a,舞踏病,,,,
"1164","χορτοθήκη","χορτοθήκ",Feminine,1e,ヘイロフト,,,,
"1165","χρεία","χρεί",Feminine,1a,必要,,,,
"1166","χρηστομάθεια","χρηστομάθει",Feminine,1a,"学習意欲, 有用な知識の要約を含む本, 厳選された文章の要約を含む本, vade mecum","desire for learning, book containing summary of useful knowledge, book containing summary of select passages, vade mecum",,,
"1167","χρυσοκόλλα","χρυσοκόλλ",Feminine,1a,金のり,,,,
"1168","χρυσοκόμη","χρυσοκόμ",Feminine,1e,金細工師,,,,
"1169","χρυσωματοθήκη","χρυσωματοθήκ",Feminine,1e,ゴールドケース,,,,
"1170","χυμεία","χυμεί",Feminine,1a,ジュース,,,,
"1171","χύτρα","χύτρ",Feminine,1a,ケトル,,,,
"1172","χώρα","χώρ",Feminine,1a,国,,,,
"1173","ψήκτρα","ψήκτρ",Feminine,1a,馬用カリーコーム,currycomb for horses,,,
"1174","ψευδαγγελία","ψευδαγγελί",Feminine,1a,虚偽,,,,
"1175","ψηφοθήκη","ψηφοθήκ",Feminine,1e,投票箱,,,,
"1176","ψηφοφορία","ψηφοφορί",Feminine,1a,投票,,,,
"1177","ψυχή","ψυχ",Feminine,1e,魂,,,,
"1178","ψυχοστασία","ψυχοστασί",Feminine,1a,精神病,,,,
"1179","ψωλή","ψωλ",Feminine,1e,くちばし,,,,
"1180","ψόα","ψό",Feminine,1a,腰の筋肉,muscles of loins,,,
"1181","ψύλλα","ψύλλ",Feminine,1a,ノミ,,,,
"1182","ψώρα","ψώρ",Feminine,1a,疥癬,,,,
"1183","ψῆττα","ψῆττ",Feminine,1a,嘘,,,,
"1184","ἀάνθα","ἀάνθ",Feminine,1a,アンサ,,,,
"1185","ἀήθεια","ἀήθει",Feminine,1a,不慣れ、状況の新規性、物事の経験不足,"unaccustomedness, novelty of situation, inexperience of thing",,,
"1186","ἀβουλία","ἀβουλί",Feminine,1a,無思慮,,,,
"1187","ἀβυρτάκη","ἀβυρτάκ",Feminine,1e,無人,,,,
"1188","ἀγάπη","ἀγάπ",Feminine,1e,愛,,,,
"1189","ἀγέλη","ἀγέλ",Feminine,1e,パック,,,,
"1190","ἀγαθοποιΐα","ἀγαθοποιΐ",Feminine,1a,慈善活動,,,,
"1191","ἀγαθωσύνη","ἀγαθωσύν",Feminine,1e,親切,,,,
"1192","ἀγαλματοθήκη","ἀγαλματοθήκ",Feminine,1e,像ケース,,,,
"1193","ἀγγελία","ἀγγελί",Feminine,1a,広告,,,,
"1194","ἀγγελίη","ἀγγελί",Feminine,1e,広告,,,,
"1195","ἀγγοθήκη","ἀγγοθήκ",Feminine,1e,卵箱,,,,
"1196","ἀγενησία","ἀγενησί",Feminine,1a,無礼,,,,
"1197","ἀγεννησία","ἀγεννησί",Feminine,1a,不純物,,,,
"1198","ἀγκάλη","ἀγκάλ",Feminine,1e,ハグ,,,,
"1199","ἀγνωσία","ἀγνωσί",Feminine,1a,無知,,,,
"1200","ἀγορά","ἀγορ",Feminine,1a,買う,,,,
"1201","ἀγορή","ἀγορ",Feminine,1e,市場,,,,
"1202","ἀγρεῖφνα","ἀγρεῖφν",Feminine,1a,ハロー,harrow,,,
"1203","ἀγριοκινάρα","ἀγριοκινάρ",Feminine,1a,野生のカリン,,,,
"1204","ἀγριομυρίκη","ἀγριομυρίκ",Feminine,1e,マートル,,,,
"1205","ἀγρυπνία","ἀγρυπνί",Feminine,1a,徹夜,,,,
"1206","ἀγυιά","ἀγυι",Feminine,1a,セインツ,,,,
"1207","ἀγχιστεία","ἀγχιστεί",Feminine,1a,不安,,,,
"1208","ἀγχόνη","ἀγχόν",Feminine,1e,絞首台,,,,
"1209","ἀγωγή","ἀγωγ",Feminine,1e,処理,,,,
"1210","ἀγωνία","ἀγωνί",Feminine,1a,苦悩,,,,
"1211","ἀδάρκη","ἀδάρκ",Feminine,1e,とげのない,,,,
"1212","ἀδίκη","ἀδίκ",Feminine,1e,不正,,,,
"1213","ἀδελφή","ἀδελφ",Feminine,1e,妹,,,,
"1214","ἀδικία","ἀδικί",Feminine,1a,不正,,,,
"1215","ἀθάρη","ἀθάρ",Feminine,1e,弱い,,,,
"1216","ἀθανασία","ἀθανασί",Feminine,1a,不死,,,,
"1217","ἀθραγένη","ἀθραγέν",Feminine,1e,落ち着きのない,,,,
"1218","ἀθυμία","ἀθυμί",Feminine,1a,うつ,,,,
"1219","ἀκή","ἀκ",Feminine,1e,あき,,,,
"1220","ἀκακία","ἀκακί",Feminine,1a,アカシア,,,,
"1221","ἀκαλήφη","ἀκαλήφ",Feminine,1e,裸,,,,
"1222","ἀκινησία","ἀκινησί",Feminine,1a,不動,,,,
"1223","ἀκμή","ἀκμ",Feminine,1e,にきび,,,,
"1224","ἀκοή","ἀκο",Feminine,1e,聴覚,,,,
"1225","ἀκοστή","ἀκοστ",Feminine,1e,聞こえない,,,,
"1226","ἀκράτεια","ἀκράτει",Feminine,1a,失禁,,,,
"1227","ἀκρίβεια","ἀκρίβει",Feminine,1a,正確さ,,,,
"1228","ἀκρασία","ἀκρασί",Feminine,1a,不謹慎,,,,
"1229","ἀκροβυστία","ἀκροβυστί",Feminine,1a,包皮,,,,
"1230","ἀκροποσθία","ἀκροποσθί",Feminine,1a,包皮,,,,
"1231","ἀκρωμία","ἀκρωμί",Feminine,1a,黒さ,,,,
"1232","ἀκτέα","ἀκτέ",Feminine,1a,長老,elder,,,
"1233","ἀκτή","ἀκτ",Feminine,1e,海岸,,,,
"1234","ἀκωκή","ἀκωκ",Feminine,1e,ノイズ,,,,
"1235","ἀκόνη","ἀκόν",Feminine,1e,砥石,,,,
"1236","ἀλάπη","ἀλάπ",Feminine,1e,平手打ち、打撃、平手打ち,"slap, blow, smack",,,
"1237","ἀλήθεια","ἀλήθει",Feminine,1a,真実,,,,
"1238","ἀλίνδα","ἀλίνδ",Feminine,1a,アリンダ,,,,
"1239","ἀλαβαστροθήκη","ἀλαβαστροθήκ",Feminine,1e,アラバスターケース,,,,
"1240","ἀλαλή","ἀλαλ",Feminine,1e,大声、雄叫び、戦い,"loud cry, war cry, battle",,,
"1241","ἀλεία","ἀλεί",Feminine,1a,ビーチ,,,,
"1242","ἀληθείη","ἀληθεί",Feminine,1e,真実,,,,
"1243","ἀλθαία","ἀλθαί",Feminine,1a,アルテア,,,,
"1244","ἀλινδήθρα","ἀλινδήθρ",Feminine,1a,アリンディトラ,,,,
"1245","ἀλκή","ἀλκ",Feminine,1e,ムース,,,,
"1246","ἀλλαγή","ἀλλαγ",Feminine,1e,変更、交換、物々交換、売買、プレミアムまたはディスカウントのアジオ、後馬の変更、ステージ,"change, exchange, barter, buying and selling, agio whether premium or discount, change of posthorses, stage",,,
"1247","ἀλληγορία","ἀλληγορί",Feminine,1a,アレゴリー,,,,
"1248","ἀλοιφή","ἀλοιφ",Feminine,1e,軟膏,,,,
"1249","ἀλσίνη","ἀλσίν",Feminine,1e,アルシーニ,,,,
"1250","ἀλωή","ἀλω",Feminine,1e,アロエ,,,,
"1251","ἀλόη","ἀλό",Feminine,1e,アロエ,,,,
"1252","ἀμάρα","ἀμάρ",Feminine,1a,アマラ,,,,
"1253","ἀμέλεια","ἀμέλει",Feminine,1a,過失,,,,
"1254","ἀμία","ἀμί",Feminine,1a,なし,,,,
"1255","ἀμίλλακα","ἀμίλλακ",Feminine,1a,ワイン,wine,,,
"1256","ἀμαυρία","ἀμαυρί",Feminine,1a,夜明け,,,,
"1257","ἀμβλυωπία","ἀμβλυωπί",Feminine,1a,弱視,,,,
"1258","ἀμβροσία","ἀμβροσί",Feminine,1a,アンブロシア,,,,
"1259","ἀμβροσίη","ἀμβροσί",Feminine,1e,アンブロシア,,,,
"1260","ἀμειξία","ἀμειξί",Feminine,1a,異人種間,,,,
"1261","ἀμιξία","ἀμιξί",Feminine,1a,異人種間,,,,
"1262","ἀμνησία","ἀμνησί",Feminine,1a,健忘症,,,,
"1263","ἀμνηστία","ἀμνηστί",Feminine,1a,恩赦,,,,
"1264","ἀμοιβή","ἀμοιβ",Feminine,1e,支払い,,,,
"1265","ἀμπεχόνη","ἀμπεχόν",Feminine,1e,アンベホニ,,,,
"1266","ἀμυγδάλη","ἀμυγδάλ",Feminine,1e,扁桃腺,,,,
"1267","ἀμφίσβαινα","ἀμφίσβαιν",Feminine,1a,アンフィスバエナ,,,,
"1268","ἀμφιδέα","ἀμφιδέ",Feminine,1a,両生類,,,,
"1269","ἀμόργη","ἀμόργ",Feminine,1e,ありがたい,,,,
"1270","ἀνάγκη","ἀνάγκ",Feminine,1e,必要,,,,
"1271","ἀνέμη","ἀνέμ",Feminine,1e,回転する車輪,,,,
"1272","ἀνία","ἀνί",Feminine,1a,退屈,,,,
"1273","ἀναβολή","ἀναβολ",Feminine,1e,延期,,,,
"1274","ἀναγραφή","ἀναγραφ",Feminine,1e,登録,,,,
"1275","ἀναγωγή","ἀναγωγ",Feminine,1e,割引,,,,
"1276","ἀναισθησία","ἀναισθησί",Feminine,1a,麻酔,,,,
"1277","ἀναλγησία","ἀναλγησί",Feminine,1a,鎮痛,,,,
"1278","ἀναρχία","ἀναρχί",Feminine,1a,無政府状態,,,,
"1279","ἀνασκαφή","ἀνασκαφ",Feminine,1e,発掘,,,,
"1280","ἀναστροφή","ἀναστροφ",Feminine,1e,反転,,,,
"1281","ἀνατολή","ἀνατολ",Feminine,1e,東,,,,
"1282","ἀνατομή","ἀνατομ",Feminine,1e,解剖,,,,
"1283","ἀνατροπή","ἀνατροπ",Feminine,1e,打倒,,,,
"1284","ἀνατροφή","ἀνατροφ",Feminine,1e,育成,,,,
"1285","ἀναφορά","ἀναφορ",Feminine,1a,規格への参照,reference of thing to standard,,,
"1286","ἀνδράχνη","ἀνδράχν",Feminine,1e,脊椎,,,,
"1287","ἀνδρεία","ἀνδρεί",Feminine,1a,武勇,,,,
"1288","ἀνδριαντοθήκη","ἀνδριαντοθήκ",Feminine,1e,メンズバッグ,,,,
"1289","ἀνεμώνη","ἀνεμών",Feminine,1e,アネモネ,,,,
"1290","ἀνθήλη","ἀνθήλ",Feminine,1e,穂,,,,
"1291","ἀνθιππασία","ἀνθιππασί",Feminine,1a,侵害,,,,
"1292","ἀνθολογία","ἀνθολογί",Feminine,1a,アンソロジー,,,,
"1293","ἀνθρήνη","ἀνθρήν",Feminine,1e,聖歌,,,,
"1294","ἀνθρακιά","ἀνθρακι",Feminine,1a,残り火,,,,
"1295","ἀνθρωποποιΐα","ἀνθρωποποιΐ",Feminine,1a,擬人化,,,,
"1296","ἀνθυπατεία","ἀνθυπατεί",Feminine,1a,総領事館,,,,
"1297","ἀνοκωχή","ἀνοκωχ",Feminine,1e,休戦,,,,
"1298","ἀνορεξία","ἀνορεξί",Feminine,1a,食欲不振,,,,
"1299","ἀνοχή","ἀνοχ",Feminine,1e,許容範囲,,,,
"1300","ἀνταλλαγή","ἀνταλλαγ",Feminine,1e,両替,,,,
"1301","ἀντιλογία","ἀντιλογί",Feminine,1a,矛盾,,,,
"1302","ἀντιστοιχία","ἀντιστοιχί",Feminine,1a,対応,,,,
"1303","ἀντλία","ἀντλί",Feminine,1a,ポンプ,,,,
"1304","ἀντονομασία","ἀντονομασί",Feminine,1a,代名詞,,,,
"1305","ἀνωμαλία","ἀνωμαλί",Feminine,1a,異常,,,,
"1306","ἀξία","ἀξί",Feminine,1a,価値,,,,
"1307","ἀξίνη","ἀξίν",Feminine,1e,アシン,,,,
"1308","ἀξιοπρέπεια","ἀξιοπρέπει",Feminine,1a,尊厳,,,,
"1309","ἀοιδή","ἀοιδ",Feminine,1e,"歌, 頌歌, 伝説, 物語, 物語","song, ode, legend, tale, story",,,
"1310","ἀορτή","ἀορτ",Feminine,1e,大動脈,,,,
"1311","ἀπάθεια","ἀπάθει",Feminine,1a,無関心,,,,
"1312","ἀπάτη","ἀπάτ",Feminine,1e,詐欺,,,,
"1313","ἀπήνη","ἀπήν",Feminine,1e,亡くなった,,,,
"1314","ἀπαρίνη","ἀπαρίν",Feminine,1e,アパリン,,,,
"1315","ἀπειλή","ἀπειλ",Feminine,1e,脅迫,,,,
"1316","ἀπειρία","ἀπειρί",Feminine,1a,未経験,,,,
"1317","ἀπιστία","ἀπιστί",Feminine,1a,不貞,,,,
"1318","ἀπληστία","ἀπληστί",Feminine,1a,貪欲,,,,
"1319","ἀποβάθρα","ἀποβάθρ",Feminine,1a,橋脚,,,,
"1320","ἀποδοχή","ἀποδοχ",Feminine,1e,受け入れ,,,,
"1321","ἀποθήκη","ἀποθήκ",Feminine,1e,倉庫,,,,
"1322","ἀποικία","ἀποικί",Feminine,1a,コロニー,,,,
"1323","ἀποκοπή","ἀποκοπ",Feminine,1e,切断、アポコープ,"amputation, apocope",,,
"1324","ἀπολογία","ἀπολογί",Feminine,1a,謝罪,,,,
"1325","ἀπονία","ἀπονί",Feminine,1a,無情,,,,
"1326","ἀποπληξία","ἀποπληξί",Feminine,1a,脳卒中,,,,
"1327","ἀπορία","ἀπορί",Feminine,1a,質問,,,,
"1328","ἀπορίη","ἀπορί",Feminine,1e,質問,,,,
"1329","ἀποστασία","ἀποστασί",Feminine,1a,背教,,,,
"1330","ἀποστολή","ἀποστολ",Feminine,1e,ミッション,,,,
"1331","ἀποστροφή","ἀποστροφ",Feminine,1e,アポストロフィ,,,,
"1332","ἀποτροπή","ἀποτροπ",Feminine,1e,防止,,,,
"1333","ἀποχή","ἀποχ",Feminine,1e,棄権,,,,
"1334","ἀπραγμοσύνη","ἀπραγμοσύν",Feminine,1e,不誠実さ,,,,
"1335","ἀπροθυμία","ἀπροθυμί",Feminine,1a,気が進まない,,,,
"1336","ἀρά","ἀρ",Feminine,1a,祈り、祈り,"prayer, invocation",,,
"1337","ἀράξα","ἀράξ",Feminine,1a,Araxes 川で成長する素晴らしい植物,fabulous plant which grows by river Araxes,,,
"1338","ἀράριζα","ἀράριζ",Feminine,1a,スミアワート,smearwort,,,
"1339","ἀράχιδνα","ἀράχιδν",Feminine,1a,落花生,,,,
"1340","ἀράχνη","ἀράχν",Feminine,1e,クモ,,,,
"1341","ἀρή","ἀρ",Feminine,1e,3月,,,,
"1342","ἀρία","ἀρί",Feminine,1a,アリア,,,,
"1343","ἀρβύλη","ἀρβύλ",Feminine,1e,アルブリ,,,,
"1344","ἀργία","ἀργί",Feminine,1a,祝日,,,,
"1345","ἀργυροθήκη","ἀργυροθήκ",Feminine,1e,シルバーケース,,,,
"1346","ἀρετή","ἀρετ",Feminine,1e,美徳,,,,
"1347","ἀριστολόχεια","ἀριστολόχει",Feminine,1a,アリストロキア,,,,
"1348","ἀρκάνη","ἀρκάν",Feminine,1e,難解な,,,,
"1349","ἀρμενοθήκη","ἀρμενοθήκ",Feminine,1e,鎧ケース,,,,
"1350","ἀρπεδόνη","ἀρπεδόν",Feminine,1e,アルペドン,,,,
"1351","ἀρρυθμία","ἀρρυθμί",Feminine,1a,不整脈,,,,
"1352","ἀρσενικόν","ἀρσενικ",Feminine,1on,男,,0,0,0
"1353","ἀρτάβη","ἀρτάβ",Feminine,1e,アルタバ,,,,
"1354","ἀρτάνη","ἀρτάν",Feminine,1e,納屋,,,,
"1355","ἀρτηρία","ἀρτηρί",Feminine,1a,動脈,,,,
"1356","ἀρτοθήκη","ἀρτοθήκ",Feminine,1e,パン箱,,,,
"1357","ἀρχή","ἀρχ",Feminine,1e,原理,,,,
"1358","ἀρχιτεκτονία","ἀρχιτεκτονί",Feminine,1a,建築,,,,
"1359","ἀρωγή","ἀρωγ",Feminine,1e,ヘルプ,,,,
"1360","ἀρύταινα","ἀρύταιν",Feminine,1a,柄杓、カップ、灌漑,"ladle, cup, Irrigation",,,
"1361","ἀσέβεια","ἀσέβει",Feminine,1a,不信心,,,,
"1362","ἀσθένεια","ἀσθένει",Feminine,1a,疾患,,,,
"1363","ἀσκέρα","ἀσκέρ",Feminine,1a,アスケラ,,,,
"1364","ἀσκοπήρα","ἀσκοπήρ",Feminine,1a,スナイパーライフル,,,,
"1365","ἀσκοπυτίνη","ἀσκοπυτίν",Feminine,1e,アスコピチン,,,,
"1366","ἀστράβη","ἀστράβ",Feminine,1e,稲妻,,,,
"1367","ἀστραγαλωτή","ἀστραγαλωτ",Feminine,1e,足首,,,,
"1368","ἀστραπή","ἀστραπ",Feminine,1e,雷,,,,
"1369","ἀστρολογία","ἀστρολογί",Feminine,1a,占星術,,,,
"1370","ἀστρονομία","ἀστρονομί",Feminine,1a,天文学,,,,
"1371","ἀσφάλεια","ἀσφάλει",Feminine,1a,安全,,,,
"1372","ἀσφυξία","ἀσφυξί",Feminine,1a,窒息,,,,
"1373","ἀσωτία","ἀσωτί",Feminine,1a,無駄,,,,
"1374","ἀσύφη","ἀσύφ",Feminine,1e,説明のつかない,,,,
"1375","ἀτέλεια","ἀτέλει",Feminine,1a,不完全さ,,,,
"1376","ἀταξία","ἀταξί",Feminine,1a,障害,,,,
"1377","ἀταραξία","ἀταραξί",Feminine,1a,乱気流,,,,
"1378","ἀτασθαλία","ἀτασθαλί",Feminine,1a,不規則性,,,,
"1379","ἀτασθαλίη","ἀτασθαλί",Feminine,1e,無関心,,,,
"1380","ἀτιμία","ἀτιμί",Feminine,1a,不正,,,,
"1381","ἀφάκη","ἀφάκ",Feminine,1e,無水晶体,,,,
"1382","ἀφάρκη","ἀφάρκ",Feminine,1e,無尽蔵,,,,
"1383","ἀφία","ἀφί",Feminine,1a,アフィア,,,,
"1384","ἀφαιρετική","ἀφαιρετικ",Feminine,1e,減法,,,,
"1385","ἀφραδίη","ἀφραδί",Feminine,1e,アフラディー,,,,
"1386","ἀφροσύνη","ἀφροσύν",Feminine,1e,愚かさ,,,,
"1387","ἀφωνία","ἀφωνί",Feminine,1a,無言,,,,
"1388","ἀφύη","ἀφύ",Feminine,1e,自然,,,,
"1389","ἀχάνη","ἀχάν",Feminine,1e,アハニ,,,,
"1390","ἀχρηματία","ἀχρηματί",Feminine,1a,キャッシュレス,,,,
"1391","ἀχυροθήκη","ἀχυροθήκ",Feminine,1e,干し草の山,,,,
"1392","ἀϋτή","ἀϋτ",Feminine,1e,彼女,,,,
"1393","ἁγιωσύνη","ἁγιωσύν",Feminine,1e,神聖さ,,,,
"1394","ἁγνεία","ἁγνεί",Feminine,1a,貞操,,,,
"1395","ἁλία","ἁλί",Feminine,1a,アリア,,,,
"1396","ἁλοθήκη","ἁλοθήκ",Feminine,1e,ハローケース,,,,
"1397","ἁμαρτία","ἁμαρτί",Feminine,1a,罪,,,,
"1398","ἁρμάμαξα","ἁρμάμαξ",Feminine,1a,覆われた戦車,covered chariot,,,
"1399","ἁρματοδρομία","ἁρματοδρομί",Feminine,1a,戦車レース,,,,
"1400","ἁρμογή","ἁρμογ",Feminine,1e,フィッティング,,,,
"1401","ἁρμονία","ἁρμονί",Feminine,1a,調和,,,,
"1402","ἁφή","ἁφ",Feminine,1e,照明、火付け、触覚、触覚、グリップ、レスラーに振りかけられた砂、彼らがお互いにグリップできるようにする、接触点、交差点、縞模様、脳卒中、特にハンセン病の感染、塗膜、接触点 体、靭帯,"lighting, kindling, touch, sense of touch, grip, sand sprinkled over wrestlers, to enable them to get a grip of one another, point of contact, intersection, stripes, strokes, infection, especially of leprosy, unction, point of contact in the body, ligament",,,
"1403","ἄγκυρα","ἄγκυρ",Feminine,1a,アンカー,,,,
"1404","ἄγνοια","ἄγνοι",Feminine,1a,無知,,,,
"1405","ἄγρα","ἄγρ",Feminine,1a,アグラ,,,,
"1406","ἄγυια","ἄγυι",Feminine,1a,セインツ,,,,
"1407","ἄγχουσα","ἄγχουσ",Feminine,1a,アルカネット、植物から抽出した染料,"alkanet, dyeing matter extracted from the plant",,,
"1408","ἄδεια","ἄδει",Feminine,1a,許可,,,,
"1409","ἄελλα","ἄελλ",Feminine,1a,その他,,,,
"1410","ἄκαινα","ἄκαιν",Feminine,1a,あかいな,,,,
"1411","ἄκανθα","ἄκανθ",Feminine,1a,脊椎,,,,
"1412","ἄκορνα","ἄκορν",Feminine,1a,どんぐり,,,,
"1413","ἄκρα","ἄκρ",Feminine,1a,四肢,,,,
"1414","ἄλκη","ἄλκ",Feminine,1e,ムース,,,,
"1415","ἄμαλλα","ἄμαλλ",Feminine,1a,そうでもなければ,,,,
"1416","ἄμαξα","ἄμαξ",Feminine,1a,車,,,,
"1417","ἄμη","ἄμ",Feminine,1e,月,,,,
"1418","ἄνοια","ἄνοι",Feminine,1a,認知症,,,,
"1419","ἄπνοια","ἄπνοι",Feminine,1a,静止,,,,
"1420","ἄργελλα","ἄργελλ",Feminine,1a,粘土,,,,
"1421","ἄρουρα","ἄρουρ",Feminine,1a,ネズミ,,,,
"1422","ἄση","ἄσ",Feminine,1e,それで,,,,
"1423","ἄσιλλα","ἄσιλλ",Feminine,1a,アジラ,,,,
"1424","ἄτη","ἄτ",Feminine,1e,アティ,,,,
"1425","ἄφθα","ἄφθ",Feminine,1a,アフタ、口内炎、ツグミ,"aphtha, mouth ulcer, thrush",,,
"1426","ἄφρισσα","ἄφρισσ",Feminine,1a,アフリカ,,,,
"1427","ἄχνη","ἄχν",Feminine,1e,靄,,,,
"1428","ἅβρα","ἅβρ",Feminine,1a,アブラ,,,,
"1429","ἅλμη","ἅλμ",Feminine,1e,塩水,,,,
"1430","ἅμαξα","ἅμαξ",Feminine,1a,車,,,,
"1431","ἅμιλλα","ἅμιλλ",Feminine,1a,エミュレーション,,,,
"1432","ἅρπα","ἅρπ",Feminine,1a,ハープ,,,,
"1433","ἅρπη","ἅρπ",Feminine,1e,ハープ,,,,
"1434","Ἀμαζονομαχία","Ἀμαζονομαχί",Feminine,1a,アマゾンバトル,,,,
"1435","Ἀσιαρχία","Ἀσιαρχί",Feminine,1a,アジアアーキ,,,,
"1436","Ἀτρυτώνη","Ἀτρυτών",Feminine,1e,アトリトーニ,,,,
"1437","ἐγγυθήκη","ἐγγυθήκ",Feminine,1e,保証,,,,
"1438","ἐγγύη","ἐγγύ",Feminine,1e,近い,,,,
"1439","ἐγκράτεια","ἐγκράτει",Feminine,1a,禁欲,,,,
"1440","ἐγχείη","ἐγχεί",Feminine,1e,手術,,,,
"1441","ἐδεσματοθήκη","ἐδεσματοθήκ",Feminine,1e,包帯ケース,,,,
"1442","ἐκδοχή","ἐκδοχ",Feminine,1e,バージョン,,,,
"1443","ἐκθυμία","ἐκθυμί",Feminine,1a,エクスタシー,,,,
"1444","ἐκκλησία","ἐκκλησί",Feminine,1a,教会,,,,
"1445","ἐκπληξία","ἐκπληξί",Feminine,1a,サプライズ,,,,
"1446","ἐκπομπή","ἐκπομπ",Feminine,1e,ブロードキャスト,,,,
"1447","ἐκροή","ἐκρο",Feminine,1e,流出,,,,
"1448","ἐκστρατεία","ἐκστρατεί",Feminine,1a,運動,,,,
"1449","ἐκτομή","ἐκτομ",Feminine,1e,切除,,,,
"1450","ἐλάα","ἐλά",Feminine,1a,来て,,,,
"1451","ἐλάτη","ἐλάτ",Feminine,1e,モミ,,,,
"1452","ἐλαία","ἐλαί",Feminine,1a,オリーブ,,,,
"1453","ἐλαίη","ἐλαί",Feminine,1e,オイル,,,,
"1454","ἐλατίνη","ἐλατίν",Feminine,1e,エラチン,,,,
"1455","ἐλεγεία","ἐλεγεί",Feminine,1a,エレジー,,,,
"1456","ἐλεημοσύνη","ἐλεημοσύν",Feminine,1e,施し,,,,
"1457","ἐλευθερία","ἐλευθερί",Feminine,1a,フリーダム,,,,
"1458","ἐλευθεροστομία","ἐλευθεροστομί",Feminine,1a,自由,,,,
"1459","ἐλεφαντομαχία","ἐλεφαντομαχί",Feminine,1a,象の戦い,,,,
"1461","ἐμπειρία","ἐμπειρί",Feminine,1a,経験,,,,
"1462","ἐμπλοκή","ἐμπλοκ",Feminine,1e,編組、乱闘、織り交ぜ、もつれ,"braiding, scuffle, interweaving, entanglement",,,
"1463","ἐμπορία","ἐμπορί",Feminine,1a,マーケティング,,,,
"1464","ἐνέργεια","ἐνέργει",Feminine,1a,エネルギー,,,,
"1465","ἐνθήκη","ἐνθήκ",Feminine,1e,場合,,,,
"1466","ἐνθυμία","ἐνθυμί",Feminine,1a,熱意,,,,
"1467","ἐνιπή","ἐνιπ",Feminine,1e,王女,,,,
"1468","ἐνοπή","ἐνοπ",Feminine,1e,洞察,,,,
"1469","ἐνουρήθρα","ἐνουρήθρ",Feminine,1a,尿道,,,,
"1470","ἐνοχή","ἐνοχ",Feminine,1e,罪悪感,,,,
"1471","ἐντέλεια","ἐντέλει",Feminine,1a,完璧,,,,
"1472","ἐντελέχεια","ἐντελέχει",Feminine,1a,徹底的,,,,
"1473","ἐντεροκήλη","ἐντεροκήλ",Feminine,1e,腸瘤,,,,
"1474","ἐντολή","ἐντολ",Feminine,1e,委任,,,,
"1475","ἐντροπία","ἐντροπί",Feminine,1a,エントロピ,,,,
"1476","ἐνωμοτία","ἐνωμοτί",Feminine,1a,分隊,,,,
"1477","ἐξουσία","ἐξουσί",Feminine,1a,パワー,,,,
"1478","ἐπήρεια","ἐπήρει",Feminine,1a,影響,,,,
"1479","ἐπίνοια","ἐπίνοι",Feminine,1a,工夫,,,,
"1480","ἐπαγγελία","ἐπαγγελί",Feminine,1a,注文,,,,
"1481","ἐπαγωγή","ἐπαγωγ",Feminine,1e,誘導,,,,
"1482","ἐπιγραφή","ἐπιγραφ",Feminine,1e,碑文,,,,
"1483","ἐπιδιαθήκη","ἐπιδιαθήκ",Feminine,1e,遺言,,,,
"1484","ἐπιείκεια","ἐπιείκει",Feminine,1a,耽溺,,,,
"1485","ἐπιθήκη","ἐπιθήκ",Feminine,1e,遺産,,,,
"1486","ἐπιθυμία","ἐπιθυμί",Feminine,1a,願い,,,,
"1487","ἐπικουρία","ἐπικουρί",Feminine,1a,援助,,,,
"1488","ἐπιλογή","ἐπιλογ",Feminine,1e,選択,,,,
"1489","ἐπιμαχία","ἐπιμαχί",Feminine,1a,紛争,,,,
"1490","ἐπιορκία","ἐπιορκί",Feminine,1a,偽証,,,,
"1491","ἐπιπλοκήλη","ἐπιπλοκήλ",Feminine,1e,複雑,,,,
"1492","ἐπιστήμη","ἐπιστήμ",Feminine,1e,理科,,,,
"1493","ἐπιστολή","ἐπιστολ",Feminine,1e,手紙,,,,
"1494","ἐπιστροφή","ἐπιστροφ",Feminine,1e,戻る,,,,
"1495","ἐπισυνθήκη","ἐπισυνθήκ",Feminine,1e,追加条件,,,,
"1496","ἐπιτομή","ἐπιτομ",Feminine,1e,縮図,,,,
"1497","ἐπιφάνεια","ἐπιφάνει",Feminine,1a,水面,,,,
"1498","ἐπιφορά","ἐπιφορ",Feminine,1a,面付け,,,,
"1499","ἐπιχαιρεκακία","ἐπιχαιρεκακί",Feminine,1a,便宜,,,,
"1500","ἐποποιία","ἐποποιί",Feminine,1a,大作,,,,
"1501","ἐπουσία","ἐπουσί",Feminine,1a,面前,,,,
"1502","ἐποχή","ἐποχ",Feminine,1e,時間,,,,
"1503","ἐπωνυμία","ἐπωνυμί",Feminine,1a,ブランド名,,,,
"1504","ἐρίπνη","ἐρίπν",Feminine,1e,断崖絶壁,"broken cliff, crag",,,
"1505","ἐργαλοθήκη","ἐργαλοθήκ",Feminine,1e,ツールボックス,,,,
"1506","ἐργασία","ἐργασί",Feminine,1a,仕事,,,,
"1507","ἐρείκη","ἐρείκ",Feminine,1e,ヘザー,,,,
"1508","ἐρημία","ἐρημί",Feminine,1a,荒野,,,,
"1509","ἐριθάκη","ἐριθάκ",Feminine,1e,蜂のパン、サンダラック、甲殻類の柔らかい部分、豚の内臓,"bee bread, sandarac, soft parts of crustaceans, entrails of pigs",,,
"1510","ἐρυσίβη","ἐρυσίβ",Feminine,1e,カビ,,,,
"1511","ἐρωή","ἐρω",Feminine,1e,勇者,,,,
"1512","ἐρωμένη","ἐρωμέν",Feminine,1e,愛人,,,,
"1513","ἐσχάρα","ἐσχάρ",Feminine,1a,グリッド,,,,
"1514","ἐσχάρη","ἐσχάρ",Feminine,1e,囲炉裏、家、プラットフォーム、スタンド,"hearth, house, platform, stand",,,
"1515","ἐσχατιά","ἐσχατι",Feminine,1a,昨晩,,,,
"1516","ἐσχατιή","ἐσχατι",Feminine,1e,最後の,,,,
"1517","ἐτυμολογία","ἐτυμολογί",Feminine,1a,語源,,,,
"1518","ἐφέδρα","ἐφέδρ",Feminine,1a,エフェドラ,,,,
"1519","ἐφημερία","ἐφημερί",Feminine,1a,関税,,,,
"1520","ἐχέτλη","ἐχέτλ",Feminine,1e,プラウハンドル,plough-handle,,,
"1521","ἐόργη","ἐόργ",Feminine,1e,怒り,,,,
"1522","ἑκατόμβη","ἑκατόμβ",Feminine,1e,ヘカトン,,,,
"1523","ἑλένη","ἑλέν",Feminine,1e,ヘレン,,,,
"1524","ἑλεδώνη","ἑλεδών",Feminine,1e,ギリシャ語,,,,
"1525","ἑλλεβορίνη","ἑλλεβορίν",Feminine,1e,ヘレボリン,,,,
"1526","ἑξακονταμοιρία","ἑξακονταμοιρί",Feminine,1a,六小隊,,,,
"1527","ἑξηκονταμοιρία","ἑξηκονταμοιρί",Feminine,1a,第六十飛行隊,,,,
"1528","ἑορτή","ἑορτ",Feminine,1e,ごちそう,,,,
"1529","ἑρμηνεία","ἑρμηνεί",Feminine,1a,解釈,,,,
"1530","ἑσπέρα","ἑσπέρ",Feminine,1a,夜,,,,
"1531","ἑστία","ἑστί",Feminine,1a,集中,,,,
"1532","ἑταίρα","ἑταίρ",Feminine,1a,娼婦,,,,
"1533","ἑτεροφωνία","ἑτεροφωνί",Feminine,1a,異音,,,,
"1534","ἑτερωνυμία","ἑτερωνυμί",Feminine,1a,他律,,,,
"1535","ἑψία","ἑψί",Feminine,1a,敗血症,,,,
"1536","ἔνδεια","ἔνδει",Feminine,1a,貧困,,,,
"1537","ἔννοια","ἔννοι",Feminine,1a,検出,,,,
"1538","ἔρευνα","ἔρευν",Feminine,1a,リサーチ,,,,
"1539","ἔχθρα","ἔχθρ",Feminine,1a,憎しみ,,,,
"1540","ἔχιδνα","ἔχιδν",Feminine,1a,バイパー,,,,
"1541","ἕδρα","ἕδρ",Feminine,1a,シート,,,,
"1542","ἕρση","ἕρσ",Feminine,1e,推力,,,,
"1543","ἠθολογία","ἠθολογί",Feminine,1a,動物行動学,,,,
"1544","ἠλακάτη","ἠλακάτ",Feminine,1e,差出人,,,,
"1545","ἠλύγη","ἠλύγ",Feminine,1e,慈悲,,,,
"1546","ἠριγένεια","ἠριγένει",Feminine,1a,独創,,,,
"1547","ἠχή","ἠχ",Feminine,1e,エコー,,,,
"1548","ἡγεμονία","ἡγεμονί",Feminine,1a,覇権,,,,
"1549","ἡδονή","ἡδον",Feminine,1e,喜び,,,,
"1550","ἡδυσματοθήκη","ἡδυσματοθήκ",Feminine,1e,ワードローブ,,,,
"1551","ἡλιαία","ἡλιαί",Feminine,1a,太陽,,,,
"1552","ἡλιομαντεία","ἡλιομαντεί",Feminine,1a,ヘリオ占い,,,,
"1553","ἡμέρα","ἡμέρ",Feminine,1a,日,,,,
"1554","ἡμικρανία","ἡμικρανί",Feminine,1a,片頭痛,,,,
"1555","ἡνία","ἡνί",Feminine,1a,手綱,,,,
"1556","ἡρωΐνη","ἡρωΐν",Feminine,1e,ヘロイン,,,,
"1557","ἡρωίνη","ἡρωίν",Feminine,1e,ヘロイン,,,,
"1558","ἡσυχία","ἡσυχί",Feminine,1a,静かな,,,,
"1559","ἥβη","ἥβ",Feminine,1e,思春期,,,,
"1560","ἧσσα","ἧσσ",Feminine,1a,敗北、不快感,"defeat, discomfiture",,,
"1561","ἰά","ἰ",Feminine,1a,"喧噪, 叫び, 叫び, 響き, 咆哮","clamor, shout, cry, sound, roar",,,
"1562","ἰάκχα","ἰάκχ",Feminine,1a,香りの花輪の名前,name of a perfumed garland,,,
"1563","ἰάσμη","ἰάσμ",Feminine,1e,香り,,,,
"1564","ἰαμβύκη","ἰαμβύκ",Feminine,1e,イアンビキ,,,,
"1565","ἰαχή","ἰαχ",Feminine,1e,泣く、叫ぶ、勝者と敗者の両方、嘆き、金切り声、悲鳴、楽しい音、喜びの叫び,"cry, shout, both of victor and vanquished, wail, shriek, scream, joyous sound, shout of joy",,,
"1566","ἰγνύα","ἰγνύ",Feminine,1a,サイン,,,,
"1567","ἰδέα","ἰδέ",Feminine,1a,考え,,,,
"1568","ἰδιοσυγκρασία","ἰδιοσυγκρασί",Feminine,1a,気質,,,,
"1569","ἰξίνη","ἰξίν",Feminine,1e,カーライン アザミ,carline thistle,,,
"1570","ἰσονομία","ἰσονομί",Feminine,1a,残高,,,,
"1571","ἰσοψηφία","ἰσοψηφί",Feminine,1a,タイ,,,,
"1572","ἰτέα","ἰτέ",Feminine,1a,柳,,,,
"1573","ἰυγή","ἰυγ",Feminine,1e,アイビー,,,,
"1574","ἰχθυοθηρία","ἰχθυοθηρί",Feminine,1a,釣り,,,,
"1575","ἰχθυοθηρική","ἰχθυοθηρικ",Feminine,1e,魚類の,,,,
"1576","ἰχθυόκολλα","ἰχθυόκολλ",Feminine,1a,魚のり,,,,
"1577","ἰχθύα","ἰχθύ",Feminine,1a,魚,,,,
"1578","ἰωκή","ἰωκ",Feminine,1e,ἰοκι,,,,
"1579","ἱέρεια","ἱέρει",Feminine,1a,巫女,,,,
"1580","ἱεραρχία","ἱεραρχί",Feminine,1a,階層,,,,
"1581","ἱεροβοτάνη","ἱεροβοτάν",Feminine,1e,バーベナ,,,,
"1582","ἱεροθήκη","ἱεροθήκ",Feminine,1e,神社,,,,
"1583","ἱκεσία","ἱκεσί",Feminine,1a,嘆願,,,,
"1584","ἱκετεία","ἱκετεί",Feminine,1a,物乞い,,,,
"1585","ἱλάειρα","ἱλάειρ",Feminine,1a,イライラ,,,,
"1586","ἱμάσθλη","ἱμάσθλ",Feminine,1e,ガードル,,,,
"1587","ἱματιοθήκη","ἱματιοθήκ",Feminine,1e,ロッカー,,,,
"1588","ἱμονιά","ἱμονι",Feminine,1a,苦痛,,,,
"1589","ἱπποκρατία","ἱπποκρατί",Feminine,1a,馬術,,,,
"1590","ἱστοδόκη","ἱστοδόκ",Feminine,1e,ヒストドキ,,,,
"1591","ἱστοκεραία","ἱστοκεραί",Feminine,1a,アンテナ,,,,
"1592","ἱστοπέδη","ἱστοπέδ",Feminine,1e,ヒストペディ,,,,
"1593","ἱστορία","ἱστορί",Feminine,1a,歴史,,,,
"1594","ἴδη","ἴδ",Feminine,1e,木材の木、木、樹木が茂った丘,"timber tree, wood, wooded hill",,,
"1595","ἴκμη","ἴκμ",Feminine,1e,身長,,,,
"1596","ἴλη","ἴλ",Feminine,1e,病気,,,,
"1597","ἴσκαι","ἴσκ",Feminine,1a,焼灼器として使用されるオークやクルミの木に生育する菌類,fungus growing on oaks and walnut trees used as cautery,1,0,0
"1598","Ἰουδαία","Ἰουδαί",Feminine,1a,ユダヤ,,,,
"1599","ὀβελία","ὀβελί",Feminine,1a,矢印,,,,
"1600","ὀδμή","ὀδμ",Feminine,1e,浮腫,,,,
"1601","ὀδοντάγρα","ὀδοντάγρ",Feminine,1a,ὀodontagra,,,,
"1602","ὀδύνη","ὀδύν",Feminine,1e,試練,,,,
"1603","ὀθόνη","ὀθόν",Feminine,1e,画面,,,,
"1604","ὀθόννα","ὀθόνν",Feminine,1a,画面,,,,
"1605","ὀλιγανθρωπία","ὀλιγανθρωπί",Feminine,1a,ὀliganthropy,,,,
"1606","ὀλιγαρχία","ὀλιγαρχί",Feminine,1a,寡頭制,,,,
"1607","ὀλιγοθερμία","ὀλιγοθερμί",Feminine,1a,乏熱症,,,,
"1608","ὀλιγοτροφία","ὀλιγοτροφί",Feminine,1a,寡占,,,,
"1609","ὀλολυγή","ὀλολυγ",Feminine,1e,解決,,,,
"1610","ὀμίχλη","ὀμίχλ",Feminine,1e,霧,,,,
"1611","ὀμφή","ὀμφ",Feminine,1e,匂い,,,,
"1612","ὀνομαστική","ὀνομαστικ",Feminine,1e,公称,,,,
"1613","ὀνοματοποιία","ὀνοματοποιί",Feminine,1a,オノマトペ,,,,
"1614","ὀξάλμη","ὀξάλμ",Feminine,1e,ピクルス,,,,
"1615","ὀξεῖα","ὀξεῖ",Feminine,1a,シャープ,,,,
"1616","ὀξυάκανθα","ὀξυάκανθ",Feminine,1a,メギ,,,,
"1617","ὀξυμυρσίνη","ὀξυμυρσίν",Feminine,1e,オキシミルシン,,,,
"1618","ὀξύα","ὀξύ",Feminine,1a,ブナ,,,,
"1619","ὀπή","ὀπ",Feminine,1e,穴,,,,
"1620","ὀπωπή","ὀπωπ",Feminine,1e,目,,,,
"1621","ὀπωροθήκη","ὀπωροθήκ",Feminine,1e,倉庫,,,,
"1622","ὀπώρα","ὀπώρ",Feminine,1a,今,,,,
"1623","ὀργή","ὀργ",Feminine,1e,怒り,,,,
"1624","ὀρθοέπεια","ὀρθοέπει",Feminine,1a,整形外科,,,,
"1625","ὀρθογραφία","ὀρθογραφί",Feminine,1a,つづり,,,,
"1626","ὀρθοδοξία","ὀρθοδοξί",Feminine,1a,正統派,,,,
"1627","ὀρθόπνοια","ὀρθόπνοι",Feminine,1a,起立呼吸,,,,
"1628","ὀροφή","ὀροφ",Feminine,1e,屋根,,,,
"1629","ὀρυά","ὀρυ",Feminine,1a,採石道具の一種、つるはし,"kind of quarrying tool, pickaxe",,,
"1630","ὀρχήστρα","ὀρχήστρ",Feminine,1a,オーケストラ,,,,
"1631","ὀσμή","ὀσμ",Feminine,1e,におい,,,,
"1632","ὀσμύλη","ὀσμύλ",Feminine,1e,悪臭,,,,
"1633","ὀσπριοθήκη","ὀσπριοθήκ",Feminine,1e,脈拍を保つ場所,place to keep pulse in,,,
"1634","ὀστοθήκη","ὀστοθήκ",Feminine,1e,オストセカ,,,,
"1635","ὀστρύα","ὀστρύ",Feminine,1a,カキ,,,,
"1636","ὀσφυαλγία","ὀσφυαλγί",Feminine,1a,腰痛,,,,
"1637","ὀχλοκρατία","ὀχλοκρατί",Feminine,1a,オクラシー,,,,
"1638","ὀψοθήκη","ὀψοθήκ",Feminine,1e,食料庫,,,,
"1639","ὀϊστοθήκη","ὀϊστοθήκ",Feminine,1e,記録,,,,
"1640","ὁμαιχμία","ὁμαιχμί",Feminine,1a,競争,,,,
"1641","ὁμηλικίη","ὁμηλικί",Feminine,1e,未熟児,,,,
"1642","ὁμιλία","ὁμιλί",Feminine,1a,話し中,,,,
"1643","ὁμολογία","ὁμολογί",Feminine,1a,相同性,,,,
"1644","ὁπλή","ὁπλ",Feminine,1e,蹄,,,,
"1645","ὁπλοθήκη","ὁπλοθήκ",Feminine,1e,武器庫,,,,
"1646","ὁρμή","ὁρμ",Feminine,1e,勢い,,,,
"1647","ὄα","ὄ",Feminine,1a,おー,,,,
"1648","ὄβρυζα","ὄβρυζ",Feminine,1a,金の試金,assaying of gold,,,
"1649","ὄγχνη","ὄγχν",Feminine,1e,音,,,,
"1650","ὄζαινα","ὄζαιν",Feminine,1a,オザエナ、慢性鼻炎の一種、悪臭を放つタコの一種,"ozaena, type of chronic rhinitis, fetid kind of octopus",,,
"1651","ὄλπη","ὄλπ",Feminine,1e,オイル用革製フラスコ,leathern flask for oil,,,
"1652","ὄλυρα","ὄλυρ",Feminine,1a,涙,,,,
"1653","ὄργυια","ὄργυι",Feminine,1a,測る,fathom,,,
"1654","ὄρυζα","ὄρυζ",Feminine,1a,ご飯,,,,
"1655","ὄρφνη","ὄρφν",Feminine,1e,孤児,,,,
"1656","ὄσσα","ὄσσ",Feminine,1a,エッセ,,,,
"1657","ὄσχη","ὄσχ",Feminine,1e,音,,,,
"1658","ὄττα","ὄττ",Feminine,1a,オッタ,,,,
"1659","ὄχθη","ὄχθ",Feminine,1e,銀行,,,,
"1660","ὑγίεια","ὑγίει",Feminine,1a,健康,,,,
"1661","ὑδρία","ὑδρί",Feminine,1a,水差し,,,,
"1662","ὑδροθήκη","ὑδροθήκ",Feminine,1e,水槽,,,,
"1663","ὑδροκήλη","ὑδροκήλ",Feminine,1e,水腫,,,,
"1664","ὑδρομαντεία","ὑδρομαντεί",Feminine,1a,ハイドロマンシー,,,,
"1665","ὑδρομύλη","ὑδρομύλ",Feminine,1e,水,,,,
"1666","ὑμνῳδία","ὑμνῳδί",Feminine,1a,賞賛,,,,
"1667","ὑπήνη","ὑπήν",Feminine,1e,口ひげ、上唇の毛,"moustache, hair on upper lip",,,
"1668","ὑπαλλαγή","ὑπαλλαγ",Feminine,1e,提出,,,,
"1669","ὑπατεία","ὑπατεί",Feminine,1a,裏切り,,,,
"1670","ὑπερβολή","ὑπερβολ",Feminine,1e,過言,,,,
"1671","ὑπερδιαθήκη","ὑπερδιαθήκ",Feminine,1e,超遺言,,,,
"1672","ὑπερηφανία","ὑπερηφανί",Feminine,1a,誇り,,,,
"1673","ὑπερῴα","ὑπερῴ",Feminine,1a,素晴らしい,,,,
"1674","ὑπερῴη","ὑπερῴ",Feminine,1e,ハイパー,,,,
"1675","ὑπηρεσία","ὑπηρεσί",Feminine,1a,サービス,,,,
"1676","ὑποδιαστολή","ὑποδιαστολ",Feminine,1e,下線,,,,
"1677","ὑποδοχή","ὑποδοχ",Feminine,1e,受信,,,,
"1678","ὑποθήκη","ὑποθήκ",Feminine,1e,モーゲージ,,,,
"1679","ὑπομονή","ὑπομον",Feminine,1e,忍耐,,,,
"1680","ὑποτείνουσα","ὑποτείνουσ",Feminine,1a,斜辺,,,,
"1681","ὑσμίνη","ὑσμίν",Feminine,1e,戦い、争い、戦い,"battle, conflict, combat",,,
"1682","ὑστέρα","ὑστέρ",Feminine,1a,子宮、子宮,"uterus, womb",,,
"1683","ὑστεραία","ὑστεραί",Feminine,1a,本土,,,,
"1684","ὑφή","ὑφ",Feminine,1e,テクスチャー,,,,
"1685","ὕαινα","ὕαιν",Feminine,1a,ハイエナ,,,,
"1686","ὕδρα","ὕδρ",Feminine,1a,水,,,,
"1687","ὕλη","ὕλ",Feminine,1e,材料,,,,
"1688","ὕρχη","ὕρχ",Feminine,1e,ソース,,,,
"1689","ὕσγη","ὕσγ",Feminine,1e,水,,,,
"1690","ὠλένη","ὠλέν",Feminine,1e,尺骨,,,,
"1691","ὠλίγγη","ὠλίγγ",Feminine,1e,うたた寝、短い昼寝、短い睡眠、目の横のしわ、目尻のしわ,"doze, short nap, short sleep, wrinkles beside the eyes, crow's feet",,,
"1692","ὠμοπλάτη","ὠμοπλάτ",Feminine,1e,肩甲骨,,,,
"1693","ὠρυγή","ὠρυγ",Feminine,1e,悲鳴,,,,
"1694","ὠτειλή","ὠτειλ",Feminine,1e,効果的,,,,
"1695","ὠφέλεια","ὠφέλει",Feminine,1a,利点,,,,
"1696","ὠφελία","ὠφελί",Feminine,1a,利点,,,,
"1697","ὤμιλλα","ὤμιλλ",Feminine,1a,ミラ,,,,
"1698","ὤρα","ὤρ",Feminine,1a,時間,,,,
"1699","ὥρα","ὥρ",Feminine,1a,時間,,,,
"1700","ὥρη","ὥρ",Feminine,1e,時間,,,,
"1701","ᾠδή","ᾠδ",Feminine,1e,"歌, 頌歌, 伝説, 物語, 物語","song, ode, legend, tale, story",,,
"1702","ῥάκτρια","ῥάκτρι",Feminine,1a,アクトリア,,,,
"1703","ῥέμβη","ῥέμβ",Feminine,1e,エンビ,,,,
"1704","ῥίζα","ῥίζ",Feminine,1a,根,,,,
"1705","ῥίνη","ῥίν",Feminine,1e,ファイル,,,,
"1706","ῥαβδομαντεία","ῥαβδομαντεί",Feminine,1a,腹部,,,,
"1707","ῥαδινάκη","ῥαδινάκ",Feminine,1e,スーサの近くで発見された黒い強い臭いの石油,"black, strong-smelling petroleum found near Susa",,,
"1708","ῥαθυμία","ῥαθυμί",Feminine,1a,怠惰,,,,
"1709","ῥαφή","ῥαφ",Feminine,1e,継ぎ目,,,,
"1710","ῥαφιδοθήκη","ῥαφιδοθήκ",Feminine,1e,本棚,,,,
"1711","ῥαχία","ῥαχί",Feminine,1a,ハキア,,,,
"1712","ῥαψῳδία","ῥαψῳδί",Feminine,1a,叙事詩の朗読、叙事詩の作曲、リグマロール,"recitation of Epic poetry, Epic composition, rigmarole",,,
"1713","ῥητίνη","ῥητίν",Feminine,1e,樹脂,,,,
"1714","ῥιπή","ῥιπ",Feminine,1e,うま,,,,
"1715","ῥοή","ῥο",Feminine,1e,フロー,,,,
"1716","ῥοία","ῥοί",Feminine,1a,流れ、フラックス,"flow, flux",,,
"1717","ῥοδάνη","ῥοδάν",Feminine,1e,横糸、横糸,"woof, weft",,,
"1718","ῥοδέα","ῥοδέ",Feminine,1a,バラの茂み,rose-bush,,,
"1719","ῥοδοδάφνη","ῥοδοδάφν",Feminine,1e,キョウチクトウ,,,,
"1720","ῥομφαία","ῥομφαί",Feminine,1a,トラキア人が使用した幅広の剣,broad sword used by the Thracians,,,
"1721","ῥοπή","ῥοπ",Feminine,1e,トルク,,,,
"1722","ῥυκάνη","ῥυκάν",Feminine,1e,かんな、木材をならすための道具,"plane, tool for smoothing wood",,,
"1723","ῥυτή","ῥυτ",Feminine,1e,通り,rue,,,
"1724","ῥωγή","ῥωγ",Feminine,1e,談話,,,,
"1725","ῥόα","ῥό",Feminine,1a,ザクロの木、果実、ザクロ、ザクロのような形のノブ,"pomegranate tree, fruit, pomegranate, knob shaped like pomegranate",,,
"1726","ῥύμη","ῥύμ",Feminine,1e,力、スイング、動きのある体の突進、突進、兵士の突撃、船の突撃、通り、車線、路地、スリット、割れ目、亀裂,"force, swing, rush of a body in motion, rush, charge of soldiers, charge of ships, street, lane, alley, slit, chink, crack",,,
"1727","ῥώμη","ῥώμ",Feminine,1e,ローマ,,,,
"1728","ῥᾳστώνη","ῥᾳστών",Feminine,1e,何でもやりやすい、気性が荒い、気立てが良い、温和、嫌なことから解放される、休息、余暇、安らぎ、レクリエーション、贅沢な安らぎ、怠惰、休息時間、平穏と平穏の季節,"easiness of doing anything, easiness of temper, good nature, mildness, relief from anything unpleasant, rest, leasure, ease, recreation, luxurious ease, indolence, resting-time, season of calm and tranquillity",,,