"4150","Αἰγύπτιον",Αἰγύπτι,Neuter,2on,,,0,0,1
"4151","Διονύσια",Διονύσι,Neuter,2on,,,1,0,1
"4152","Μήλιον",Μήλι,Neuter,2on,,,0,0,1
"4153","Τρωϊκά",Τρωϊκ,Neuter,2on,,,1,0,1
"4154","αἰδοῖον",αἰδοῖ,Neuter,2on,性器、陰部、外陰部、陰茎,"genitals, pudenda, vulva, penis",0,0,0
"4155","αἱρέσια",αἱρέσι,Neuter,2on,異端,"deer",1,0,0
"4156","αἶκλον",αἶκλ,Neuter,2on,桁,"Aickon",0,0,0
"4157","βάθρον",βάθρ,Neuter,2on,表彰台,"thoroughly",0,0,0
"4158","βάλσαμον",βάλσαμ,Neuter,2on,バルサム,"balm",0,0,0
"4159","βάραθρον",βάραθρ,Neuter,2on,バラトロン,"ravine",0,0,0
"4160","βάρβιτον",βάρβιτ,Neuter,2on,バルビトン,"Barviton",0,0,0
"4161","βέλεμνον",βέλεμν,Neuter,2on,またね,"Velemnon",0,0,0
"4162","βήχιον",βήχι,Neuter,2on,咳,"cough",0,0,0
"4163","βακτήριον",βακτήρι,Neuter,2on,バクテリア,"bacterion",0,0,0
"4164","βαλάντιον",βαλάντι,Neuter,2on,バランティオン,"valantion",0,0,0
"4165","βαλανεῖον",βαλανεῖ,Neuter,2on,苦しむ,"balanon",0,0,0
"4166","βαλαντίδιον",βαλαντίδι,Neuter,2on,バランジウム,"Valantidon",0,0,0
"4167","βαλαύστιον",βαλαύστι,Neuter,2on,バラスト,"balaustion",0,0,0
"4168","βαλλάντιον",βαλλάντι,Neuter,2on,ヴァラディオン,"Ballandion",0,0,0
"4169","βαλλίον",βαλλί,Neuter,2on,バリオン,"valleion",0,0,0
"4170","βαπτιστήριον",βαπτιστήρι,Neuter,2on,洗礼堂,"baptistery",0,0,0
"4171","βαρύλλιον",βαρύλλι,Neuter,2on,バリリオン,"heavyness",0,0,0
"4172","βασίλειον",βασίλει,Neuter,2on,王国,"kingdom",0,0,0
"4173","βασιλήϊον",βασιλήϊ,Neuter,2on,キング,"kingdom",0,0,0
"4174","βαστέρνιον",βαστέρνι,Neuter,2on,バスタニオン,"Basternion",0,0,0
"4175","βατράχιον",βατράχι,Neuter,2on,カエル,"frog",0,0,0
"4176","βδέλλιον",βδέλλι,Neuter,2on,リーチ,"lemion",0,0,0
"4177","βιβλίον",βιβλί,Neuter,2on,本,"book",0,0,0
"4178","βιβλιοπωλεῖον",βιβλιοπωλεῖ,Neuter,2on,書店,"bookstore",0,0,0
"4179","βιζάκιον",βιζάκι,Neuter,2on,ビザキオン,"vizakion",0,0,0
"4180","βλέφαρον",βλέφαρ,Neuter,2on,まぶた,"eyelid",0,0,0
"4181","βλίτον",βλίτ,Neuter,2on,ブリトン,"Bliton",0,0,0
"4182","βλόχον",βλόχ,Neuter,2on,ブロック,"vlocon",0,0,0
"4183","βλῆτρον",βλῆτρ,Neuter,2on,見る,"loot",0,0,0
"4184","βλῆχνον",βλῆχν,Neuter,2on,見る,"seem",0,0,0
"4185","βοάνθεμον",βοάνθεμ,Neuter,2on,ヴァンテモン,"BOANTHEMON",0,0,0
"4186","βοθρίον",βοθρί,Neuter,2on,中心窩,"gravity",0,0,0
"4187","βουβάλιον",βουβάλι,Neuter,2on,バッファロー,"buffalo",0,0,0
"4188","βουκράνιον",βουκράνι,Neuter,2on,ブクラニアン,"buccaneer",0,0,0
"4189","βουλάπαθον",βουλάπαθ,Neuter,2on,ヴラパトン,"parliament",0,0,0
"4190","βουσέλινον",βουσέλιν,Neuter,2on,ブッシェル,"Buseline",0,0,0
"4191","βούγλωσσον",βούγλωσσ,Neuter,2on,ブルガリア語,"linguistic",0,0,0
"4192","βούνιον",βούνι,Neuter,2on,外反母趾,"vunion",0,0,0
"4193","βούσυκον",βούσυκ,Neuter,2on,厚い,"Aycuscon",0,0,0
"4194","βούτομον",βούτομ,Neuter,2on,ぶともん,"bomber",0,0,0
"4195","βούτυρον",βούτυρ,Neuter,2on,バター,"butter",0,0,0
"4196","βούφθαλμον",βούφθαλμ,Neuter,2on,ブフタルモン,"bouquet",0,0,0
"4197","βοῦστον",βοῦστ,Neuter,2on,ボストン,"bouquet",0,0,0
"4198","βράβυλον",βράβυλ,Neuter,2on,ブラビロン,"award",0,0,0
"4199","βράγχιον",βράγχι,Neuter,2on,鰓,"gill",0,0,0
"4200","βράχεα",βράχε,Neuter,2on,岩,"Bracea",1,0,0
"4201","βρέντιον",βρέντι,Neuter,2on,結婚式,"Vedion",0,0,0
"4202","βρεφοτροφεῖον",βρεφοτροφεῖ,Neuter,2on,保育園,"infantry",0,0,0
"4203","βροῦλον",βροῦλ,Neuter,2on,轟音,"thunder",0,0,0
"4204","βρύον",βρύ,Neuter,2on,モス,"Vryon",0,0,0
"4205","βρύτεα",βρύτε,Neuter,2on,噴水,"most",1,0,0
"4206","βυβλίον",βυβλί,Neuter,2on,本,"boob",0,0,0
"4207","βόλβιτον",βόλβιτ,Neuter,2on,ボルビトン,"Volvton",0,0,0
"4208","βότρυον",βότρυ,Neuter,2on,ボトリオン,"wing",0,0,0
"4209","γάγγαμον",γάγγαμ,Neuter,2on,ガガモン,"gangse",0,0,0
"4210","γάλιον",γάλι,Neuter,2on,笑,"gallion",0,0,0
"4211","γάρσανα",γάρσαν,Neuter,2on,サギ,"garsa",1,0,0
"4212","γένειον",γένει,Neuter,2on,ひげ,"tornado",0,0,0
"4213","γέννα",γένν,Neuter,2on,誕生,"birth",1,0,0
"4214","γέρρον",γέρρ,Neuter,2on,老人,"old man",0,0,0
"4215","γέρσυμον",γέρσυμ,Neuter,2on,リーン,"jerk",0,0,0
"4216","γήθυον",γήθυ,Neuter,2on,住所,"enemy",0,0,0
"4217","γίγαρτον",γίγαρτ,Neuter,2on,巨人,"gigart",0,0,0
"4218","γαγγλίον",γαγγλί,Neuter,2on,ガングリオン,"ganglion",0,0,0
"4219","γαλάκτιον",γαλάκτι,Neuter,2on,ガラクション,"galactium",0,0,0
"4220","γαρέλαιον",γαρέλαι,Neuter,2on,ガロレイン,"garlaon",0,0,0
"4221","γενέσια",γενέσι,Neuter,2on,系譜,"birth",1,0,0
"4222","γεράνιον",γεράνι,Neuter,2on,ゼラニウム,"geranium",0,0,0
"4223","γεροντοκομεῖον",γεροντοκομεῖ,Neuter,2on,老人ホーム,"elderly",0,0,0
"4224","γευστήριον",γευστήρι,Neuter,2on,テイスター,"tasty",0,0,0
"4225","γεῖσον",γεῖσ,Neuter,2on,ゲイソン,"grass",0,0,0
"4226","γιγγίδιον",γιγγίδι,Neuter,2on,やさしく,"gigantic",0,0,0
"4227","γλαύκιον",γλαύκι,Neuter,2on,グラウコン,"bulk",0,0,0
"4228","γλούτια",γλούτι,Neuter,2on,臀部,"glute",1,0,0
"4229","γλωσσοκομεῖον",γλωσσοκομεῖ,Neuter,2on,言語学者,"linguistic",0,0,0
"4230","γναφάλλιον",γναφάλλι,Neuter,2on,グナファリオン,"drilling",0,0,0
"4231","γοργόνιον",γοργόνι,Neuter,2on,マーメイド,"mermaid",0,0,0
"4232","γοσσύπιον",γοσσύπι,Neuter,2on,うわさ話,"Gossipion",0,0,0
"4233","γράβιον",γράβι,Neuter,2on,グラビオン,"gravy",0,0,0
"4234","γραμματείδιον",γραμματείδι,Neuter,2on,レターヘッド,"secretary",0,0,0
"4235","γραμματικόν",γραμματικ,Neuter,2on,文法学者,"grammar",0,0,0
"4236","γυμνάσιον",γυμνάσι,Neuter,2on,高校,"gymnasium",0,0,0
"4237","γυργαθίον",γυργαθί,Neuter,2on,ギルガシオン,"gypsy",0,0,0
"4238","γυῖον",γυῖ,Neuter,2on,息子,"grass",0,0,0
"4239","γόργιλον",γόργιλ,Neuter,2on,ガーゴイル,"gorgilon",0,0,0
"4240","γύαλον",γύαλ,Neuter,2on,ガラス,"jumper",0,0,0
"4241","δάκρυον",δάκρυ,Neuter,2on,破れ目,"tears",0,0,0
"4242","δάνειον",δάνει,Neuter,2on,借金、借入,"loan",0,0,0
"4243","δάπεδον",δάπεδ,Neuter,2on,床,"floor",0,0,0
"4244","δάφνινον",δάφνιν,Neuter,2on,月桂樹,"laurel",0,0,0
"4245","δέλτος",δέλτ,Neuter,2,本、書物,"book",0,0,0
"4246","δέμνιον",δέμνι,Neuter,2on,定義,"demenion",0,0,0
"4247","δένδρεον",δένδρε,Neuter,2on,木,"tree",0,0,0
"4248","δένδρον",δένδρ,Neuter,2on,木,"tree",0,0,0
"4249","δέραιον",δέραι,Neuter,2on,肌,"perion",0,0,0
"4250","δέρτρον",δέρτρ,Neuter,2on,ダートロン,"skin",0,0,0
"4251","δίκταμνον",δίκταμν,Neuter,2on,口述する,"trigger",0,0,0
"4252","δίκτυον",δίκτυ,Neuter,2on,通信網,"network",0,0,0
"4253","δαιμόνιον",δαιμόνι,Neuter,2on,悪魔,"demon",0,0,0
"4254","δεκαστάδιον",δεκαστάδι,Neuter,2on,小数,"thirteen",0,0,0
"4255","δελτίδιον",δελτίδι,Neuter,2on,掲示板,"Deltidon",0,0,0
"4256","δελφίνιον",δελφίνι,Neuter,2on,イルカ,"dolphin",0,0,0
"4257","δενδρολίβανον",δενδρολίβαν,Neuter,2on,ローズマリー,"rosemary",0,0,0
"4258","δεσμωτήριον",δεσμωτήρι,Neuter,2on,拘留,"captive",0,0,0
"4259","δεῖπνον",δεῖπν,Neuter,2on,眠る,"deprivation",0,0,0
"4260","δημεῖον",δημεῖ,Neuter,2on,公共,"Demyon",0,0,0
"4261","δηνάριον",δηνάρι,Neuter,2on,ディナール,"dinar",0,0,0
"4262","διάβαθρον",διάβαθρ,Neuter,2on,深い,"passion",0,0,0
"4263","διάμετρον",διάμετρ,Neuter,2on,直径,"diameter",0,0,0
"4264","διαλύτρον",διαλύτρ,Neuter,2on,溶媒,"solvent",0,0,0
"4265","δικαστήριον",δικαστήρι,Neuter,2on,裁判所,"court",0,0,0
"4266","δοξάριον",δοξάρι,Neuter,2on,ドクサリオン,"biscuit",0,0,0
"4267","δορυδρέπανον",δορυδρέπαν,Neuter,2on,ドルヒデレパノン,"satellite",0,0,0
"4268","δορύκνιον",δορύκνι,Neuter,2on,ドリクニオン,"satellite",0,0,0
"4269","δρακόντιον",δρακόντι,Neuter,2on,厳格な,"draconian",0,0,0
"4270","δραύκιον",δραύκι,Neuter,2on,ドラキオン,"Draukion",0,0,0
"4271","δωδεκάεδρον",δωδεκάεδρ,Neuter,2on,十二面体,"dozen",0,0,0
"4272","δωμάτιον",δωμάτι,Neuter,2on,部屋,"room",0,0,0
"4273","δωράκινον",δωράκιν,Neuter,2on,贈り物,"gift",0,0,0
"4274","δόγια",δόγι,Neuter,2on,ドヤ,"doy",1,0,0
"4275","δόρπον",δόρπ,Neuter,2on,贈り物,"duplicate",0,0,0
"4276","δῶρον",δῶρ,Neuter,2on,無料で,"duo",0,0,0
"4277","εἴδωλον",εἴδωλ,Neuter,2on,アイドル,"gone",0,0,0
"4278","εὐάφιον",εὐάφι,Neuter,2on,局所療法,"topical remedy",0,0,0
"4279","εὐαγγέλιον",εὐαγγέλι,Neuter,2on,福音,"gospel",0,0,0
"4280","εὐπατόριον",εὐπατόρι,Neuter,2on,ユーパトリオン,"Epatarion",0,0,0
"4281","εὐφόρβιον",εὐφόρβι,Neuter,2on,ユーフォルビオン,"euphorbion",0,0,0
"4282","εὔζωμον",εὔζωμ,Neuter,2on,元気,"EUZONE",0,0,0
"4283","εὔληρα",εὔληρ,Neuter,2on,自由に,"watery",1,0,0
"4284","ζάγκλον",ζάγκλ,Neuter,2on,ザグロン,"Zaglon",0,0,0
"4285","ζίζυφον",ζίζυφ,Neuter,2on,ジジフォン,"jerk",0,0,0
"4286","ζιζάνιον",ζιζάνι,Neuter,2on,雑草,"weed",0,0,0
"4287","ζουλάπιν",ζουλάπ,Neuter,2,,,0,0,0
"4288","ζυγόδεσμον",ζυγόδεσμ,Neuter,2on,ザイゴデスモン,"yogurt",0,0,0
"4289","ζυγόν",ζυγ,Neuter,2on,ヨーク,"scale",0,0,0
"4290","ζωγραφεῖον",ζωγραφεῖ,Neuter,2on,ペインティング,"painting",0,0,0
"4291","ζύγαστρον",ζύγαστρ,Neuter,2on,ジガストロン,"booze",0,0,0
"4292","ζῴδιον",ζῴδι,Neuter,2on,干支,"zodiac",0,0,0
"4293","ζῶον",ζῶ,Neuter,2on,動物,"animal",0,0,0
"4294","ζῷον",ζῷ,Neuter,2on,生活,"life",0,0,0
"4295","θάλικτρον",θάλικτρ,Neuter,2on,タリクトロン,"tacutron",0,0,0
"4296","θέατρον",θέατρ,Neuter,2on,シアター,"theater",0,0,0
"4297","θέμεθλα",θέμεθλ,Neuter,2on,行こう,"Themes",1,0,0
"4298","θελκτήριον",θελκτήρι,Neuter,2on,タグボート,"lure",0,0,0
"4299","θεῖον",θεῖ,Neuter,2on,神様,"divine",0,0,0
"4300","θηλυφόνον",θηλυφόν,Neuter,2on,携帯電話,"female",0,0,0
"4301","θηρίον",θηρί,Neuter,2on,獣,"beast",0,0,0
"4302","θρανίον",θρανί,Neuter,2on,机,"desk",0,0,0
"4303","θρόνον",θρόν,Neuter,2on,王位,"throne",0,0,0
"4304","θρύον",θρύ,Neuter,2on,葦、い草、とげのあるリンゴ,"reed, rush, thorn apple",0,0,0
"4305","θρῖον",θρῖ,Neuter,2on,イチジクの葉、卵、牛乳、ラード、蜂蜜、イチジクの葉で包んだチーズの混合物,"fig leaf, mixture of eggs, milk, lard, honey, cheese wrapped in figleaves",0,0,0
"4306","θυμιατήριον",θυμιατήρι,Neuter,2on,香炉,"censer",0,0,0
"4307","θυσιαστήριον",θυσιαστήρι,Neuter,2on,祭壇,"sacrifice",0,0,0
"4308","θύμαρνον",θύμαρν,Neuter,2on,ティマノン,"victim",0,0,0
"4309","θύμον",θύμ,Neuter,2on,ティモン,"thyme",0,0,0
"4310","θύον",θύ,Neuter,2on,チオン,"thy",0,0,0
"4311","θύρετρα",θύρετρ,Neuter,2on,ポート,"adolescent",1,0,0
"4312","θύσθλα",θύσθλ,Neuter,2on,アザミ,"tissue",1,0,0
"4313","κάγκαμον",κάγκαμ,Neuter,2on,カガモン,"juggling",0,0,0
"4314","κάλλιον",κάλλι,Neuter,2on,良い,"Kallion",0,0,0
"4315","κάλλυντρον",κάλλυντρ,Neuter,2on,綺麗な,"beauty",0,0,0
"4316","κάναστρον",κάναστρ,Neuter,2on,カナストロン,"Canastron",0,0,0
"4317","κάνεον",κάνε,Neuter,2on,やっている,"doing",0,0,0
"4318","κάνωπον",κάνωπ,Neuter,2on,私がやります,"makeup",0,0,0
"4319","κάρδαμον",κάρδαμ,Neuter,2on,カルダモン,"card",0,0,0
"4320","κάρηνον",κάρην,Neuter,2on,カリノン,"cake",0,0,0
"4321","κάρθρα",κάρθρ,Neuter,2on,バスケット,"Kartra",1,0,0
"4322","κάρνον",κάρν,Neuter,2on,カーノン,"carnation",0,0,0
"4323","κάροινον",κάροιν,Neuter,2on,いつか,"caron",0,0,0
"4324","κάρπιον",κάρπι,Neuter,2on,手首,"Karpion",0,0,0
"4325","κάρρον",κάρρ,Neuter,2on,カート,"Carron",0,0,0
"4326","κάρυον",κάρυ,Neuter,2on,カリオン,"Karyon",0,0,0
"4327","κάστανα",κάσταν,Neuter,2on,茶色,"Brown",1,0,0
"4328","κάστανον",κάσταν,Neuter,2on,くるみ,"Caskanon",0,0,0
"4329","κάτοπτρον",κάτοπτρ,Neuter,2on,鏡,"mirror",0,0,0
"4330","κέντρον",κέντρ,Neuter,2on,中心,"center",0,0,0
"4331","κέστρον",κέστρ,Neuter,2on,ケストロン,"caste",0,0,0
"4332","κίνητρον",κίνητρ,Neuter,2on,動機,"motivation",0,0,0
"4333","κίρσιον",κίρσι,Neuter,2on,シャッター,"circuit",0,0,0
"4334","κίτρον",κίτρ,Neuter,2on,レモン,"nose",0,0,0
"4335","κίχορα",κίχορ,Neuter,2on,チチョラ,"Kichora",1,0,0
"4336","καλίγιον",καλίγι,Neuter,2on,カリギオン,"calleon",0,0,0
"4337","καλλιπέταλον",καλλιπέταλ,Neuter,2on,カリペタロン,"artist",0,0,0
"4338","καλοπέδιλα",καλοπέδιλ,Neuter,2on,良い靴,"noses",1,0,0
"4339","καλοπόδιον",καλοπόδι,Neuter,2on,おはよう,"goodbye",0,0,0
"4340","καμηλοπόδιον",καμηλοπόδι,Neuter,2on,ラクダの足,"giraffes",0,0,0
"4341","κανθήλια",κανθήλι,Neuter,2on,ろうそく,"canthy",1,0,0
"4342","καράβιον",καράβι,Neuter,2on,ボート,"boat",0,0,0
"4343","καρδάμωμον",καρδάμωμ,Neuter,2on,カルダモン,"cardamom",0,0,0
"4344","καρπήσιον",καρπήσι,Neuter,2on,カーピシオン,"fruit",0,0,0
"4345","καρυόφυλλον",καρυόφυλλ,Neuter,2on,カリオフィロン,"rug",0,0,0
"4346","καρχήσιον",καρχήσι,Neuter,2on,妊娠,"karchion",0,0,0
"4347","καστάνεια",καστάνει,Neuter,2on,栗,"castania",1,0,0
"4348","κατάχυτλον",κατάχυτλ,Neuter,2on,圧倒的に,"pine",0,0,0
"4349","καταλυτήριον",καταλυτήρι,Neuter,2on,触媒,"catalyst",0,0,0
"4350","καταπρακτικόν",καταπρακτικ,Neuter,2on,完全に,"sturgeonness",0,0,0
"4351","κατοίκια",κατοίκι,Neuter,2on,住居,"residence",1,0,0
"4352","κατοικέσια",κατοικέσι,Neuter,2on,住居,"residential",1,0,0
"4353","κειμήλιον",κειμήλι,Neuter,2on,家宝,"relicion",0,0,0
"4354","κενέβρεια",κενέβρει,Neuter,2on,共食い,"Cenery",1,0,0
"4355","κενοτάφιον",κενοτάφι,Neuter,2on,慰霊碑,"cenotaphone",0,0,0
"4356","κενταύρειον",κενταύρει,Neuter,2on,百人隊長,"Centaurion",0,0,0
"4357","κενταύριον",κενταύρι,Neuter,2on,百人隊長,"Centaurion",0,0,0
"4358","κεράσιον",κεράσι,Neuter,2on,チェリー,"cherry",0,0,0
"4359","κεράτια",κεράτι,Neuter,2on,角,"cherry",1,0,0
"4360","κεράτιον",κεράτι,Neuter,2on,ホーン,"cherry",0,0,0
"4361","κεραμίδιον",κεραμίδι,Neuter,2on,セラミック,"tile",0,0,0
"4362","κερσαῖον",κερσαῖ,Neuter,2on,サーサイオン,"Kersion",0,0,0
"4363","κεφάλαιον",κεφάλαι,Neuter,2on,資本,"capital",0,0,0
"4364","κεφάλιον",κεφάλι,Neuter,2on,頭,"head",0,0,0
"4365","κιβώριον",κιβώρι,Neuter,2on,キボリオン,"box",0,0,0
"4366","κιβώτιον",κιβώτι,Neuter,2on,箱,"box",0,0,0
"4367","κιννάμωμον",κιννάμωμ,Neuter,2on,シナモン,"cinnamon",0,0,0
"4368","κινώπετον",κινώπετ,Neuter,2on,動く,"cinestone",0,0,0
"4369","κισσόφυλλον",κισσόφυλλ,Neuter,2on,アイビー,"cissophyte",0,0,0
"4370","κισσύβιον",κισσύβι,Neuter,2on,キシビオン,"ivy",0,0,0
"4371","κλανίον",κλανί,Neuter,2on,おなら,"clan",0,0,0
"4372","κλειδίον",κλειδί,Neuter,2on,鍵,"key",0,0,0
"4373","κλεῖθρον",κλεῖθρ,Neuter,2on,クレトロン,"clog",0,0,0
"4374","κληρωτήριον",κληρωτήρι,Neuter,2on,宝くじ,"consultant",0,0,0
"4375","κλητικόν",κλητικ,Neuter,2on,挑発的な,"climate",0,0,0
"4376","κλινοπόδιον",κλινοπόδι,Neuter,2on,フットベッド,"bedroom",0,0,0
"4377","κνέφαλλον",κνέφαλλ,Neuter,2on,骨髄,"rack",0,0,0
"4378","κνώδαλον",κνώδαλ,Neuter,2on,結節性,"Knocalon",0,0,0
"4379","κοκκύμηλον",κοκκύμηλ,Neuter,2on,コシメロン,"pertussis",0,0,0
"4380","κολαστήριον",κολαστήρι,Neuter,2on,地獄の,"hell",0,0,0
"4381","κολλύριον",κολλύρι,Neuter,2on,衝突,"collarion",0,0,0
"4382","κολχικόν",κολχικ,Neuter,2on,コルチコ,"Colchicon",0,0,0
"4383","κολόβιον",κολόβι,Neuter,2on,コロビオン,"colobe",0,0,0
"4384","κομμάτιον",κομμάτι,Neuter,2on,ピース,"piece",0,0,0
"4385","κοντάκιον",κοντάκι,Neuter,2on,株式,"pole",0,0,0
"4386","κοπάδιον",κοπάδι,Neuter,2on,群れ,"herdion",0,0,0
"4387","κοράλλιον",κοράλλι,Neuter,2on,コーラル,"coral",0,0,0
"4388","κορίαννον",κορίανν,Neuter,2on,トコジラミ,"corner",0,0,0
"4389","κράνον",κράν,Neuter,2on,ヘルメット,"cranny",0,0,0
"4390","κράσπεδον",κράσπεδ,Neuter,2on,縁石,"crash",0,0,0
"4391","κρέμβαλα",κρέμβαλ,Neuter,2on,ぶら下がった,"crevity",1,0,0
"4392","κρήδεμνον",κρήδεμν,Neuter,2on,クレデムノン,"Kerimon",0,0,0
"4393","κρίμνον",κρίμν,Neuter,2on,真紅,"crumple",0,0,0
"4394","κρίνον",κρίν,Neuter,2on,ゆり,"cruna",0,0,0
"4395","κρανίον",κρανί,Neuter,2on,頭蓋骨,"cranonium",0,0,0
"4396","κραταιόγονον",κραταιόγον,Neuter,2on,最先端,"cloak",0,0,0
"4397","κριθίδιον",κριθίδι,Neuter,2on,大麦,"barley",0,0,0
"4398","κριτήριον",κριτήρι,Neuter,2on,基準,"criterion",0,0,0
"4399","κρυστάλλιον",κρυστάλλι,Neuter,2on,結晶,"crystal",0,0,0
"4400","κρόμμυον",κρόμμυ,Neuter,2on,クロム,"slap",0,0,0
"4401","κρόταλον",κρόταλ,Neuter,2on,ガラガラヘビ,"click",0,0,0
"4402","κρώπιον",κρώπι,Neuter,2on,体,"jacket",0,0,0
"4403","κρῆθμον",κρῆθμ,Neuter,2on,ハートビート,"Cretaceous",0,0,0
"4404","κτέανον",κτέαν,Neuter,2on,ケノン,"rampage",0,0,0
"4405","κτένιον",κτένι,Neuter,2on,テニオン,"cum",0,0,0
"4406","κτέρεα",κτέρε,Neuter,2on,死体,"cretin",1,0,0
"4407","κυμάτιον",κυμάτι,Neuter,2on,波,"wavy",0,0,0
"4408","κυνίδιον",κυνίδι,Neuter,2on,猟犬,"cynide",0,0,0
"4409","κυνοκεφάλιον",κυνοκεφάλι,Neuter,2on,犬の頭,"keen",0,0,0
"4410","κυνόγλωσσον",κυνόγλωσσ,Neuter,2on,犬の舌,"cyning",0,0,0
"4411","κυνόμαζον",κυνόμαζ,Neuter,2on,シノマゾン,"cannon",0,0,0
"4412","κυνόροδον",κυνόροδ,Neuter,2on,ローズヒップ,"cannon",0,0,0
"4413","κυρίλλιον",κυρίλλι,Neuter,2on,シリル,"Cyrilion",0,0,0
"4414","κωδώνιον",κωδώνι,Neuter,2on,コデイン,"bell",0,0,0
"4415","κωλόβαθρον",κωλόβαθρ,Neuter,2on,後列,"stormy",0,0,0
"4416","κόγγιον",κόγγι,Neuter,2on,いとこ,"cone",0,0,0
"4417","κόπαιον",κόπαι,Neuter,2on,ハードワーク,"crap",0,0,0
"4418","κόπανον",κόπαν,Neuter,2on,私は苦労していました,"jerk",0,0,0
"4419","κόρσιον",κόρσι,Neuter,2on,コーション,"cursion",0,0,0
"4420","κόσκινον",κόσκιν,Neuter,2on,ふるい,"sieve",0,0,0
"4421","κότυμβον",κότυμβ,Neuter,2on,コットン,"Kotopon",0,0,0
"4422","κύβιτον",κύβιτ,Neuter,2on,キュビトン,"Kybiton",0,0,0
"4423","κύθιον",κύθι,Neuter,2on,キティオン,"City",0,0,0
"4424","κύμβαλον",κύμβαλ,Neuter,2on,シンバル,"cube",0,0,0
"4425","κύμινον",κύμιν,Neuter,2on,クミン,"cumin",0,0,0
"4426","κύπειρον",κύπειρ,Neuter,2on,キプロス,"cypress",0,0,0
"4427","κύπελλον",κύπελλ,Neuter,2on,カップ,"cup",0,0,0
"4428","κύριθρα",κύριθρ,Neuter,2on,キリトラ,"Lord",1,0,0
"4429","κύστιον",κύστι,Neuter,2on,嚢胞,"cyclone",0,0,0
"4430","κώμακον",κώμακ,Neuter,2on,家,"coma",0,0,0
"4431","κώνειον",κώνει,Neuter,2on,毒ヘムロック,"poison hemlock ",0,0,0
"4432","κᾶλον",κᾶλ,Neuter,2on,こんにちは,"tinge",0,0,0
"4433","κῆλον",κῆλ,Neuter,2on,宇宙,"storm",0,0,0
"4434","κῴδιον",κῴδι,Neuter,2on,家,"conjunction",0,0,0
"4435","κῶλον",κῶλ,Neuter,2on,ケルン,"rug",0,0,0
"4436","λάγιον",λάγι,Neuter,2on,多くの,"a lot",0,0,0
"4437","λάλον",λάλ,Neuter,2on,笑,"lol",0,0,0
"4438","λάπαθον",λάπαθ,Neuter,2on,ラファトン,"laphaton",0,0,0
"4439","λάρβασον",λάρβασ,Neuter,2on,幼虫,"larvae",0,0,0
"4440","λάσαρον",λάσαρ,Neuter,2on,ラザロン,"lazaron",0,0,0
"4441","λάφυρα",λάφυρ,Neuter,2on,台無しにする,"spoils",1,0,0
"4442","λάχανον",λάχαν,Neuter,2on,キャベツ,"cabbage",0,0,0
"4443","λέγνον",λέγν,Neuter,2on,彼らが言うには,"they say",0,0,0
"4444","λέκτρον",λέκτρ,Neuter,2on,電子,"electron",0,0,0
"4445","λέπαδνον",λέπαδν,Neuter,2on,レパドノン,"lepadnon",0,0,0
"4446","λέπυρον",λέπυρ,Neuter,2on,レピロン,"lepyron",0,0,0
"4447","λήδανον",λήδαν,Neuter,2on,レダノン,"ledanon",0,0,0
"4448","λήϊτον",λήϊτ,Neuter,2on,レイトン,"Leighton",0,0,0
"4449","λίκνον",λίκν,Neuter,2on,ゆりかご,"cradle",0,0,0
"4450","λίνον",λίν,Neuter,2on,リネン,"linen",0,0,0
"4451","λίστριον",λίστρι,Neuter,2on,リストリオン,"listrion",0,0,0
"4452","λίστρον",λίστρ,Neuter,2on,リストロン,"listron",0,0,0
"4453","λαισήϊον",λαισήϊ,Neuter,2on,飲む,"drink",0,0,0
"4454","λείριον",λείρι,Neuter,2on,レイリオン,"leirion",0,0,0
"4455","λείψανον",λείψαν,Neuter,2on,遺物,"relic",0,0,0
"4456","λειμώνιον",λειμώνι,Neuter,2on,レモニオン,"leimonion",0,0,0
"4457","λεξικόν",λεξικ,Neuter,2on,辞書,"dictionary",0,0,0
"4458","λεοντοπέταλον",λεοντοπέταλ,Neuter,2on,ライオンの花びら,"lion petal",0,0,0
"4459","λεοντοπόδιον",λεοντοπόδι,Neuter,2on,ヒョウ,"leopard",0,0,0
"4460","λεπίδιον",λεπίδι,Neuter,2on,刃,"blade",0,0,0
"4461","λεπτίον",λεπτί,Neuter,2on,分,"minute",0,0,0
"4462","λεπτόν",λεπτ,Neuter,2on,分,"minute",0,0,0
"4463","λευκάνθεμον",λευκάνθεμ,Neuter,2on,ホワイトンテモン,"whitenthemon",0,0,0
"4464","λιβάδιον",λιβάδι,Neuter,2on,牧草地,"meadow",0,0,0
"4465","λιθόσπερμον",λιθόσπερμ,Neuter,2on,リトスパモン,"lithostpermon",0,0,0
"4466","λινόσπερμον",λινόσπερμ,Neuter,2on,リノスペルモン,"linospermon",0,0,0
"4467","λογεῖον",λογεῖ,Neuter,2on,アカウント,"account",0,0,0
"4468","λουτρόν",λουτρ,Neuter,2on,浴,"bath",0,0,0
"4469","λοῦσσον",λοῦσσ,Neuter,2on,ルッソン,"lusson",0,0,0
"4470","λυγγούριον",λυγγούρι,Neuter,2on,リングリオン,"lingurion",0,0,0
"4471","λυκοκτόνον",λυκοκτόν,Neuter,2on,オオカミキラー,"wolf killer",0,0,0
"4472","λυκοπέρσιον",λυκοπέρσι,Neuter,2on,ライコパージョン,"Lycopersion",0,0,0
"4473","λυκοσκυτάλιον",λυκοσκυτάλι,Neuter,2on,ウルフドッグ,"wolfdog",0,0,0
"4474","λυκόσκορδον",λυκόσκορδ,Neuter,2on,甘草,"licorice",0,0,0
"4475","λυσιμάχειον",λυσιμάχει,Neuter,2on,リシマケイオン,"lysimacheion",0,0,0
"4476","λυτήριον",λυτήρι,Neuter,2on,身代金,"ransom",0,0,0
"4477","λωγάνιον",λωγάνι,Neuter,2on,ロガニオン,"loganion",0,0,0
"4478","λύθρον",λύθρ,Neuter,2on,身代金,"ransom",0,0,0
"4479","λύκιον",λύκι,Neuter,2on,高校,"high school",0,0,0
"4480","λύτρον",λύτρ,Neuter,2on,身代金,"ransom",0,0,0
"4481","λῆδον",λῆδ,Neuter,2on,レドン,"lῆdon",0,0,0
"4482","μάγγανον",μάγγαν,Neuter,2on,マンガノン,"Manganon",0,0,0
"4483","μάδαρα",μάδαρ,Neuter,2on,マダラ,"madara",1,0,0
"4484","μάδρυα",μάδρυ,Neuter,2on,マドリア,"madria",1,0,0
"4485","μάκελλον",μάκελλ,Neuter,2on,マケロン,"makellon",0,0,0
"4486","μάλδακον",μάλδακ,Neuter,2on,マルダコン,"maldakon",0,0,0
"4487","μάραθον",μάραθ,Neuter,2on,マラソン,"marathon",0,0,0
"4488","μάρρον",μάρρ,Neuter,2on,茶色,"brown",0,0,0
"4489","μέλαθρον",μέλαθρ,Neuter,2on,ダークブラウン,"dark brown",0,0,0
"4490","μέλαν",μέλ,Neuter,3con,インク,"ink",0,0,0
"4491","μέλπηθρα",μέλπηθρ,Neuter,2on,メルピトラ,"Melpithra",1,0,0
"4492","μέσακλον",μέσακλ,Neuter,2on,中身,"inside",0,0,0
"4493","μέσπιλον",μέσπιλ,Neuter,2on,メスピロン,"mespilon",0,0,0
"4494","μέταλλον",μέταλλ,Neuter,2on,金属,"metal",0,0,0
"4495","μέτρον",μέτρ,Neuter,2on,測定,"measure",0,0,0
"4496","μέτωπον",μέτωπ,Neuter,2on,フロント,"front",0,0,0
"4497","μήλωθρον",μήλωθρ,Neuter,2on,リンゴの木,"apple tree",0,0,0
"4498","μήνιον",μήνι,Neuter,2on,月,"month",0,0,0
"4499","μίνιον",μίνι,Neuter,2on,ミニオン,"minion",0,0,0
"4500","μαλάβαθρον",μαλάβαθρ,Neuter,2on,マラバスロン,"malavathron",0,0,0
"4501","μανιάκιον",μανιάκι,Neuter,2on,マニアキオン,"Maniakion",0,0,0
"4502","μαντεῖον",μαντεῖ,Neuter,2on,オラクル,"oracle",0,0,0
"4503","μαρτύριον",μαρτύρι,Neuter,2on,殉教,"martyrdom",0,0,0
"4504","μαχαιρόφυλλον",μαχαιρόφυλλ,Neuter,2on,ナイフの刃,"knife blade",0,0,0
"4505","μειράκιον",μειράκι,Neuter,2on,メイラキオン,"meirakion",0,0,0
"4506","μελάνθιον",μελάνθι,Neuter,2on,メランチオン,"Melanthion",0,0,0
"4507","μελάνιον",μελάνι,Neuter,2on,インク,"ink",0,0,0
"4508","μελίκρατον",μελίκρατ,Neuter,2on,メリクラトン,"melikraton",0,0,0
"4509","μελίλωτον",μελίλωτ,Neuter,2on,メリロトン,"Meliloton",0,0,0
"4510","μελίμηλον",μελίμηλ,Neuter,2on,メリミロン,"melimilon",0,0,0
"4511","μελαμπράσιον",μελαμπράσι,Neuter,2on,メラブレーション,"melabration",0,0,0
"4512","μελισσόφυλλον",μελισσόφυλλ,Neuter,2on,スイカズラ,"honeysuckle",0,0,0
"4513","μελύγιον",μελύγι,Neuter,2on,蜂蜜,"honey",0,0,0
"4514","μεσάγκυλον",μεσάγκυλ,Neuter,2on,メサンギロン,"mesangylon",0,0,0
"4515","μεσεντέριον",μεσεντέρι,Neuter,2on,腸間膜,"mesentery",0,0,0
"4516","μετάφρενον",μετάφρεν,Neuter,2on,そうでなければ,"otherwise",0,0,0
"4517","μηκώνιον",μηκώνι,Neuter,2on,メコニオン,"meconion",0,0,0
"4518","μηλοκυδώνιον",μηλοκυδώνι,Neuter,2on,りんごキドニウム,"apple quidonium",0,0,0
"4519","μηρία",μηρί,Neuter,2on,大腿,"thigh",1,0,0
"4520","μιλτεῖον",μιλτεῖ,Neuter,2on,おしゃべり,"talking",0,0,0
"4521","μιμαίκυλον",μιμαίκυλ,Neuter,2on,ミメサイクロン,"mimecyclone",0,0,0
"4522","μνάσιον",μνάσι,Neuter,2on,ミッション,"mnassion",0,0,0
"4523","μνημεῖον",μνημεῖ,Neuter,2on,記念碑,"monument",0,0,0
"4524","μοναστήριον",μοναστήρι,Neuter,2on,修道院,"monastery",0,0,0
"4525","μονοπώλιον",μονοπώλι,Neuter,2on,独占,"monopoly",0,0,0
"4526","μορμολυκεῖον",μορμολυκεῖ,Neuter,2on,モルモリケイオン,"mormolykeion",0,0,0
"4527","μουσεῖον",μουσεῖ,Neuter,2on,美術館,"museum",0,0,0
"4528","μυλήκορον",μυλήκορ,Neuter,2on,ミツバチ,"honeybees",0,0,0
"4529","μυριόφυλλον",μυριόφυλλ,Neuter,2on,ミリオフィロン,"myriophyllon",0,0,0
"4530","μυστήριον",μυστήρι,Neuter,2on,神秘,"mystery",0,0,0
"4531","μόριον",μόρι,Neuter,2on,分子,"molecules",0,0,0
"4532","μόρον",μόρ,Neuter,2on,赤ちゃん,"baby",0,0,0
"4533","μόρρια",μόρρι,Neuter,2on,くそ,"damn",1,0,0
"4534","μόσυλον",μόσυλ,Neuter,2on,モシロン,"mosilon",0,0,0
"4535","μύξα",μύξ,Neuter,2on,鼻水,"snot",1,0,0
"4536","μύρον",μύρ,Neuter,2on,没薬,"myrrh",0,0,0
"4537","μύστρον",μύστρ,Neuter,2on,ミステロン,"Mysteron",0,0,0
"4538","μᾶρον",μᾶρ,Neuter,2on,あずき色,"maroon",0,0,0
"4539","μῆλον",μῆλ,Neuter,2on,しかし,"but",0,0,0
"4540","μῆον",μῆ,Neuter,2on,分,"min",0,0,0
"4541","μῆρα",μῆρ,Neuter,2on,日,"day",1,0,0
"4542","νάρκαφθον",νάρκαφθ,Neuter,2on,採掘された,"mined",0,0,0
"4543","νέτωπον",νέτωπ,Neuter,2on,今,"now",0,0,0
"4544","νήριον",νήρι,Neuter,2on,ニリオン,"Nirion",0,0,0
"4545","νίνον",νίν,Neuter,2on,にのん,"ninon",0,0,0
"4546","νίπτρον",νίπτρ,Neuter,2on,ニプトロン,"niptron",0,0,0
"4547","νίτρον",νίτρ,Neuter,2on,ニトロン,"nitron",0,0,0
"4548","ναυπήγιον",ναυπήγι,Neuter,2on,造船所,"shipyard",0,0,0
"4549","ναύσταθμον",ναύσταθμ,Neuter,2on,軍港,"naval station",0,0,0
"4550","νεφέλιον",νεφέλι,Neuter,2on,ネフェリオン,"Nephelion",0,0,0
"4551","νεῦρον",νεῦρ,Neuter,2on,ニューロン,"neuron",0,0,0
"4552","νικύλεον",νικύλε,Neuter,2on,ニッケル,"nickel",0,0,0
"4553","νοσοκομεῖον",νοσοκομεῖ,Neuter,2on,病院,"hospital",0,0,0
"4554","νυχθήμερον",νυχθήμερ,Neuter,2on,昼と夜,"day and night",0,0,0
"4555","νόστιμον",νόστιμ,Neuter,2on,美味しい,"delicious",0,0,0
"4556","νῆτρον",νῆτρ,Neuter,2on,中性子,"neutron",0,0,0
"4557","νῶτον",νῶτ,Neuter,2on,南,"south",0,0,0
"4558","ξάνθιον",ξάνθι,Neuter,2on,キサンチオン,"Xanthione",0,0,0
"4559","ξάνιον",ξάνι,Neuter,2on,めったに,"rarely",0,0,0
"4560","ξένιον",ξένι,Neuter,2on,知らない人,"stranger",0,0,0
"4561","ξείνιον",ξείνι,Neuter,2on,ゼニオン,"xenion",0,0,0
"4562","ξενοδοχεῖον",ξενοδοχεῖ,Neuter,2on,ホテル,"hotel",0,0,0
"4563","ξηρίον",ξηρί,Neuter,2on,ドライ,"dry",0,0,0
"4564","ξιφοδρέπανον",ξιφοδρέπαν,Neuter,2on,剣と鎌,"sword and sickle",0,0,0
"4565","ξυρόν",ξυρ,Neuter,2on,剃る,"shave",0,0,0
"4566","ξόανον",ξόαν,Neuter,2on,知らない人,"stranger",0,0,0
"4567","ξύλον",ξύλ,Neuter,2on,木材,"wood",0,0,0
"4568","οἰήϊον",οἰήϊ,Neuter,2on,耕運機、舵の柄、舵、牛を導くためのひもが通るくびきの輪,"tiller, the handle of the rudder, helm, rings of a yoke, through which cords for guiding oxen",0,0,0
"4569","οἰκίον",οἰκί,Neuter,2on,家,"house",0,0,0
"4570","οἰκητήριον",οἰκητήρι,Neuter,2on,遺言,"testament",0,0,0
"4571","οἰωνιστήριον",οἰωνιστήρι,Neuter,2on,図像学,"iconography",0,0,0
"4572","οἴναρον",οἴναρ,Neuter,2on,ワイン,"wine",0,0,0
"4573","οὐροπύγιον",οὐροπύγι,Neuter,2on,天国,"heaven",0,0,0
"4574","οὖλον",οὖλ,Neuter,2on,オロン,"oὖlon",0,0,0
"4575","οὖρον",οὖρ,Neuter,2on,オロン,"oὖron",0,0,0
"4576","οὖσον",οὖσ,Neuter,2on,オーソン,"oὖson",0,0,0
"4577","πάτρια",πάτρι,Neuter,2on,祖国,"motherland",1,0,0
"4578","πέδιλον",πέδιλ,Neuter,2on,サンダル,"sandals",0,0,0
"4579","πέδον",πέδ,Neuter,2on,ペドン,"pedon",0,0,0
"4580","πέλεκκον",πέλεκκ,Neuter,2on,ペレコン,"peleckon",0,0,0
"4581","πέλλυτρα",πέλλυτρ,Neuter,2on,ペリトラ,"Pellytra",1,0,0
"4582","πέταλον",πέταλ,Neuter,2on,ホースシュー,"Horseshoe",0,0,0
"4583","πέταυρον",πέταυρ,Neuter,2on,ペタウロン,"petauron",0,0,0
"4584","πέτευρον",πέτευρ,Neuter,2on,フェザー,"feather",0,0,0
"4585","πήγανον",πήγαν,Neuter,2on,彼らは行っていた,"they were going",0,0,0
"4586","πίσον",πίσ,Neuter,2on,ピソン,"pison",0,0,0
"4587","πίτυρον",πίτυρ,Neuter,2on,ぬか,"bran",0,0,0
"4588","παίγνιον",παίγνι,Neuter,2on,ゲーム,"game",0,0,0
"4589","παγκράτιον",παγκράτι,Neuter,2on,パングラション,"pangration",0,0,0
"4590","παιδίον",παιδί,Neuter,2on,子,"child",0,0,0
"4591","παλτόν",παλτ,Neuter,2on,コート,"coat",0,0,0
"4592","πανδοκεῖον",πανδοκεῖ,Neuter,2on,パンドケイオン,"pandokeion",0,0,0
"4593","πανδοχεῖον",πανδοχεῖ,Neuter,2on,宿,"inn",0,0,0
"4594","παράφερνα",παράφερν,Neuter,2on,道具一式,"paraphernalia",1,0,0
"4595","παρακλαυσίθυρον",παρακλαυσίθυρ,Neuter,2on,パラクラシチロン,"paraklasithyron",0,0,0
"4596","παραλληλεπίπεδον",παραλληλεπίπεδ,Neuter,2on,平行,"parallel",0,0,0
"4597","παρθένιον",παρθένι,Neuter,2on,パルテニオン,"parthenion",0,0,0
"4598","παρώνυμον",παρώνυμ,Neuter,2on,匿名,"anonymous",0,0,0
"4599","παστά",παστ,Neuter,2on,ペースト,"paste",1,0,0
"4600","πεδίον",πεδί,Neuter,2on,分野,"field",0,0,0
"4601","πεντάφυλλον",πεντάφυλλ,Neuter,2on,ペンタフィロン,"pentaphyllon",0,0,0
"4602","περίδειπνον",περίδειπν,Neuter,2on,見ている,"watching",0,0,0
"4603","περίναιον",περίναι,Neuter,2on,会陰,"perineum",0,0,0
"4604","περδίκιον",περδίκι,Neuter,2on,ヤマウズラ,"partridge",0,0,0
"4605","περιδέξιον",περιδέξι,Neuter,2on,器用さ,"dexterity",0,0,0
"4606","περικάρπιον",περικάρπι,Neuter,2on,手首,"wrist",0,0,0
"4607","περικλύμενον",περικλύμεν,Neuter,2on,囲まれた,"surrounded",0,0,0
"4608","περιστέριον",περιστέρι,Neuter,2on,鳩,"pigeon",0,0,0
"4609","περιτόναιον",περιτόναι,Neuter,2on,腹膜,"peritoneum",0,0,0
"4610","πετεινόν",πετειν,Neuter,2on,彼らは鳥を飼っていた,"they were fowling",0,0,0
"4611","πετροσέλινον",πετροσέλιν,Neuter,2on,パセリ,"parsley",0,0,0
"4612","πευκέδανον",πευκέδαν,Neuter,2on,松の木,"pine tree",0,0,0
"4613","πηδάλιον",πηδάλι,Neuter,2on,ラダー,"rudder",0,0,0
"4614","πηδόν",πηδ,Neuter,2on,ジャンプ,"jump",0,0,0
"4615","πηλάριον",πηλάρι,Neuter,2on,ペラリオン,"pelarion",0,0,0
"4616","πηνίον",πηνί,Neuter,2on,コイル,"coil",0,0,0
"4617","πιθήκιον",πιθήκι,Neuter,2on,猿,"monkey",0,0,0
"4618","πινάκιον",πινάκι,Neuter,2on,看板,"signboard",0,0,0
"4619","πινακίδιον",πινακίδι,Neuter,2on,ナンバープレート,"license plate",0,0,0
"4620","πιττάκιον",πιττάκι,Neuter,2on,ピタキオン,"pittakion",0,0,0
"4621","πλάγος",πλάγ,Neuter,2,側,"side",0,0,0
"4622","πλάθανον",πλάθαν,Neuter,2on,恐らく,"probably",0,0,0
"4623","πλάστρον",πλάστρ,Neuter,2on,プラストロン,"plastron",0,0,0
"4624","πλέθρον",πλέθρ,Neuter,2on,プレトロン,"plethron",0,0,0
"4625","πλαίσιον",πλαίσι,Neuter,2on,環境,"context",0,0,0
"4626","πλατύλογχον",πλατύλογχ,Neuter,2on,プラティロンゴン,"platylongon",0,0,0
"4627","πλοῖον",πλοῖ,Neuter,2on,船,"ship",0,0,0
"4628","πλόκανον",πλόκαν,Neuter,2on,プロカノン,"plocanon",0,0,0
"4629","πλῆκτρον",πλῆκτρ,Neuter,2on,ボタン,"button",0,0,0
"4630","πολεμώνιον",πολεμώνι,Neuter,2on,ポレモニウム,"polemonium",0,0,0
"4631","πολυγόνατον",πολυγόνατ,Neuter,2on,ポリゴン,"polygon",0,0,0
"4632","πολυπόδιον",πολυπόδι,Neuter,2on,ポリポディウム,"polypodium",0,0,0
"4633","πολύγαλον",πολύγαλ,Neuter,2on,マルチガロン,"multigallon",0,0,0
"4634","πολύγονον",πολύγον,Neuter,2on,多項式,"polynomial",0,0,0
"4635","πολύκαρπον",πολύκαρπ,Neuter,2on,多実,"multi-fruited",0,0,0
"4636","πολύκνημον",πολύκνημ,Neuter,2on,足の長い,"long-legged",0,0,0
"4637","πολύνευρον",πολύνευρ,Neuter,2on,マルチニューロン,"multineuron",0,0,0
"4638","πολύσπαστον",πολύσπαστ,Neuter,2on,多種多様な,"multifarious",0,0,0
"4639","πολύτριχον",πολύτριχ,Neuter,2on,毛深い,"hairy",0,0,0
"4640","πορνεῖον",πορνεῖ,Neuter,2on,娼婦,"whore",0,0,0
"4641","ποτήριον",ποτήρι,Neuter,2on,ガラス,"glass",0,0,0
"4642","ποτόν",ποτ,Neuter,2on,酒,"booze",0,0,0
"4643","πράσιον",πράσι,Neuter,2on,緑,"green",0,0,0
"4644","πράσον",πράσ,Neuter,2on,やれ,"do it",0,0,0
"4645","πρέμνον",πρέμν,Neuter,2on,待っている,"waiting",0,0,0
"4646","πραικόκιον",πραικόκι,Neuter,2on,プライコキオン,"praikokion",0,0,0
"4647","πρατήνιον",πρατήνι,Neuter,2on,プラテニオン,"pratenion",0,0,0
"4648","πρεσβυτέριον",πρεσβυτέρι,Neuter,2on,プレスビテリオン,"presbyterion",0,0,0
"4649","προκόμιον",προκόμι,Neuter,2on,プロコミオン,"procomion",0,0,0
"4650","προοίμιον",προοίμι,Neuter,2on,予選,"preliminaries",0,0,0
"4651","προσκήνιον",προσκήνι,Neuter,2on,前景,"foreground",0,0,0
"4652","προσκεφάλαιον",προσκεφάλαι,Neuter,2on,前章,"pre-chapter",0,0,0
"4653","προσωπεῖον",προσωπεῖ,Neuter,2on,個人的,"personal",0,0,0
"4654","προῦμνον",προῦμν,Neuter,2on,プレウムノン,"preumnon",0,0,0
"4655","πρυμνήσια",πρυμνήσι,Neuter,2on,後方,"aft",1,0,0
"4656","πρωτόκολλον",πρωτόκολλ,Neuter,2on,プロトコル,"protocol",0,0,0
"4657","πρόβατον",πρόβατ,Neuter,2on,羊,"sheep",0,0,0
"4658","πρόθυρον",πρόθυρ,Neuter,2on,差し迫った,"imminent",0,0,0
"4659","πρόσωπον",πρόσωπ,Neuter,2on,人,"person",0,0,0
"4660","πτίλον",πτίλ,Neuter,2on,蝶,"butterfly",0,0,0
"4661","πτερόν",πτερ,Neuter,2on,フェザー,"feather",0,0,0
"4662","πτερύγιον",πτερύγι,Neuter,2on,フィン,"fin",0,0,0
"4663","πτωχοτροφεῖον",πτωχοτροφεῖ,Neuter,2on,貧しい家,"poor house",0,0,0
"4664","πτύον",πτύ,Neuter,2on,唾を吐く,"spit",0,0,0
"4665","πτύχιον",πτύχι,Neuter,2on,程度,"degree",0,0,0
"4666","πυκνόκομον",πυκνόκομ,Neuter,2on,密集,"densely packed",0,0,0
"4667","πυξίον",πυξί,Neuter,2on,方位磁針,"compass",0,0,0
"4668","πυρά",πυρ,Neuter,2on,火葬,"pyre",1,0,0
"4669","πυρός",πυρ,Neuter,2,小麦、小麦の粒,"wheat, grain of wheat",0,0,0
"4670","πωγώνιον",πωγώνι,Neuter,2on,ポゴニオン,"pogonion",0,0,0
"4671","πόλιον",πόλι,Neuter,2on,ポール,"pole",0,0,0
"4672","πόπανον",πόπαν,Neuter,2on,ポパノン,"popanon",0,0,0
"4673","πύον",πύ,Neuter,2on,膿,"pus",0,0,0
"4674","πύρδαλον",πύρδαλ,Neuter,2on,ピルダロン,"pyrdalon",0,0,0
"4675","πύρεθρον",πύρεθρ,Neuter,2on,除虫菊,"pyrethrum",0,0,0
"4676","πύρνον",πύρν,Neuter,2on,火,"fire",0,0,0
"4677","σάβανον",σάβαν,Neuter,2on,シュラウド,"shroud",0,0,0
"4678","σάββατον",σάββατ,Neuter,2on,土曜日,"saturday",0,0,0
"4679","σάγγαρον",σάγγαρ,Neuter,2on,サンガロン,"sangaron",0,0,0
"4680","σάμβαλον",σάμβαλ,Neuter,2on,サンバロン,"Sambalon",0,0,0
"4681","σάμψουχον",σάμψουχ,Neuter,2on,三助,"Samsuke",0,0,0
"4682","σάνδαλον",σάνδαλ,Neuter,2on,サンダル,"sandals",0,0,0
"4683","σάνταλον",σάνταλ,Neuter,2on,サンダル,"sandals",0,0,0
"4684","σάρδιον",σάρδι,Neuter,2on,イワシ,"sardine",0,0,0
"4685","σάρον",σάρ,Neuter,2on,シャロン,"Sharon",0,0,0
"4686","σάτον",σάτ,Neuter,2on,サットン,"Sutton",0,0,0
"4687","σέλινον",σέλιν,Neuter,2on,セロリ,"celery",0,0,0
"4688","σήπιον",σήπι,Neuter,2on,イカ,"cuttlefish",0,0,0
"4689","σήσαμον",σήσαμ,Neuter,2on,せさもん,"sesamon",0,0,0
"4690","σίαλον",σίαλ,Neuter,2on,サイアロン,"sialon",0,0,0
"4691","σίδιον",σίδι,Neuter,2on,シドン,"Sidon",0,0,0
"4692","σίλλυβον",σίλλυβ,Neuter,2on,シリコン,"silivon",0,0,0
"4693","σίλφιον",σίλφι,Neuter,2on,シルフィオン,"Sylphion",0,0,0
"4694","σίον",σί,Neuter,2on,マイナス,"minus",0,0,0
"4695","σίραιον",σίραι,Neuter,2on,しらいおん,"Siraion",0,0,0
"4696","σίσαρον",σίσαρ,Neuter,2on,シサロン,"sisaron",0,0,0
"4697","σαγάπηνον",σαγάπην,Neuter,2on,愛,"love",0,0,0
"4698","σαγματοπασμαγάδια",σαγματοπασμαγάδι,Neuter,2on,サグマトパスマガダス,"sagmatopasmagadas",1,0,0
"4699","σανδάλιον",σανδάλι,Neuter,2on,サンダル,"sandals",0,0,0
"4700","σαράβαρα",σαράβαρ,Neuter,2on,サラヴァラ,"saravara",1,0,0
"4701","σαρκόμφαλον",σαρκόμφαλ,Neuter,2on,サルコマファロン,"sarcomaphalon",0,0,0
"4702","σαρκόπυον",σαρκόπυ,Neuter,2on,サルコピオン,"sarcopyon",0,0,0
"4703","σατύριον",σατύρι,Neuter,2on,サテリオン,"satyrion",0,0,0
"4704","σαύνιον",σαύνι,Neuter,2on,サユニオン,"saunion",0,0,0
"4705","σεβένιον",σεβένι,Neuter,2on,セニオン,"sevenion",0,0,0
"4706","σεῖστρον",σεῖστρ,Neuter,2on,セイストロン,"seistron",0,0,0
"4707","σημεῖον",σημεῖ,Neuter,2on,サイン,"sign",0,0,0
"4708","σητάνιον",σητάνι,Neuter,2on,サタニオン,"satanion",0,0,0
"4709","σιδηροτρύπανον",σιδηροτρύπαν,Neuter,2on,鉄ドリル,"iron drill",0,0,0
"4710","σιδηρουργεῖον",σιδηρουργεῖ,Neuter,2on,鍛冶屋,"blacksmith",0,0,0
"4711","σιμίκιον",σιμίκι,Neuter,2on,シミシオン,"Simicion",0,0,0
"4712","σισύμβριον",σισύμβρι,Neuter,2on,シンブリオン,"sisymbrion",0,0,0
"4713","σιτίον",σιτί,Neuter,2on,粒,"grain",0,0,0
"4714","σιτώνιον",σιτώνι,Neuter,2on,小麦,"wheat",0,0,0
"4715","σκάνδαλον",σκάνδαλ,Neuter,2on,スキャンダル,"scandal",0,0,0
"4716","σκέπαρνον",σκέπαρν,Neuter,2on,スケプラン,"skepran",0,0,0
"4717","σκαμμώνιον",σκαμμώνι,Neuter,2on,詐欺,"scammonion",0,0,0
"4718","σκανδάληθρον",σκανδάληθρ,Neuter,2on,引き金,"trigger",0,0,0
"4719","σκαφεῖον",σκαφεῖ,Neuter,2on,ボート,"boat",0,0,0
"4720","σκεπάρνιον",σκεπάρνι,Neuter,2on,屋根,"roof",0,0,0
"4721","σκιάδειον",σκιάδει,Neuter,2on,傘,"umbrella",0,0,0
"4722","σκοίκιον",σκοίκι,Neuter,2on,スコーキオン,"scoikion",0,0,0
"4723","σκολοπένδριον",σκολοπένδρι,Neuter,2on,スコロペンドリオン,"scolopendrion",0,0,0
"4724","σκορπίον",σκορπί,Neuter,2on,サソリ,"scorpion",0,0,0
"4725","σκορπίουρον",σκορπίουρ,Neuter,2on,スコーピオン,"Scorpion",0,0,0
"4726","σκορπιοκτόνον",σκορπιοκτόν,Neuter,2on,サソリキラー,"scorpion killer",0,0,0
"4727","σκόλιον",σκόλι,Neuter,2on,スコリオン,"scolion",0,0,0
"4728","σκόλυθρον",σκόλυθρ,Neuter,2on,カタツムリ,"snail",0,0,0
"4729","σκόμιον",σκόμι,Neuter,2on,ソミオン,"somion",0,0,0
"4730","σκύβαλον",σκύβαλ,Neuter,2on,犬,"dog",0,0,0
"4731","σκύλιον",σκύλι,Neuter,2on,犬,"dog",0,0,0
"4732","σκύνιον",σκύνι,Neuter,2on,シニオン,"scynion",0,0,0
"4733","σκῆπτρον",σκῆπτρ,Neuter,2on,スケプトロン,"skeptron",0,0,0
"4734","σκῦλα",σκῦλ,Neuter,2on,雌犬,"bitch",1,0,0
"4735","σμύρνιον",σμύρνι,Neuter,2on,スミルニオン,"smyrnion",0,0,0
"4736","σουδάριον",σουδάρι,Neuter,2on,スダリオン,"sudarion",0,0,0
"4737","σοῦσον",σοῦσ,Neuter,2on,セーブ,"save",0,0,0
"4738","σπάλαθρον",σπάλαθρ,Neuter,2on,飛び散る,"splatter",0,0,0
"4739","σπάργανον",σπάργαν,Neuter,2on,出芽,"budding",0,0,0
"4740","σπάρτον",σπάρτ,Neuter,2on,質素な,"spartan",0,0,0
"4741","σπαργάνιον",σπαργάνι,Neuter,2on,スパーガニオン,"sparganion",0,0,0
"4742","σπεῖρον",σπεῖρ,Neuter,2on,スペイロン,"speyron",0,0,0
"4743","σπλάγχνον",σπλάγχν,Neuter,2on,内臓,"viscera",0,0,0
"4744","σπληνίον",σπληνί,Neuter,2on,脾臓,"spleen",0,0,0
"4745","στάδιον",στάδι,Neuter,2on,ステージ,"stage",0,0,0
"4746","στέγαστρον",στέγαστρ,Neuter,2on,屋根葺き職人,"roofer",0,0,0
"4747","στέλεχος",στέλεχ,Neuter,2,幹、丸太、あほう,"trunk, log, blockhead",0,0,0
"4748","στέμφυλον",στέμφυλ,Neuter,2on,クラウン,"crown",0,0,0
"4749","στέργηθρον",στέργηθρ,Neuter,2on,スターガートロン,"stergerthron",0,0,0
"4750","στέρνον",στέρν,Neuter,2on,胸骨,"sternum",0,0,0
"4751","σταθμόν",σταθμ,Neuter,2on,駅,"station",0,0,0
"4752","σταφυλοβολεῖον",σταφυλοβολεῖ,Neuter,2on,ブドウの木,"grapevine",0,0,0
"4753","σταφυλόδενδρον",σταφυλόδενδρ,Neuter,2on,ブドウの木,"grapevine",0,0,0
"4754","στοιχεῖον",στοιχεῖ,Neuter,2on,エレメント,"element",0,0,0
"4755","στρατόπεδον",στρατόπεδ,Neuter,2on,キャンプ,"camp",0,0,0
"4756","στρούθιον",στρούθι,Neuter,2on,ストラチオン,"struthion",0,0,0
"4757","στρωματόδεσμον",στρωματόδεσμ,Neuter,2on,間質,"stroma",0,0,0
"4758","στρόφιον",στρόφι,Neuter,2on,スクリュー,"screw",0,0,0
"4759","στρύχνον",στρύχν,Neuter,2on,ストリキノ,"strychno",0,0,0
"4760","στυππεῖον",στυππεῖ,Neuter,2on,渋い,"astringent",0,0,0
"4761","στόμιον",στόμι,Neuter,2on,口,"mouth",0,0,0
"4762","συκόφυλλον",συκόφυλλ,Neuter,2on,イチジクの葉,"fig leaf",0,0,0
"4763","συμπόσιον",συμπόσι,Neuter,2on,バンケット,"banquet",0,0,0
"4764","συνέδριον",συνέδρι,Neuter,2on,会議,"conference",0,0,0
"4765","συνώνυμον",συνώνυμ,Neuter,2on,同義,"synonymous",0,0,0
"4766","σφάγιον",σφάγι,Neuter,2on,枝肉,"carcass",0,0,0
"4767","σφάκτρον",σφάκτρ,Neuter,2on,スパークトロン,"sphaktron",0,0,0
"4768","σφαιριστήριον",σφαιριστήρι,Neuter,2on,ボーリング場,"bowling alley",0,0,0
"4769","σφονδύλιον",σφονδύλι,Neuter,2on,フライホイール,"flywheel",0,0,0
"4770","σφυρόν",σφυρ,Neuter,2on,ハンマー,"hammer",0,0,0
"4771","σχινέλαιον",σχινέλαι,Neuter,2on,アマニ油,"Linseed oil",0,0,0
"4772","σχοινίον",σχοινί,Neuter,2on,小さなロープ、コード、糸,"small rope, cord, thread",0,0,0
"4773","σχόλιον",σχόλι,Neuter,2on,コメント,"comment",0,0,0
"4774","σωληνάριον",σωληνάρι,Neuter,2on,尿細管,"tubule",0,0,0
"4775","σωφρονιστήριον",σωφρονιστήρι,Neuter,2on,刑務所,"penitentiary",0,0,0
"4776","σόλιον",σόλι,Neuter,2on,ソロン,"solon",0,0,0
"4777","σύμβολον",σύμβολ,Neuter,2on,シンボル,"symbol",0,0,0
"4778","σύμφυτον",σύμφυτ,Neuter,2on,共生者,"symbiont",0,0,0
"4779","σύμφωνον",σύμφων,Neuter,2on,同意した,"agreed",0,0,0
"4780","σύνορον",σύνορ,Neuter,2on,国境,"border",0,0,0
"4781","σώσανδρον",σώσανδρ,Neuter,2on,ソサンドロン,"sosandron",0,0,0
"4782","σῆστρον",σῆστρ,Neuter,2on,ふるい、こし器,"sieve, strainer",0,0,0
"4783","σῦκον",σῦκ,Neuter,2on,頻繁,"often",0,0,0
"4784","σῶστρα",σῶστρ,Neuter,2on,引き上げ,"salvage",1,0,0
"4785","σῶτρον",σῶτρ,Neuter,2on,ソトロン,"sotron",0,0,0
"4786","τάγηνον",τάγην,Neuter,2on,タジン,"tagine",0,0,0
"4787","τάλαντον",τάλαντ,Neuter,2on,タレント,"talent",0,0,0
"4788","τάργανον",τάργαν,Neuter,2on,ぎくしゃくした,"jerky",0,0,0
"4789","τάριχον",τάριχ,Neuter,2on,日にち,"date",0,0,0
"4790","τέθριππον",τέθριππ,Neuter,2on,四重,"fourfold",0,0,0
"4791","τέκνον",τέκν,Neuter,2on,子,"child",0,0,0
"4792","τέλσον",τέλσ,Neuter,2on,テルソン,"telson",0,0,0
"4793","τέραμνον",τέραμν,Neuter,2on,テラムノン,"teramnon",0,0,0
"4794","τέρεμνον",τέρεμν,Neuter,2on,待っている,"waiting",0,0,0
"4795","τέρετρον",τέρετρ,Neuter,2on,テレトロン,"terretron",0,0,0
"4796","τέρθρον",τέρθρ,Neuter,2on,テトロン,"terthron",0,0,0
"4797","τήθυον",τήθυ,Neuter,2on,母親,"mother",0,0,0
"4798","τίφυον",τίφυ,Neuter,2on,台風,"typhoon",0,0,0
"4799","ταγηνοστρόφιον",ταγηνοστρόφι,Neuter,2on,タギノストロフィー,"taginostrophy",0,0,0
"4800","ταριχοπώλιον",ταριχοπώλι,Neuter,2on,行商人,"peddler",0,0,0
"4801","τεκμήριον",τεκμήρι,Neuter,2on,推定,"presumption",0,0,0
"4802","τεύθριον",τεύθρι,Neuter,2on,テウスリオン,"teuthrion",0,0,0
"4803","τεύκριον",τεύκρι,Neuter,2on,発明,"invention",0,0,0
"4804","τεῦτλον",τεῦτλ,Neuter,2on,チュートロン,"teutlon",0,0,0
"4805","τηλέφιον",τηλέφι,Neuter,2on,電話,"phone",0,0,0
"4806","τομάριον",τομάρι,Neuter,2on,とまりおん,"tomarion",0,0,0
"4807","τοπεῖον",τοπεῖ,Neuter,2on,トピオン,"topeion",0,0,0
"4808","τράγιον",τράγι,Neuter,2on,臭いツタン、ピンパーネル,"stinking tutsan, pimpernel",0,0,0
"4809","τρίβανον",τρίβαν,Neuter,2on,こする,"rubbing",0,0,0
"4810","τρίγωνον",τρίγων,Neuter,2on,三角形,"triangle",0,0,0
"4811","τρίφυλλον",τρίφυλλ,Neuter,2on,クローバー、ピッチ三つ葉、三つ葉の形をした飾り,"clover, pitch trefoil, ornament shaped like trefoil",0,0,0
"4812","τραύξανα",τραύξαν,Neuter,2on,私はスナップした,"I snapped",1,0,0
"4813","τρικλίνιον",τρικλίνι,Neuter,2on,ソファが3つあるダイニングルーム,"dining room with three couches",0,0,0
"4814","τριπόλιον",τριπόλι,Neuter,2on,シーアスター,"sea aster",0,0,0
"4815","τρυγόνιον",τρυγόνι,Neuter,2on,ジプシーワート,"gypsywort",0,0,0
"4816","τρωγάλια",τρωγάλι,Neuter,2on,食べられるもの,"eatables",1,0,0
"4817","τρόπαιον",τρόπαι,Neuter,2on,トロフィー,"trophy",0,0,0
"4818","τρύβλιον",τρύβλι,Neuter,2on,杯、コップ、ボウル、処方箋に使用されるメジャーの種類,"cup, bowl, kind of measure used in medical prescriptions",0,0,0
"4819","τρύπανον",τρύπαν,Neuter,2on,ピアス,"piercing",0,0,0
"4820","τυροκομεῖον",τυροκομεῖ,Neuter,2on,チーズ工場,"cheese factory",0,0,0
"4821","τυροφορεῖον",τυροφορεῖ,Neuter,2on,チーズメーカー,"cheese maker",0,0,0
"4822","τωκάλιον",τωκάλι,Neuter,2on,もちろん,"of course",0,0,0
"4823","τόξον",τόξ,Neuter,2on,弓,"bow",0,0,0
"4824","τόρδυλον",τόρδυλ,Neuter,2on,ハートウォート,"hartwort",0,0,0
"4825","τύμπανον",τύμπαν,Neuter,2on,ドラミング,"drumming",0,0,0
"4826","φάλαρον",φάλαρ,Neuter,2on,カモメ,"seagull",0,0,0
"4827","φάρμακον",φάρμακ,Neuter,2on,投薬,"medication",0,0,0
"4828","φάσγανον",φάσγαν,Neuter,2on,ファスガノン,"fasganon",0,0,0
"4829","φάσκον",φάσκ,Neuter,2on,ファシネーター,"fascinator",0,0,0
"4830","φέρετρον",φέρετρ,Neuter,2on,棺,"coffin",0,0,0
"4831","φέρνιον",φέρνι,Neuter,2on,フェルニオン,"fernion",0,0,0
"4832","φέρομβρον",φέρομβρ,Neuter,2on,フェロンブロン,"ferombron",0,0,0
"4833","φίλτρον",φίλτρ,Neuter,2on,フィルター,"filter",0,0,0
"4834","φακιάλιον",φακιάλι,Neuter,2on,ポーチ,"pouch",0,0,0
"4835","φαλάγγιον",φαλάγγι,Neuter,2on,指骨,"phalangion",0,0,0
"4836","φθειροκτόνον",φθειροκτόν,Neuter,2on,リン酸塩,"phtheiricide",0,0,0
"4837","φορεῖον",φορεῖ,Neuter,2on,着用者,"wearer",0,0,0
"4838","φορτίον",φορτί,Neuter,2on,ロード,"load",0,0,0
"4839","φρένιον",φρένι,Neuter,2on,フレニオン,"frenion",0,0,0
"4840","φραγέλλιον",φραγέλλι,Neuter,2on,フラゲリオン,"fragellion",0,0,0
"4841","φρούριον",φρούρι,Neuter,2on,要塞,"fortress",0,0,0
"4842","φρύγανον",φρύγαν,Neuter,2on,トーストした,"toasted",0,0,0
"4843","φρύγετρον",φρύγετρ,Neuter,2on,天ぷら鍋,"deep fryer",0,0,0
"4844","φυλακτήριον",φυλακτήρι,Neuter,2on,刑務所,"prison",0,0,0
"4845","φυτόν",φυτ,Neuter,2on,工場,"plant",0,0,0
"4846","φωνίον",φωνί,Neuter,2on,電話,"phone",0,0,0
"4847","φύλλον",φύλλ,Neuter,2on,葉,"leaf",0,0,0
"4848","φῦλον",φῦλ,Neuter,2on,フィロン,"philon",0,0,0
"4849","χέννιον",χέννι,Neuter,2on,ヘンニオン,"hennion",0,0,0
"4850","χέρνιβον",χέρνιβ,Neuter,2on,ヘルニボン,"hernivon",0,0,0
"4851","χαιρέφυλλον",χαιρέφυλλ,Neuter,2on,乾杯,"cheers",0,0,0
"4852","χαλάδριον",χαλάδρι,Neuter,2on,カラドリオン,"chaladrion",0,0,0
"4853","χαλάζιον",χαλάζι,Neuter,2on,石英,"quartz",0,0,0
"4854","χαλκηδόνιον",χαλκηδόνι,Neuter,2on,カルセドニー,"chalcedony",0,0,0
"4855","χαλκουργεῖον",χαλκουργεῖ,Neuter,2on,銅細工師,"coppersmith",0,0,0
"4856","χαμαίγειρον",χαμαίγειρ,Neuter,2on,彼らは笑った,"they laughed",0,0,0
"4857","χαμαίμηλον",χαμαίμηλ,Neuter,2on,カモミール,"chamomile",0,0,0
"4858","χείμαστρον",χείμαστρ,Neuter,2on,冬眠,"hibernation",0,0,0
"4859","χεδροπά",χεδροπ,Neuter,2on,手を下げて,"hands down",1,0,0
"4860","χειροδόσιον",χειροδόσι,Neuter,2on,手動で,"manually",0,0,0
"4861","χειρόνιπτρον",χειρόνιπτρ,Neuter,2on,手持ち,"hand held",0,0,0
"4862","χελιδόνιον",χελιδόνι,Neuter,2on,飲み込む,"swallow",0,0,0
"4863","χελωνάριον",χελωνάρι,Neuter,2on,カメ,"turtle",0,0,0
"4864","χερμάδιον",χερμάδι,Neuter,2on,ドライ,"dry",0,0,0
"4865","χοιροκομεῖον",χοιροκομεῖ,Neuter,2on,豚舎,"piggery",0,0,0
"4866","χοιροτροφεῖον",χοιροτροφεῖ,Neuter,2on,養豚場,"pig farm",0,0,0
"4867","χρηστήριον",χρηστήρι,Neuter,2on,ユーザー,"user",0,0,0
"4868","χρυσάνθεμον",χρυσάνθεμ,Neuter,2on,菊,"chrysanthemum",0,0,0
"4869","χρυσίον",χρυσί,Neuter,2on,金,"Gold",0,0,0
"4870","χρυσολάχανον",χρυσολάχαν,Neuter,2on,ゴールデンキャベツ,"golden cabbage",0,0,0
"4871","χρυσόγονον",χρυσόγον,Neuter,2on,クリソゲノン,"chrysogenon",0,0,0
"4872","χρυσόμηλον",χρυσόμηλ,Neuter,2on,金のりんご,"golden apple",0,0,0
"4873","χωρίον",χωρί,Neuter,2on,村,"village",0,0,0
"4874","χόριον",χόρι,Neuter,2on,コリオン,"chorion",0,0,0
"4875","χύτλον",χύτλ,Neuter,2on,鋳鉄,"cast iron",0,0,0
"4876","χῖδρον",χῖδρ,Neuter,2on,ハイドロン,"hydron",0,0,0
"4877","ψάκαλον",ψάκαλ,Neuter,2on,検索エンジン,"search engine",0,0,0
"4878","ψάλιον",ψάλι,Neuter,2on,サリオン,"psalion",0,0,0
"4879","ψέλιον",ψέλι,Neuter,2on,オオバコ,"psyllium",0,0,0
"4880","ψίλον",ψίλ,Neuter,2on,若干,"little bit",0,0,0
"4881","ψαλτήριον",ψαλτήρι,Neuter,2on,塩辛い,"psaltery",0,0,0
"4882","ψευδοβούνιον",ψευδοβούνι,Neuter,2on,疑似バニオン,"pseudobunion",0,0,0
"4883","ψευδοπόρφυρον",ψευδοπόρφυρ,Neuter,2on,シュードポルフィロン,"pseudoporphyron",0,0,0
"4884","ψευδοσέλινον",ψευδοσέλιν,Neuter,2on,偽セロリ,"pseudocelery",0,0,0
"4885","ψηφολογεῖον",ψηφολογεῖ,Neuter,2on,投票,"voting",0,0,0
"4886","ψυχότροφον",ψυχότροφ,Neuter,2on,向精神薬,"psychotropic",0,0,0
"4887","ψωμίον",ψωμί,Neuter,2on,パン,"bread",0,0,0
"4888","ψύλλιον",ψύλλι,Neuter,2on,オオバコ,"psyllium",0,0,0
"4889","ἀέθλιον",ἀέθλι,Neuter,2on,エトリオン,"aethlion",0,0,0
"4890","ἀβραμίδιον",ἀβραμίδι,Neuter,2on,土曜日,"Saturday",0,0,0
"4891","ἀβρότονον",ἀβρότον,Neuter,2on,アブロトノン,"abrotonon",0,0,0
"4892","ἀγάλοχον",ἀγάλοχ,Neuter,2on,アガロション,"agalochon",0,0,0
"4893","ἀγαρικόν",ἀγαρικ,Neuter,2on,アガリコン,"agaricon",0,0,0
"4894","ἀγγήϊον",ἀγγήϊ,Neuter,2on,容器,"vessel",0,0,0
"4895","ἀγγεῖον",ἀγγεῖ,Neuter,2on,容器,"vessel",0,0,0
"4896","ἀγγούριον",ἀγγούρι,Neuter,2on,きゅうり,"cucumber",0,0,0
"4897","ἀγρηνόν",ἀγρην,Neuter,2on,野蛮,"savage",0,0,0
"4898","ἀγριοκρόμμυον",ἀγριοκρόμμυ,Neuter,2on,野生のクロム,"wild chromium",0,0,0
"4899","ἀγριοπήγανον",ἀγριοπήγαν,Neuter,2on,イノシシ,"wild boar",0,0,0
"4900","ἀγριόκαρδον",ἀγριόκαρδ,Neuter,2on,ワイルドカード,"wild card",0,0,0
"4901","ἀγριόπρασον",ἀγριόπρασ,Neuter,2on,ワイルドグリーン,"wild greens",0,0,0
"4902","ἀγριόρροδον",ἀγριόρροδ,Neuter,2on,野薔薇,"wild rose",0,0,0
"4903","ἀγριόφυλλον",ἀγριόφυλλ,Neuter,2on,アグリフィロン,"agriophyllon",0,0,0
"4904","ἀδίαντον",ἀδίαντ,Neuter,2on,さようなら,"Goodbye",0,0,0
"4905","ἀκάνθιον",ἀκάνθι,Neuter,2on,アカンチオン,"Akanthion",0,0,0
"4906","ἀκάτιον",ἀκάτι,Neuter,2on,アカシア,"acacia",0,0,0
"4907","ἀκουσμάτιον",ἀκουσμάτι,Neuter,2on,聞いている,"listening",0,0,0
"4908","ἀκροκώλιον",ἀκροκώλι,Neuter,2on,アクロコリオン,"Akrokolion",0,0,0
"4909","ἀκρωτήριον",ἀκρωτήρι,Neuter,2on,ケープ,"cape",0,0,0
"4910","ἀκόνιτον",ἀκόνιτ,Neuter,2on,不正確に,"inaccurately",0,0,0
"4911","ἀκόντιον",ἀκόντι,Neuter,2on,ジャベリン,"javelin",0,0,0
"4912","ἀλεξιφάρμακον",ἀλεξιφάρμακ,Neuter,2on,解毒剤,"antidote",0,0,0
"4913","ἀλφάβητον",ἀλφάβητ,Neuter,2on,アルファベット,"alphabet",0,0,0
"4914","ἀλφάδιον",ἀλφάδι,Neuter,2on,アルファディオン,"alfadion",0,0,0
"4915","ἀμάρακον",ἀμάρακ,Neuter,2on,アマラコン,"amarakon",0,0,0
"4916","ἀμάραντον",ἀμάραντ,Neuter,2on,アマランス,"amaranth",0,0,0
"4917","ἀμμωνιακόν",ἀμμωνιακ,Neuter,2on,アンモニアの,"of ammonia",0,0,0
"4918","ἀμνίον",ἀμνί,Neuter,2on,羊膜,"amnion",0,0,0
"4919","ἀμπελόκαρπον",ἀμπελόκαρπ,Neuter,2on,つるの実,"vine fruit",0,0,0
"4920","ἀμπελόπρασον",ἀμπελόπρασ,Neuter,2on,ブドウの木,"grapevine",0,0,0
"4921","ἀμφίβληστρον",ἀμφίβληστρ,Neuter,2on,不可視,"invisibility",0,0,0
"4922","ἀμφιθέατρον",ἀμφιθέατρ,Neuter,2on,円形劇場,"amphitheater",0,0,0
"4923","ἀνάβαθρον",ἀνάβαθρ,Neuter,2on,アナバスロン,"anavathron",0,0,0
"4924","ἀνάρρινον",ἀνάρριν,Neuter,2on,男,"male",0,0,0
"4925","ἀναγκαῖον",ἀναγκαῖ,Neuter,2on,必要,"necessary",0,0,0
"4926","ἀνακτόριον",ἀνακτόρι,Neuter,2on,シアター,"theater",0,0,0
"4927","ἀνδράποδον",ἀνδράποδ,Neuter,2on,人足の,"man-footed",0,0,0
"4928","ἀνδρόσαιμον",ἀνδρόσαιμ,Neuter,2on,アンドロサエモン,"androsaemon",0,0,0
"4929","ἀντίδωρον",ἀντίδωρ,Neuter,2on,無料,"free of charge",0,0,0
"4930","ἀντίθετον",ἀντίθετ,Neuter,2on,それどころか,"on the contrary",0,0,0
"4931","ἀντίον",ἀντί,Neuter,2on,アンティオン,"Antion",0,0,0
"4932","ἀντίρρινον",ἀντίρριν,Neuter,2on,直感に反する,"counterintuitive",0,0,0
"4933","ἀντικνήμιον",ἀντικνήμι,Neuter,2on,アンチネミオン,"antikneumion",0,0,0
"4934","ἀπόγειον",ἀπόγει,Neuter,2on,遠地点,"apogee",0,0,0
"4935","ἀπόκυνον",ἀπόκυν,Neuter,2on,終末的な,"apocynous",0,0,0
"4936","ἀπόμακτρον",ἀπόμακτρ,Neuter,2on,あちらへ,"away",0,0,0
"4937","ἀργύριον",ἀργύρι,Neuter,2on,銀,"silver",0,0,0
"4938","ἀρδάλιον",ἀρδάλι,Neuter,2on,アルダリオン,"Ardalion",0,0,0
"4939","ἀριθμητικόν",ἀριθμητικ,Neuter,2on,算数的に,"arithmetically",0,0,0
"4940","ἀρκόφθαλμον",ἀρκόφθαλμ,Neuter,2on,アルコサルモン,"arkothalmon",0,0,0
"4941","ἀρνίον",ἀρνί,Neuter,2on,子羊,"lamb",0,0,0
"4942","ἀρνόγλωσσον",ἀρνόγλωσσ,Neuter,2on,アルノグロソン,"arnoglosson",0,0,0
"4943","ἀρτίαλα",ἀρτίαλ,Neuter,2on,ちゃんと,"properly",1,0,0
"4944","ἀρτολάγανον",ἀρτολάγαν,Neuter,2on,アートラガノン,"artolaganon",0,0,0
"4945","ἀρχεῖον",ἀρχεῖ,Neuter,2on,始まり,"beginning",0,0,0
"4946","ἀσκάληρον",ἀσκάληρ,Neuter,2on,アカリロン,"ascaliron",0,0,0
"4947","ἀσκίδιον",ἀσκίδι,Neuter,2on,アシディオン,"ascidion",0,0,0
"4948","ἀσπίδιον",ἀσπίδι,Neuter,2on,シールド,"shield",0,0,0
"4949","ἀσφάλτιον",ἀσφάλτι,Neuter,2on,アスファルト,"asphalt",0,0,0
"4950","ἀσχίον",ἀσχί,Neuter,2on,お尻,"ass",0,0,0
"4951","ἀσύνδετον",ἀσύνδετ,Neuter,2on,オフライン,"offline",0,0,0
"4952","ἀτάσθαλον",ἀτάσθαλ,Neuter,2on,悔い改めない,"unrepentant",0,0,0
"4953","ἀψίνθιον",ἀψίνθι,Neuter,2on,アブサン,"Absinthe",0,0,0
"4954","ἁλικάκκαβον",ἁλικάκκαβ,Neuter,2on,アリカカボン,"alicakkavon",0,0,0
"4955","ἁμάδεον",ἁμάδε,Neuter,2on,アマデオン,"amadeon",0,0,0
"4956","ἁρπαστόν",ἁρπαστ,Neuter,2on,クリーパー,"creeper",0,0,0
"4957","ἄγγουρον",ἄγγουρ,Neuter,2on,アンチョビ,"anchovy",0,0,0
"4958","ἄγκιστρον",ἄγκιστρ,Neuter,2on,針,"hook",0,0,0
"4959","ἄδρυα",ἄδρυ,Neuter,2on,ドライ,"dry",1,0,0
"4960","ἄδυτον",ἄδυτ,Neuter,2on,見えない,"invisible",0,0,0
"4961","ἄεθλον",ἄεθλ,Neuter,2on,アンエスロン,"unethlon",0,0,0
"4962","ἄκορον",ἄκορ,Neuter,2on,聴覚,"hearing",0,0,0
"4963","ἄκρον",ἄκρ,Neuter,2on,アクロン,"akron",0,0,0
"4964","ἄλαρα",ἄλαρ,Neuter,2on,悲しいかな,"Alas",1,0,0
"4965","ἄλεισον",ἄλεισ,Neuter,2on,アリソン,"alyson",0,0,0
"4966","ἄλευρον",ἄλευρ,Neuter,2on,小麦粉,"flour",0,0,0
"4967","ἄλογον",ἄλογ,Neuter,2on,うま,"horse",0,0,0
"4968","ἄλυπον",ἄλυπ,Neuter,2on,不幸にも,"unfortunately",0,0,0
"4969","ἄλυσσον",ἄλυσσ,Neuter,2on,解決,"solve",0,0,0
"4970","ἄλφιτον",ἄλφιτ,Neuter,2on,アルフィトン,"Alfiton",0,0,0
"4971","ἄμβολα",ἄμβολ,Neuter,2on,ピストン,"pistons",1,0,0
"4972","ἄμητος",ἄμητ,Neuter,2,収穫,"harvest",0,0,0
"4973","ἄμυλον",ἄμυλ,Neuter,2on,スターチ,"starch",0,0,0
"4974","ἄμωμον",ἄμωμ,Neuter,2on,アモモン,"amomon",0,0,0
"4975","ἄνδηρον",ἄνδηρ,Neuter,2on,アンデロン,"anderon",0,0,0
"4976","ἄνηθον",ἄνηθ,Neuter,2on,ディル,"dill",0,0,0
"4977","ἄνητον",ἄνητ,Neuter,2on,アノン,"anon",0,0,0
"4978","ἄνθρυσκον",ἄνθρυσκ,Neuter,2on,炭疽菌,"anthrax",0,0,0
"4979","ἄνισον",ἄνισ,Neuter,2on,不平等,"unequal",0,0,0
"4980","ἄννησον",ἄννησ,Neuter,2on,生きている,"alive",0,0,0
"4981","ἄντρον",ἄντρ,Neuter,2on,男,"male",0,0,0
"4982","ἄπιον",ἄπι,Neuter,2on,意見,"opion",0,0,0
"4983","ἄποινα",ἄποιν,Neuter,2on,ペナルティ,"penalty",1,0,0
"4984","ἄργεμον",ἄργεμ,Neuter,2on,どのぐらいの間,"how long",0,0,0
"4985","ἄρθρον",ἄρθρ,Neuter,2on,記事,"article",0,0,0
"4986","ἄριστον",ἄριστ,Neuter,2on,優れた,"excellent",0,0,0
"4987","ἄρκιον",ἄρκι,Neuter,2on,アルキオン,"archion",0,0,0
"4988","ἄρμενον",ἄρμεν,Neuter,2on,アルメノン,"Armenon",0,0,0
"4989","ἄρον",ἄρ,Neuter,2on,アロン,"aron",0,0,0
"4990","ἄροτρον",ἄροτρ,Neuter,2on,耕す,"plow",0,0,0
"4991","ἄσαρον",ἄσαρ,Neuter,2on,アサロン,"asaron",0,0,0
"4992","ἄσημον",ἄσημ,Neuter,2on,重要でない,"unimportant",0,0,0
"4993","ἄσκυρον",ἄσκυρ,Neuter,2on,空所,"void",0,0,0
"4994","ἄσπληνον",ἄσπλην,Neuter,2on,完璧に,"immaculately",0,0,0
"4995","ἄστρον",ἄστρ,Neuter,2on,アストロン,"astron",0,0,0
"4996","ἄστυρον",ἄστυρ,Neuter,2on,アスティロン,"astyron",0,0,0
"4997","ἄσυλον",ἄσυλ,Neuter,2on,亡命,"asylum",0,0,0
"4998","ἄφλαστον",ἄφλαστ,Neuter,2on,無料,"free of charge",0,0,0
"4999","ἄχυρον",ἄχυρ,Neuter,2on,ストロー,"straw",0,0,0
"5000","ἄωτον",ἄωτ,Neuter,2on,聴覚障害者,"deaf",0,0,0
"5001","ἅγιον",ἅγι,Neuter,2on,聖人,"saint",0,0,0
"5002","ἆθλον",ἆθλ,Neuter,2on,スポーツ,"sport",0,0,0
"5003","Ἀθήναιον",Ἀθήναι,Neuter,2on,アテネ,"Athens",0,0,0
"5004","Ἀνθεστήρια",Ἀνθεστήρι,Neuter,2on,花まつり,"Flower festival",1,0,0
"5005","ἐγκοίλια",ἐγκοίλι,Neuter,2on,内臓,"entrails",1,0,0
"5006","ἐγκώμιον",ἐγκώμι,Neuter,2on,賞賛,"praise",0,0,0
"5007","ἐγχειρίδιον",ἐγχειρίδι,Neuter,2on,マニュアル,"manual",0,0,0
"5008","ἐκλυτήριον",ἐκλυτήρι,Neuter,2on,救出,"deliverance",0,0,0
"5009","ἐκλύτρον",ἐκλύτρ,Neuter,2on,エクリトロン,"eclytron",0,0,0
"5010","ἐκπιεστήριον",ἐκπιεστήρι,Neuter,2on,印刷機,"printing press",0,0,0
"5011","ἐκτρόπιον",ἐκτρόπι,Neuter,2on,エトロピオン,"ectropion",0,0,0
"5012","ἐλαιόγαρον",ἐλαιόγαρ,Neuter,2on,オリーブオイル,"olive oil",0,0,0
"5013","ἐλαιόφυλλον",ἐλαιόφυλλ,Neuter,2on,オリーブの葉,"olive leaf",0,0,0
"5014","ἐλατήριον",ἐλατήρι,Neuter,2on,バネ,"spring",0,0,0
"5015","ἐλαφόβοσκον",ἐλαφόβοσκ,Neuter,2on,エラフォボスコン,"elafovoskon",0,0,0
"5016","ἐλεγειδάριον",ἐλεγειδάρι,Neuter,2on,短いエレジー,"short elegy",0,0,0
"5017","ἐλλύχνιον",ἐλλύχνι,Neuter,2on,エリクニオン,"ellichnion",0,0,0
"5018","ἐλύδριον",ἐλύδρι,Neuter,2on,エリュドリオン,"Elydrion",0,0,0
"5019","ἐμπόριον",ἐμπόρι,Neuter,2on,商業,"commerce",0,0,0
"5020","ἐνεύναιον",ἐνεύναι,Neuter,2on,寝具、ベッドで使用されるカバー,"bedclothes, covering used on bed",0,0,0
"5021","ἐννήιον",ἐννήι,Neuter,2on,永遠に,"forever",0,0,0
"5022","ἐντύβιον",ἐντύβι,Neuter,2on,意図,"intivion",0,0,0
"5023","ἐνύπνιον",ἐνύπνι,Neuter,2on,寝落ち,"asleep",0,0,0
"5024","ἐνώτιον",ἐνώτι,Neuter,2on,一方,"whereas",0,0,0
"5025","ἐξάλειπτρον",ἐξάλειπτρ,Neuter,2on,排除,"eliminate",0,0,0
"5026","ἐπίθυμον",ἐπίθυμ,Neuter,2on,喜んで,"willingly",0,0,0
"5027","ἐπίκλιντρον",ἐπίκλιντρ,Neuter,2on,リクライニングチェア,"recliner",0,0,0
"5028","ἐπίλουτρον",ἐπίλουτρ,Neuter,2on,エクストラバス,"extra bath",0,0,0
"5029","ἐπίνειον",ἐπίνει,Neuter,2on,ワイン,"wine",0,0,0
"5030","ἐπίνητρον",ἐπίνητρ,Neuter,2on,動機,"motivation",0,0,0
"5031","ἐπίπλοον",ἐπίπλο,Neuter,2on,機内で,"on board",0,0,0
"5032","ἐπίσιον",ἐπίσι,Neuter,2on,それも,"too",0,0,0
"5033","ἐπίσωτρον",ἐπίσωτρ,Neuter,2on,エピソトロン,"episotron",0,0,0
"5034","ἐπιβάλλον",ἐπιβάλλ,Neuter,2on,必須,"mandatory",0,0,0
"5035","ἐπικόπανον",ἐπικόπαν,Neuter,2on,エピカパノン,"epicapanon",0,0,0
"5036","ἐπιμήδιον",ἐπιμήδι,Neuter,2on,正式,"official",0,0,0
"5037","ἐπισφύρια",ἐπισφύρι,Neuter,2on,私はささやいた,"I whispered",1,0,0
"5038","ἐπιτήδεια",ἐπιτήδει,Neuter,2on,小学校,"grade school",1,0,0
"5039","ἐπύλλιον",ἐπύλλι,Neuter,2on,エピリオン,"epillion",0,0,0
"5040","ἐπώνυμον",ἐπώνυμ,Neuter,2on,苗字,"last name",0,0,0
"5041","ἐρίφιον",ἐρίφι,Neuter,2on,賢い,"wise",0,0,0
"5042","ἐργαλεῖον",ἐργαλεῖ,Neuter,2on,道具,"tool",0,0,0
"5043","ἐρείπιον",ἐρείπι,Neuter,2on,遺跡,"ruins",0,0,0
"5044","ἐρετμόν",ἐρετμ,Neuter,2on,エルトモン,"Ertmon",0,0,0
"5045","ἐριόξυλον",ἐριόξυλ,Neuter,2on,エリオキシロン,"erioxylon",0,0,0
"5046","ἐρυθρόδανον",ἐρυθρόδαν,Neuter,2on,エリスロダノン,"erythrodanon",0,0,0
"5047","ἐρυσίσκηπτρον",ἐρυσίσκηπτρ,Neuter,2on,エリシセプトロン,"erysisceptron",0,0,0
"5048","ἐρωμένιον",ἐρωμένι,Neuter,2on,エロメニオン,"Eromenion",0,0,0
"5049","ἐρύσιμον",ἐρύσιμ,Neuter,2on,射精,"ejaculating",0,0,0
"5050","ἐσχάριον",ἐσχάρι,Neuter,2on,初めに,"at first",0,0,0
"5051","ἐσχαρεῖον",ἐσχαρεῖ,Neuter,2on,ありがとうございます,"thank you",0,0,0
"5052","ἐτυμολογικόν",ἐτυμολογικ,Neuter,2on,語源,"etymological",0,0,0
"5053","ἐφόλκαιον",ἐφόλκαι,Neuter,2on,たまに,"occasional",0,0,0
"5054","ἐχήνια",ἐχήνι,Neuter,2on,ヒーニア,"heenia",1,0,0
"5055","ἑλμινθοβότανον",ἑλμινθοβόταν,Neuter,2on,蠕虫ハーブ,"helminthic herb",0,0,0
"5056","ἑλώριον",ἑλώρι,Neuter,2on,エロリオン,"Elorion",0,0,0
"5057","ἑρμοδάκτυλον",ἑρμοδάκτυλ,Neuter,2on,ヘルモダクティロン,"hermodactylon",0,0,0
"5058","ἑρπετόν",ἑρπετ,Neuter,2on,爬虫類,"reptile",0,0,0
"5059","ἔλαιον",ἔλαι,Neuter,2on,油,"oil",0,0,0
"5060","ἔλυτρον",ἔλυτρ,Neuter,2on,身代金,"ransom",0,0,0
"5061","ἔμβολον",ἔμβολ,Neuter,2on,プランジャー,"plunger",0,0,0
"5062","ἔμβρυον",ἔμβρυ,Neuter,2on,胎児,"fetus",0,0,0
"5063","ἔμπετρον",ἔμπετρ,Neuter,2on,海のヒース,"sea heath",0,0,0
"5064","ἔναρα",ἔναρ,Neuter,2on,戦利品、武器、殺害された敵の罠、戦利品、戦利品,"spoils, weapons and trappings of slain foe, spoil, booty",1,0,0
"5065","ἔντερον",ἔντερ,Neuter,2on,腸,"intestine",0,0,0
"5066","ἔντομα",ἔντομ,Neuter,2on,昆虫,"insects",1,0,0
"5067","ἔντομον",ἔντομ,Neuter,2on,虫,"insect",0,0,0
"5068","ἔντυβον",ἔντυβ,Neuter,2on,結婚,"married",0,0,0
"5069","ἔποχον",ἔποχ,Neuter,2on,前,"ago",0,0,0
"5070","ἔργον",ἔργ,Neuter,2on,仕事,"work",0,0,0
"5071","ἔριον",ἔρι,Neuter,2on,年,"yr",0,0,0
"5072","ἔρρινον",ἔρριν,Neuter,2on,胸骨医学,"sternutatory medicine",0,0,0
"5073","ἔταλον",ἔταλ,Neuter,2on,エタロン,"etalon",0,0,0
"5074","ἔτυμον",ἔτυμ,Neuter,2on,その起源、その語源による真の意味,"true sense of word according to its origins, its etymology",0,0,0
"5075","ἔχιον",ἔχι,Neuter,2on,雪,"snow",0,0,0
"5076","ἕδνον",ἕδν,Neuter,2on,持参金、花嫁料,"dowry, bride-price",0,0,0
"5077","ἕλκηθρον",ἕλκηθρ,Neuter,2on,そり,"sled",0,0,0
"5078","ἡδύοσμον",ἡδύοσμ,Neuter,2on,におい,"odor",0,0,0
"5079","ἡδύσαρον",ἡδύσαρ,Neuter,2on,斧雑草,"axe-weed",0,0,0
"5080","ἡλιοσκόπιον",ἡλιοσκόπι,Neuter,2on,太陽の痙攣,"sun spurge",0,0,0
"5081","ἡλιοτρόπιον",ἡλιοτρόπι,Neuter,2on,ひまわり,"sunflower",0,0,0
"5082","ἡλιόφυτον",ἡλιόφυτ,Neuter,2on,粗いビンドウィード,"rough bindweed",0,0,0
"5083","ἡμίμιτρον",ἡμίμιτρ,Neuter,2on,ハーフマイター,"half mitre",0,0,0
"5084","ἡμιαμφόριον",ἡμιαμφόρι,Neuter,2on,ハーフアンモラ、半四分位,"half-amphora, half-quadrantal",0,0,0
"5085","ἡμιθωράκιον",ἡμιθωράκι,Neuter,2on,corsletのフロントプレート,"front plate of corslet",0,0,0
"5086","ἡμικύκλιον",ἡμικύκλι,Neuter,2on,半円,"semicircle",0,0,0
"5087","ἡμιμέδιμνον",ἡμιμέδιμν,Neuter,2on,ハーフメディムヌス,"half-medimnus",0,0,0
"5088","ἡμιπέλεκκον",ἡμιπέλεκκ,Neuter,2on,半軸、片方のx,"half-axe, one-edged axe",0,0,0
"5089","ἡμισφαίριον",ἡμισφαίρι,Neuter,2on,半球,"hemisphere",0,0,0
"5090","ἡμιτάλαντον",ἡμιτάλαντ,Neuter,2on,半ば、体重の尺度,"half-talent, measure of weight",0,0,0
"5091","ἡνία",ἡνί,Neuter,2on,手綱,"reins",1,0,0
"5092","ἡφαιστεῖον",ἡφαιστεῖ,Neuter,2on,火山,"volcano",0,0,0
"5093","ἤλεκτρον",ἤλεκτρ,Neuter,2on,電子,"electron",0,0,0
"5094","ἤνυστρον",ἤνυστρ,Neuter,2on,ハイニストロン,"hnystron",0,0,0
"5095","ἤϊα",ἤϊ,Neuter,2on,おい,"hey",1,0,0
"5096","ἦλον",ἦλ,Neuter,2on,私は,"i was",0,0,0
"5097","ἦτρον",ἦτρ,Neuter,2on,彼がいた,"he was",0,0,0
"5098","Ἡραῖα",Ἡραῖ,Neuter,2on,偉大な,"Great",1,0,0
"5099","ἰνάριον",ἰνάρι,Neuter,2on,ストランド、ファイバー,"strand, fibre",0,0,0
"5100","ἰνίον",ἰνί,Neuter,2on,イニオン,"inion",0,0,0
"5101","ἰπνίον",ἰπνί,Neuter,2on,睡眠,"sleep",0,0,0
"5102","ἰσίκιον",ἰσίκι,Neuter,2on,イシジョン,"isicion",0,0,0
"5103","ἰσχίον",ἰσχί,Neuter,2on,イチオン,"ÿchion",0,0,0
"5104","ἰσόπυρον",ἰσόπυρ,Neuter,2on,イソピロン,"isopyron",0,0,0
"5105","ἰχθυεῖον",ἰχθυεῖ,Neuter,2on,魚市場,"fish-market",0,0,0
"5106","ἰχθύδιον",ἰχθύδι,Neuter,2on,魚,"fish",0,0,0
"5107","ἰχθύκεντρον",ἰχθύκεντρ,Neuter,2on,フィッシュセンター,"fish center",0,0,0
"5108","ἰᾶτον",ἰᾶτ,Neuter,2on,蜂蜜、ワイン、スミレから作った飲み物,"drink prepared from honey, wine and violets",0,0,0
"5109","ἱεράκιον",ἱεράκι,Neuter,2on,祭司,"priest",0,0,0
"5110","ἱερακοπόδιον",ἱερακοπόδι,Neuter,2on,ヒエラコポディオン,"Hierakopodion",0,0,0
"5111","ἱερόν",ἱερ,Neuter,2on,祭司,"priest",0,0,0
"5112","ἱμάτιον",ἱμάτι,Neuter,2on,衣類,"clothing",0,0,0
"5113","ἱμαντάριον",ἱμαντάρι,Neuter,2on,イマンダリオン,"imandarion",0,0,0
"5114","ἱππολάπαθον",ἱππολάπαθ,Neuter,2on,カバ,"hippopotamus",0,0,0
"5115","ἱππομάραθον",ἱππομάραθ,Neuter,2on,馬のマラソン,"horse marathon",0,0,0
"5116","ἱπποσέλινον",ἱπποσέλιν,Neuter,2on,ヒポセリノン,"Hipposelinon",0,0,0
"5117","ἱππόφαιστον",ἱππόφαιστ,Neuter,2on,ヒポパイストン,"Hippophaeston",0,0,0
"5118","ἱστίον",ἱστί,Neuter,2on,蜘蛛の糸,"web",0,0,0
"5119","ἴκρια",ἴκρι,Neuter,2on,強い,"strong",1,0,0
"5120","ἴπνον",ἴπν,Neuter,2on,睡眠,"sleeping",0,0,0
"5121","ἴσιον",ἴσι,Neuter,2on,同等,"equal",0,0,0
"5122","ἴτον",ἴτ,Neuter,2on,平,"even",0,0,0
"5123","ἴτριον",ἴτρι,Neuter,2on,イットリウム,"yttrium",0,0,0
"5124","ἴφυον",ἴφυ,Neuter,2on,イフィオン,"iphyon",0,0,0
"5125","ἴχνιον",ἴχνι,Neuter,2on,痕跡,"trace",0,0,0
"5126","Ἴσειον",Ἴσει,Neuter,2on,ヘシオン,"Hesion",0,0,0
"5127","ὀβελισκολύχνιον",ὀβελισκολύχνι,Neuter,2on,兵士がランプホルダーとして使用する唾,"spit used as lampholder by soldiers",0,0,0
"5128","ὀνοκάρδιον",ὀνοκάρδι,Neuter,2on,オニナベナ,"teasel",0,0,0
"5129","ὀνομαστικόν",ὀνομαστικ,Neuter,2on,語順ではなく、主題ごとに並べられた語彙。,"vocabulary, arranged by subject and not by word order.",0,0,0
"5130","ὀνυχιστήριον",ὀνυχιστήρι,Neuter,2on,マニキュア,"nail polish",0,0,0
"5131","ὀνόπορδον",ὀνόπορδ,Neuter,2on,綿あざみ,"cotton thistle",0,0,0
"5132","ὀξυλάπαθον",ὀξυλάπαθ,Neuter,2on,カールドック,"curled dock",0,0,0
"5133","ὀξύβαφον",ὀξύβαφ,Neuter,2on,小酢受け皿、浅い土器、受け皿、木槌で叩いた受け皿ハーモニカの一種、子葉の第4部,"small vinegar saucer, shallow earthen vessel, saucer, kind of harmonica made of saucers, struck with wooden hammer, fourth part of cotyle",0,0,0
"5134","ὀξύγαρον",ὀξύγαρ,Neuter,2on,酢とガルムのソース,"sauce made of vinegar and garum",0,0,0
"5135","ὀξύγγιον",ὀξύγγι,Neuter,2on,グリース、ラード,"grease, lard",0,0,0
"5136","ὀξύγονον",ὀξύγον,Neuter,2on,丸いとげのあるポピー,"round pricklyhead poppy",0,0,0
"5137","ὀποβάλσαμον",ὀποβάλσαμ,Neuter,2on,アラビアバルサムの木のジュース、ギレアデの香油,"juice of Arabian balsam tree, balm of Gilead",0,0,0
"5138","ὀρίγανον",ὀρίγαν,Neuter,2on,オレガノ,"Oregano",0,0,0
"5139","ὀρβικλᾶτον",ὀρβικλᾶτ,Neuter,2on,丸みを帯びた形が特徴のリンゴの品種,"variety of apple characterized by its rounded shape",0,0,0
"5140","ὀρνιθόγαλον",ὀρνιθόγαλ,Neuter,2on,オルニソガロン,"ornithogalon",0,0,0
"5141","ὀρτυγοτροφεῖον",ὀρτυγοτροφεῖ,Neuter,2on,ウズラ小屋,"quail-coop",0,0,0
"5142","ὀρόντιον",ὀρόντι,Neuter,2on,オリオン,"Orion",0,0,0
"5143","ὀρύζιον",ὀρύζι,Neuter,2on,ご飯,"rice",0,0,0
"5144","ὀστάριον",ὀστάρι,Neuter,2on,オスタリオン,"ostarion",0,0,0
"5145","ὀστέον",ὀστέ,Neuter,2on,骨,"bone",0,0,0
"5146","ὀστοῦν",ὀστ,Neuter,2ona2,骨、岩、果実の石,"bone, rock, stone of fruit",0,0,0
"5147","ὀφιοκτόνον",ὀφιοκτόν,Neuter,2on,ヘビキラー,"snake killer",0,0,0
"5148","ὀχετόκρανον",ὀχετόκραν,Neuter,2on,水道橋の終わり、水道橋の問題,"end of aqueduct, issue of aqueduct",0,0,0
"5149","ὀψάριον",ὀψάρι,Neuter,2on,魚,"fish",0,0,0
"5150","ὀψώνιον",ὀψώνι,Neuter,2on,給与、賃金、支払い、手当、規定,"salary, wages, pay, allowance, provisions",0,0,0
"5151","ὁλοθούριον",ὁλοθούρι,Neuter,2on,ホロスリオン,"holothurion",0,0,0
"5152","ὁλόστεον",ὁλόστε,Neuter,2on,骨全体,"whole bone",0,0,0
"5153","ὄβρια",ὄβρι,Neuter,2on,侮辱,"insults",1,0,0
"5154","ὄβρυζον",ὄβρυζ,Neuter,2on,雨が降っている,"raining",0,0,0
"5155","ὄμπνη",ὄμπν,Neuter,1e,栄養、小麦,"nourishment, wheat",0,0,0
"5156","ὄνειρον",ὄνειρ,Neuter,2on,夢,"dream",0,0,0
"5157","ὄντα",ὄντ,Neuter,2on,存在,"beings",1,0,0
"5158","ὄον",ὄ,Neuter,2on,であること,"being",0,0,0
"5159","ὄπιον",ὄπι,Neuter,2on,意見,"Opion",0,0,0
"5160","ὄργανον",ὄργαν,Neuter,2on,器官,"organ",0,0,0
"5161","ὄργια",ὄργι,Neuter,2on,測る,"fathom",1,0,0
"5162","ὄρνεον",ὄρνε,Neuter,2on,オルネオン,"orneon",0,0,0
"5163","ὄρυζον",ὄρυζ,Neuter,2on,オリゾン,"oryzon",0,0,0
"5164","ὄσπριον",ὄσπρι,Neuter,2on,キノコ,"mushroom",0,0,0
"5165","ὄσσε",ὄσσ,Neuter,irr,目,"eyes",0,0,0
"5166","ὄστρακον",ὄστρακ,Neuter,2on,オストラコン,"ostrakon",0,0,0
"5167","ὄστρεον",ὄστρε,Neuter,2on,オストレオン,"oestreon",0,0,0
"5168","ὄστριμον",ὄστριμ,Neuter,2on,オストリモン,"ostrimon",0,0,0
"5169","ὄσχιον",ὄσχι,Neuter,2on,オシオン,"oschion",0,0,0
"5170","ὄχανον",ὄχαν,Neuter,2on,彼らは行方不明でした,"They were missing",0,0,0
"5171","ὄψον",ὄψ,Neuter,2on,見る,"see",0,0,0
"5172","ὅπλον",ὅπλ,Neuter,2on,武器,"weapon",0,0,0
"5173","ὅρκιον",ὅρκι,Neuter,2on,誓い,"oath",0,0,0
"5174","ὅρμινον",ὅρμιν,Neuter,2on,オルミノン,"orminon",0,0,0
"5175","ὑδάτιον",ὑδάτι,Neuter,2on,水,"water",0,0,0
"5176","ὑδνόφυλλον",ὑδνόφυλλ,Neuter,2on,トリュフの上に成長し、トリュフがある場所に印を付けると言われているハーブ,"herb said to grow over truffles and mark spot where they are",0,0,0
"5177","ὑδρέλαιον",ὑδρέλαι,Neuter,2on,水油,"water oil",0,0,0
"5178","ὑδροκέφαλον",ὑδροκέφαλ,Neuter,2on,水頭症,"hydrocephalus",0,0,0
"5179","ὑδρορόδινον",ὑδρορόδιν,Neuter,2on,ヒドラジノン,"hydrarodinon",0,0,0
"5180","ὑδροσέλινον",ὑδροσέλιν,Neuter,2on,ハイドロセリノン,"hydroselinon",0,0,0
"5181","ὑδροσκόπιον",ὑδροσκόπι,Neuter,2on,ハイドロスコープ,"hydroscope",0,0,0
"5182","ὑδρόμφαλον",ὑδρόμφαλ,Neuter,2on,水頭症,"hydrocephalus",0,0,0
"5183","ὑπήκοον",ὑπήκο,Neuter,2on,主題,"subject",0,0,0
"5184","ὑπερθύριον",ὑπερθύρι,Neuter,2on,ハイパーサイリオン,"hyperthyrion",0,0,0
"5185","ὑπερῷον",ὑπερῷ,Neuter,2on,ハイパーオン,"hyperῷon",0,0,0
"5186","ὑποζύγιον",ὑποζύγι,Neuter,2on,妻,"wife",0,0,0
"5187","ὑπολήνιον",ὑπολήνι,Neuter,2on,提出,"submission",0,0,0
"5188","ὑποπόδιον",ὑποπόδι,Neuter,2on,足元,"underfoot",0,0,0
"5189","ὑποστόμια",ὑποστόμι,Neuter,2on,口内炎,"hypostomia",1,0,0
"5190","ὑπόβαθρον",ὑπόβαθρ,Neuter,2on,バックグラウンド,"background",0,0,0
"5191","ὑπόγειον",ὑπόγει,Neuter,2on,地下,"underground",0,0,0
"5192","ὑπόγλωσσον",ὑπόγλωσσ,Neuter,2on,舌下,"sublingual",0,0,0
"5193","ὑφόλμιον",ὑφόλμι,Neuter,2on,モルタルスタンド,"mortar-stand",0,0,0
"5194","ὕδνον",ὕδν,Neuter,2on,水,"water",0,0,0
"5195","ὕπνον",ὕπν,Neuter,2on,睡眠,"sleep",0,0,0
"5196","ὕψιστα",ὕψιστ,Neuter,2on,非常に,"highly",1,0,0
"5197","ὠλέκρανον",ὠλέκραν,Neuter,2on,肘のポイント,"point of elbow ",0,0,0
"5198","ὠμόλινον",ὠμόλιν,Neuter,2on,モリノン,"ὠmolinon",0,0,0
"5199","ὡρολόγιον",ὡρολόγι,Neuter,2on,ぜんまい仕掛け,"clockwork",0,0,0
"5200","ὡροσκοπεῖον",ὡροσκοπεῖ,Neuter,2on,スパイ,"spying",0,0,0
"5201","ὡροσκόπιον",ὡροσκόπι,Neuter,2on,ホロスコープ,"Horoscope",0,0,0
"5202","ὤκιμον",ὤκιμ,Neuter,2on,えきもん,"ὤkimon",0,0,0
"5203","ὤκινον",ὤκιν,Neuter,2on,キノン,"ὤkinon",0,0,0
"5204","ᾠάριον",ᾠάρι,Neuter,2on,アリオン,"ᾠarion",0,0,0
"5205","ᾠόν",ᾠ,Neuter,2on,オン,"ᾠon",0,0,0
"5206","ᾦον",ᾦ,Neuter,2on,オン,"ᾦon",0,0,0
"5207","ῥέεθρον",ῥέεθρ,Neuter,2on,シアター,"theater",0,0,0
"5208","ῥίον",ῥί,Neuter,2on,ピーク、サミット、山の突き出た部分、岬、前景によって形成された湾,"peak, summit, any jutting part of a mountain, headland, bay formed by a foreland",0,0,0
"5209","ῥεῖθρον",ῥεῖθρ,Neuter,2on,王位,"throne",0,0,0
"5210","ῥινάριον",ῥινάρι,Neuter,2on,小さなファイル、一種の目薬,"small file, sort of eyesalve",0,0,0
"5211","ῥινόν",ῥιν,Neuter,2on,皮、皮、動物の皮で作られた盾,"skin, hide, shield made of animal hide",0,0,0
"5212","ῥοδόδενδρον",ῥοδόδενδρ,Neuter,2on,シャクナゲ,"Rhododendron",0,0,0
"5213","ῥόδον",ῥόδ,Neuter,2on,ローズ,"rose",0,0,0
"5214","ῥόπαλον",ῥόπαλ,Neuter,2on,"こん棒, 棍棒, 金属をはめたメイス, ハンターの杖, ペニス","club, cudgel, mace shod with metal, hunter's staff, penis",0,0,0
"5215","ῥόπτρον",ῥόπτρ,Neuter,2on,クラブ、スティック、棍棒、メイス、ドアノッカー、タンバリン,"club, stick, cudgel, mace, door knocker, tambourine",0,0,0
"5216","ῥύσιον",ῥύσι,Neuter,2on,保証、誓約、補償として保持される財産、戦利品、獲物、引きずり出されるもの、報復、報復、返還、解放,"surety, pledge, property held as a compensation, booty, prey, that which is dragged away, reprisal, retaliation, restitution, deliverance",0,0,0
"5217","ῥῆον",ῥῆ,Neuter,2on,ダイオウ,"rhubarb",0,0,0