"4","achać",ach,ach,achać,ああ,ah,1,present,0,0
"5","banglać",bangl,bangl,banglać,バン,bang,1,present,0,0
"6","biadać",biad,biad,biadać,うめき声,moan,1,present,0,0
"7","bijać",bij,bij,bijać,打つ,hit,1,present,0,0
"8","bratać",brat,brat,bratać,友愛する,fraternize,1,present,0,0
"9","bulgotać",bulgot,bulgot,bulgotać,バブル,bubble,1,present,0,0
"10","cackać",cack,cack,cackać,お尻,bum,1,present,0,0
"11","chajtać",chajt,chajt,chajtać,チャハッチ,chajać,1,present,0,0
"12","chlupotać",chlupot,chlupot,chlupotać,スケルチ,squelch,1,present,0,0
"13","chrobotać",chrobot,chrobot,chrobotać,スクレイプ,scrape,1,present,0,0
"14","chromać",chrom,chrom,chromać,ホブル,hobble,1,present,0,0
"15","chrumkać",chrumk,chrumk,chrumkać,うなり声,grunt,1,present,0,0
"16","chybiać",chybi,chybi,chybiać,お嬢,miss,1,present,0,0
"17","cmokać",cmok,cmok,cmokać,スマック,smack,1,present,0,0
"18","cofać",cof,cof,cofać,引き戻す,draw back,1,present,0,0
"19","cyckać",cyck,cyck,cyckać,くすぐる,tickle,1,present,0,0
"20","czepiać",czepi,czepi,czepiać,いじめる,pick on,1,present,0,0
"21","dobierać",dobier,dobier,dobierać,選ぶ,choose,1,present,0,0
"22","dobijać",dobij,dobij,dobijać,シュート,shoot,1,present,0,0
"23","doceniać",doceni,doceni,doceniać,鑑賞する,to appreciate,1,present,0,0
"24","dociekać",dociek,dociek,dociekać,お問い合わせ,inquire,1,present,0,0
"25","docierać",docier,docier,docierać,到着,reach,1,present,0,0
"26","docinać",docin,docin,docinać,切る,to cut,1,present,0,0
"27","dogadzać",dogadz,dogadz,dogadzać,甘やかす,pamper,1,present,0,0
"28","doganiać",dogani,dogani,doganiać,追いつく,catch up,1,present,0,0
"29","dogryzać",dogryz,dogryz,dogryzać,刺す,sting,1,present,0,0
"30","dojeżdżać",dojeżdż,dojeżdż,dojeżdżać,通勤,commute,1,present,0,0
"31","dokańczać",dokańcz,dokańcz,dokańczać,終了,finish,1,present,0,0
"32","doklejać",doklej,doklej,doklejać,棒,stick,1,present,0,0
"33","dokuczać",dokucz,dokucz,dokuczać,からかう,tease,1,present,0,0
"34","dokładać",dokład,dokład,dokładać,追加,add,1,present,0,0
"35","dolegać",doleg,doleg,dolegać,傷つく,hurt,1,present,0,0
"36","dolepiać",dolepi,dolepi,dolepiać,棒,stick,1,present,0,0
"37","doliczać",dolicz,dolicz,doliczać,追加,add,1,present,0,0
"38","domykać",domyk,domyk,domykać,近い,close,1,present,0,0
"39","domyślać",domyśl,domyśl,domyślać,推測してみて,guess,1,present,0,0
"40","donaszać",donasz,donasz,donaszać,報告,report,1,present,0,0
"41","dookreślać",dookreśl,dookreśl,dookreślać,特定,specify,1,present,0,0
"42","dopełniać",dopełni,dopełni,dopełniać,補体,complement,1,present,0,0
"43","dopiekać",dopiek,dopiek,dopiekać,刺す,sting,1,present,0,0
"44","dopierać",dopier,dopier,dopierać,追跡,chase,1,present,0,0
"45","dopierdalać",dopierdal,dopierdal,dopierdalać,ファックオフ,fuck off,1,present,0,0
"46","dopinać",dopin,dopin,dopinać,固定する,fasten,1,present,0,0
"47","dopominać",dopomin,dopomin,dopominać,請求,claim,1,present,0,0
"48","dopraszać",doprasz,doprasz,dopraszać,物乞い,begging,1,present,0,0
"49","doprawiać",doprawi,doprawi,doprawiać,シーズン,season,1,present,0,0
"50","doprowadzać",doprowadz,doprowadz,doprowadzać,持っていく,bring,1,present,0,0
"51","dopychać",dopych,dopych,dopychać,詰め込む,cram,1,present,0,0
"52","dopędzać",dopędz,dopędz,dopędzać,追い越し,overtake,1,present,0,0
"53","dopłacać",dopłac,dopłac,dopłacać,追加料金を支払う,pay extra,1,present,0,0
"54","dorabiać",dorabi,dorabi,dorabiać,余分なお金を稼ぐ,earn extra money,1,present,0,0
"55","doradzać",doradz,doradz,doradzać,アドバイス,advise,1,present,0,0
"56","dorastać",dorast,dorast,dorastać,育つ,growing up,1,present,0,0
"57","doręczać",doręcz,doręcz,doręczać,配達,deliver,1,present,0,0
"58","doskwierać",doskwier,doskwier,doskwierać,苦痛,distress,1,present,0,0
"59","dostrajać",dostraj,dostraj,dostrajać,微調整,fine tune,1,present,0,0
"60","dostrzegać",dostrzeg,dostrzeg,dostrzegać,見る,see,1,present,0,0
"61","doszkalać",doszkal,doszkal,doszkalać,再訓練,retrain,1,present,0,0
"62","dotaczać",dotacz,dotacz,dotaczać,転がる,roll over,1,present,0,0
"63","douczać",doucz,doucz,douczać,向上,improve,1,present,0,0
"64","dowalać",dowal,dowal,dowalać,壊す,break down,1,present,0,0
"65","dozbrajać",dozbraj,dozbraj,dozbrajać,リアーム,rearm,1,present,0,0
"66","dozwalać",dozwal,dozwal,dozwalać,許可する,allow,1,present,0,0
"67","dołączać",dołącz,dołącz,dołączać,添付,attach,1,present,0,0
"68","doświadczać",doświadcz,doświadcz,doświadczać,経験,experience,1,present,0,0
"69","dziarać",dziar,dziar,dziarać,tat,tat,1,present,0,0
"70","gdybać",gdyb,gdyb,gdybać,物乞い,begging,1,present,0,0
"71","gichać",gich,gich,gichać,クスクス笑う,giggle,1,present,0,0
"72","gniewać",gniew,gniew,gniewać,怒り,anger,1,present,0,0
"73","gruchotać",gruchot,gruchot,gruchotać,バター,batter,1,present,0,0
"74","hukać",huk,huk,hukać,フート,hoot,1,present,0,0
"75","jadać",jad,jad,jadać,食べる,eat,1,present,0,0
"76","jumać",jum,jum,jumać,食べる,eat,1,present,0,0
"77","kicać",kic,kic,kicać,ホップ,hop,1,present,0,0
"78","klikać",klik,klik,klikać,クリック,clicking,1,present,0,0
"79","kumać",kum,kum,kumać,鳴き声,croak,1,present,0,0
"80","kłopotać",kłopot,kłopot,kłopotać,問題,trouble,1,present,0,0
"81","mawiać",mawi,mawi,mawiać,いう,say,1,present,0,0
"82","mniemać",mniem,mniem,mniemać,考える,think,1,present,0,0
"83","morusać",morus,morus,morusać,汚れ,smudge,1,present,0,0
"84","nabawiać",nabawi,nabawi,nabawiać,騙す,trick,1,present,0,0
"85","nabierać",nabier,nabier,nabierać,引き受ける,take on,1,present,0,0
"86","nabijać",nabij,nabij,nabijać,パンチ,punch,1,present,0,0
"87","nabzdyczać",nabzdycz,nabzdycz,nabzdyczać,鳴き声,croak,1,present,0,0
"88","nachylać",nachyl,nachyl,nachylać,傾ける,tilt,1,present,0,0
"89","nacierać",nacier,nacier,nacierać,こする,rub,1,present,0,0
"90","nacinać",nacin,nacin,nacinać,切り刻む,incise,1,present,0,0
"91","nadarzać",nadarz,nadarz,nadarzać,それを与える,give it,1,present,0,0
"92","nadcinać",nadcin,nadcin,nadcinać,切る,cut,1,present,0,0
"93","nadganiać",nadgani,nadgani,nadganiać,追いつく,catch up,1,present,0,0
"94","nadjeżdżać",nadjeżdż,nadjeżdż,nadjeżdżać,来る,to come,1,present,0,0
"95","nadmieniać",nadmieni,nadmieni,nadmieniać,言及,mention,1,present,0,0
"96","nadrabiać",nadrabi,nadrabi,nadrabiać,化粧,make up,1,present,0,0
"97","nadrywać",nadryw,nadryw,nadrywać,引き裂く,tear up,1,present,0,0
"98","nadwerężać",nadweręż,nadweręż,nadwerężać,歪み,strain,1,present,0,0
"99","nadwyrężać",nadwyręż,nadwyręż,nadwyrężać,歪み,strain,1,present,0,0
"100","nadymać",nadym,nadym,nadymać,膨らませる,inflate,1,present,0,0
"101","nadążać",nadąż,nadąż,nadążać,ついていく,keep up,1,present,0,0
"102","nagradzać",nagradz,nagradz,nagradzać,褒美,reward,1,present,0,0
"103","najeżdżać",najeżdż,najeżdż,najeżdżać,侵攻すること,to invade,1,present,0,0
"104","naklejać",naklej,naklej,naklejać,棒,stick,1,present,0,0
"105","nakreślać",nakreśl,nakreśl,nakreślać,概要,outline,1,present,0,0
"106","nakręcać",nakręc,nakręc,nakręcać,巻き上げる,wind up,1,present,0,0
"107","nakurwiać",nakurwi,nakurwi,nakurwiać,失敗する,to screw up,1,present,0,0
"108","nakładać",nakład,nakład,nakładać,課す,impose,1,present,0,0
"109","nakłaniać",nakłani,nakłani,nakłaniać,誘発する,induce,1,present,0,0
"110","nalepiać",nalepi,nalepi,nalepiać,棒,stick,1,present,0,0
"111","naliczać",nalicz,nalicz,naliczać,充電,charge,1,present,0,0
"112","namieniać",namieni,namieni,namieniać,言及,mention,1,present,0,0
"113","namierzać",namierz,namierz,namierzać,目標,target,1,present,0,0
"114","namyślać",namyśl,namyśl,namyślać,考える,to think,1,present,0,0
"115","naoliwiać",naoliwi,naoliwi,naoliwiać,油,oil,1,present,0,0
"116","napalać",napal,napal,napalać,火,fire,1,present,0,0
"117","naparzać",naparz,naparz,naparzać,注入する,infuse,1,present,0,0
"118","napełniać",napełni,napełni,napełniać,塗りつぶし,fill,1,present,0,0
"119","napierać",napier,napier,napierać,押す,press,1,present,0,0
"120","napierdalać",napierdal,napierdal,napierdalać,くそ,fuck,1,present,0,0
"121","napinać",napin,napin,napinać,締める,tighten,1,present,0,0
"122","napoczynać",napoczyn,napoczyn,napoczynać,始める,start,1,present,0,0
"123","napominać",napomin,napomin,napominać,忠告する,admonish,1,present,0,0
"124","napowietrzać",napowietrz,napowietrz,napowietrzać,通気する,aerate,1,present,0,0
"125","naprawiać",naprawi,naprawi,naprawiać,修理,repair,1,present,0,0
"126","naprowadzać",naprowadz,naprowadz,naprowadzać,直接,direct,1,present,0,0
"127","naprzykrzać",naprzykrz,naprzykrz,naprzykrzać,わざわざ,bother,1,present,0,0
"128","naprężać",napręż,napręż,naprężać,歪み,strain,1,present,0,0
"129","napychać",napych,napych,napychać,もの,stuff,1,present,0,0
"130","napędzać",napędz,napędz,napędzać,推進、動かす,propel,1,present,0,0
"131","narabiać",narabi,narabi,narabiać,混乱させる,make a mess,1,present,0,0
"132","naradzać",naradz,naradz,naradzać,相談する,consult,1,present,0,0
"133","narastać",narast,narast,narastać,増加,increase,1,present,0,0
"134","narażać",naraż,naraż,narażać,公開,expose,1,present,0,0
"135","naruszać",narusz,narusz,naruszać,違反する,violate,1,present,0,0
"136","narzekać",narzek,narzek,narzekać,文句を言うために,to complain,1,present,0,0
"137","nasilać",nasil,nasil,nasilać,激化,intensify,1,present,0,0
"138","nastarczać",nastarcz,nastarcz,nastarczać,十分に,to suffice,1,present,0,0
"139","nastawiać",nastawi,nastawi,nastawiać,設定,set,1,present,0,0
"140","nastrajać",nastraj,nastraj,nastrajać,曲,tune,1,present,0,0
"141","nastręczać",nastręcz,nastręcz,nastręczać,現在,present,1,present,0,0
"142","nasycać",nasyc,nasyc,nasycać,飽和する,saturate,1,present,0,0
"143","nasączać",nasącz,nasącz,nasączać,浸す,soak,1,present,0,0
"144","natrafiać",natrafi,natrafi,natrafiać,出くわす,come across,1,present,0,0
"145","natłuszczać",natłuszcz,natłuszcz,natłuszczać,油,oil,1,present,0,0
"146","nauczać",naucz,naucz,nauczać,教える,teach,1,present,0,0
"147","nawadniać",nawadni,nawadni,nawadniać,灌漑,irrigate,1,present,0,0
"148","nawalać",nawal,nawal,nawalać,行動を取る,act up,1,present,0,0
"149","nawarstwiać",nawarstwi,nawarstwi,nawarstwiać,築き上げる,build up,1,present,0,0
"150","nawiedzać",nawiedz,nawiedz,nawiedzać,出没,haunt,1,present,0,0
"151","nawijać",nawij,nawij,nawijać,風,wind,1,present,0,0
"152","nawilżać",nawilż,nawilż,nawilżać,保湿,moisturize,1,present,0,0
"153","nawlekać",nawlek,nawlek,nawlekać,スレッド,thread,1,present,0,0
"154","nawykać",nawyk,nawyk,nawykać,慣れる,get used to,1,present,0,0
"155","naznaczać",naznacz,naznacz,naznaczać,マーク,mark,1,present,0,0
"156","nazywać",nazyw,nazyw,nazywać,電話する,to call,1,present,0,0
"157","nurzać",nurz,nurz,nurzać,ワロウ,wallow,1,present,0,0
"158","obalać",obal,obal,obalać,打倒,overthrow,1,present,0,0
"159","obarczać",obarcz,obarcz,obarczać,負担,burden,1,present,0,0
"160","obcierać",obcier,obcier,obcierać,ワイプ,wipe,1,present,0,0
"161","obcinać",obcin,obcin,obcinać,切り捨てる,truncate,1,present,0,0
"162","obczajać",obczaj,obczaj,obczajać,チェックアウト,check out,1,present,0,0
"163","obdarzać",obdarz,obdarz,obdarzać,授けます,bestow,1,present,0,0
"164","obdzierać",obdzier,obdzier,obdzierać,ストリップ,strip,1,present,0,0
"165","obezwładniać",obezwładni,obezwładni,obezwładniać,無効にする,disable,1,present,0,0
"166","obierać",obier,obier,obierać,皮,peel,1,present,0,0
"167","obijać",obij,obij,obijać,倒す,knock down,1,present,0,0
"168","objawiać",objawi,objawi,objawiać,マニフェスト,manifest,1,present,0,0
"169","objaśniać",objaśni,objaśni,objaśniać,説明,explain,1,present,0,0
"170","objeżdżać",objeżdż,objeżdż,objeżdżać,旅行,tour,1,present,0,0
"171","obkładać",obkład,obkład,obkładać,カバー,cover,1,present,0,0
"172","oblepiać",oblepi,oblepi,oblepiać,棒,stick,1,present,0,0
"173","obliczać",oblicz,oblicz,obliczać,計算する,calculate,1,present,0,0
"174","obmyślać",obmyśl,obmyśl,obmyślać,熟考,mull over,1,present,0,0
"175","obnażać",obnaż,obnaż,obnażać,公開する,to expose,1,present,0,0
"176","obniżać",obniż,obniż,obniżać,減らす,reduce,1,present,0,0
"177","obrabiać",obrabi,obrabi,obrabiać,処理する,process,1,present,0,0
"178","obracać",obrac,obrac,obracać,回転する,rotate,1,present,0,0
"179","obradzać",obradz,obradz,obradzać,整理,organize,1,present,0,0
"180","obrastać",obrast,obrast,obrastać,生い茂る,overgrow,1,present,0,0
"181","obrażać",obraż,obraż,obrażać,気分を害する,offend,1,present,0,0
"182","obrywać",obryw,obryw,obrywać,引きちぎる,tear off,1,present,0,0
"183","obrzydzać",obrzydz,obrzydz,obrzydzać,嫌悪,disgust,1,present,0,0
"184","obrzynać",obrzyn,obrzyn,obrzynać,切り落とす,cut off,1,present,0,0
"185","obsadzać",obsadz,obsadz,obsadzać,塗りつぶし,fill,1,present,0,0
"186","obsychać",obsych,obsych,obsychać,乾く,dry up,1,present,0,0
"187","obtaczać",obtacz,obtacz,obtaczać,コート,coat,1,present,0,0
"188","oburzać",oburz,oburz,oburzać,怒り,outrage,1,present,0,0
"189","obwisać",obwis,obwis,obwisać,たるみ,sag,1,present,0,0
"190","obżerać",obżer,obżer,obżerać,ぺろりと食べます,gobble up,1,present,0,0
"191","ocalać",ocal,ocal,ocalać,保存,save,1,present,0,0
"192","oceniać",oceni,oceni,oceniać,評価します,to evaluate,1,present,0,0
"193","ochrzaniać",ochrzani,ochrzani,ochrzaniać,バプテスマ,baptize,1,present,0,0
"194","ocieplać",ociepl,ociepl,ocieplać,暖かい,warm,1,present,0,0
"195","ocierać",ocier,ocier,ocierać,ワイプ,wipe,1,present,0,0
"196","ocucać",ocuc,ocuc,ocucać,復活する,revive,1,present,0,0
"197","oczerniać",oczerni,oczerni,oczerniać,黒くする,blacken,1,present,0,0
"198","oczyszczać",oczyszcz,oczyszcz,oczyszczać,清める,cleanse,1,present,0,0
"199","odbierać",odbier,odbier,odbierać,受け取る,receive,1,present,0,0
"200","odbijać",odbij,odbij,odbijać,跳ねる、弾む,bounce,1,present,0,0
"201","odcedzać",odcedz,odcedz,odcedzać,歪み,strain,1,present,0,0
"202","odchwaszczać",odchwaszcz,odchwaszcz,odchwaszczać,雑草,weed,1,present,0,0
"203","odchylać",odchyl,odchyl,odchylać,揺れる,swing away,1,present,0,0
"204","odcinać",odcin,odcin,odcinać,切り落とす,cut off,1,present,0,0
"205","odczyniać",odczyni,odczyni,odczyniać,元に戻す,undo,1,present,0,0
"206","odczłowieczać",odczłowiecz,odczłowiecz,odczłowieczać,非人間化,dehumanize,1,present,0,0
"207","oddalać",oddal,oddal,oddalać,立ち去る,move away,1,present,0,0
"208","oddzielać",oddziel,oddziel,oddzielać,分ける,separate,1,present,0,0
"209","oddzwaniać",oddzwani,oddzwani,oddzwaniać,折り返し電話,call back,1,present,0,0
"210","odganiać",odgani,odgani,odganiać,追い払う,drive away,1,present,0,0
"211","odgradzać",odgradz,odgradz,odgradzać,分ける,separate,1,present,0,0
"212","odgryzać",odgryz,odgryz,odgryzać,噛む,bite off,1,present,0,0
"213","odhaczać",odhacz,odhacz,odhaczać,怒らせる,tick off,1,present,0,0
"214","odjaniepawlać",odjaniepawl,odjaniepawl,odjaniepawlać,ベルチング,belching,1,present,0,0
"215","odjeżdżać",odjeżdż,odjeżdż,odjeżdżać,離れて乗る,ride away,1,present,0,0
"216","odkażać",odkaż,odkaż,odkażać,消毒,disinfect,1,present,0,0
"217","odklejać",odklej,odklej,odklejać,デタッチ,detach,1,present,0,0
"218","odkształcać",odkształc,odkształc,odkształcać,変形する,deform,1,present,0,0
"219","odkładać",odkład,odkład,odkładać,延期する,put off,1,present,0,0
"220","odlepiać",odlepi,odlepi,odlepiać,引き離す、はがす,unstick,1,present,0,0
"221","odliczać",odlicz,odlicz,odliczać,差し引く,deduct,1,present,0,0
"222","odmieniać",odmieni,odmieni,odmieniać,変化する,change,1,present,0,0
"223","odmierzać",odmierz,odmierz,odmierzać,測定する,measure out,1,present,0,0
"224","odmykać",odmyk,odmyk,odmykać,ロックを解除する,unlock,1,present,0,0
"225","odmóżdżać",odmóżdż,odmóżdż,odmóżdżać,くつろぐ,to unwind,1,present,0,0
"226","odmładzać",odmładz,odmładz,odmładzać,若返らせる,rejuvenate,1,present,0,0
"227","odnawiać",odnawi,odnawi,odnawiać,更新する,renew,1,present,0,0
"228","odosabniać",odosabni,odosabni,odosabniać,分離する,isolate,1,present,0,0
"229","odpalać",odpal,odpal,odpalać,起動する,fire up,1,present,0,0
"230","odparzać",odparz,odparz,odparzać,摩擦,chafing,1,present,0,0
"231","odpierać",odpier,odpier,odpierać,反撃する,to fight back,1,present,0,0
"232","odpierdalać",odpierdal,odpierdal,odpierdalać,ファックオフ,fuck off,1,present,0,0
"233","odpinać",odpin,odpin,odpinać,元に戻す,undo,1,present,0,0
"234","odplatać",odplat,odplat,odplatać,解く,unravel,1,present,0,0
"235","odprawiać",odprawi,odprawi,odprawiać,祝う,celebrate,1,present,0,0
"236","odprowadzać",odprowadz,odprowadz,odprowadzać,リードオフ,lead off,1,present,0,0
"237","odprężać",odpręż,odpręż,odprężać,リラックスする,to relax,1,present,0,0
"238","odpychać",odpych,odpych,odpychać,撃退,repel,1,present,0,0
"239","odpędzać",odpędz,odpędz,odpędzać,追い払う,drive away,1,present,0,0
"240","odrabiać",odrabi,odrabi,odrabiać,する,to do,1,present,0,0
"241","odraczać",odracz,odracz,odraczać,延期,defer,1,present,0,0
"242","odradzać",odradz,odradz,odradzać,復活する,revive,1,present,0,0
"243","odrastać",odrast,odrast,odrastać,成長する,grow back,1,present,0,0
"244","odrealniać",odrealni,odrealni,odrealniać,非現実的,unreal,1,present,0,0
"245","odrzekać",odrzek,odrzek,odrzekać,返事,reply,1,present,0,0
"246","odróżniać",odróżni,odróżni,odróżniać,区別,distinguish,1,present,0,0
"247","odstraszać",odstrasz,odstrasz,odstraszać,抑止する,deter,1,present,0,0
"248","odstręczać",odstręcz,odstręcz,odstręczać,抑止する,deter,1,present,0,0
"249","odsysać",odsys,odsys,odsysać,吸い取る,suck off,1,present,0,0
"250","odtaczać",odtacz,odtacz,odtaczać,ロールアウェイ,roll away,1,present,0,0
"251","odtajniać",odtajni,odtajni,odtajniać,分類解除,declassify,1,present,0,0
"252","odtwarzać",odtwarz,odtwarz,odtwarzać,再作成,recreate,1,present,0,0
"253","oduczać",oducz,oducz,oduczać,離乳,wean,1,present,0,0
"254","odurzać",odurz,odurz,odurzać,愚かな,stupefy,1,present,0,0
"255","odwalać",odwal,odwal,odwalać,腹を立てる,piss off,1,present,0,0
"256","odważać",odważ,odważ,odważać,あえて,to dare,1,present,0,0
"257","odwdzięczać",odwdzięcz,odwdzięcz,odwdzięczać,返済,repay,1,present,0,0
"258","odwiedzać",odwiedz,odwiedz,odwiedzać,訪問,visit,1,present,0,0
"259","odwlekać",odwlek,odwlek,odwlekać,先延ばしにする,procrastinate,1,present,0,0
"260","odwzajemniać",odwzajemni,odwzajemni,odwzajemniać,往復する,reciprocate,1,present,0,0
"261","odzierać",odzier,odzier,odzierać,取り除きます,strip off,1,present,0,0
"262","odznaczać",odznacz,odznacz,odznaczać,マークオフ,mark off,1,present,0,0
"263","odzwierciedlać",odzwierciedl,odzwierciedl,odzwierciedlać,反射,reflect,1,present,0,0
"264","odzywać",odzyw,odzyw,odzywać,話してください,speak back,1,present,0,0
"265","odłączać",odłącz,odłącz,odłączać,切断する,disconnect,1,present,0,0
"266","odśnieżać",odśnież,odśnież,odśnieżać,耕す,to plow,1,present,0,0
"267","odświeżać",odśwież,odśwież,odświeżać,リフレッシュ,refresh,1,present,0,0
"268","odżywiać",odżywi,odżywi,odżywiać,栄養を与える,nourish,1,present,0,0
"269","ogarniać",ogarni,ogarni,ogarniać,擁する,embrace,1,present,0,0
"270","ogałacać",ogałac,ogałac,ogałacać,それを取り除く,strip it,1,present,0,0
"271","ogołacać",ogołac,ogołac,ogołacać,取り除く,strip out,1,present,0,0
"272","ograbiać",ograbi,ograbi,ograbiać,略奪する,to plunder,1,present,0,0
"273","ogradzać",ogradz,ogradz,ogradzać,囲む,surround,1,present,0,0
"274","ograniczać",ogranicz,ogranicz,ograniczać,制限,restrict,1,present,0,0
"275","ogłuszać",ogłusz,ogłusz,ogłuszać,気絶,stun,1,present,0,0
"276","oklejać",oklej,oklej,oklejać,棒,stick,1,present,0,0
"277","okradać",okrad,okrad,okradać,ロブ,rob,1,present,0,0
"278","określać",określ,określ,określać,定義,define,1,present,0,0
"279","okrążać",okrąż,okrąż,okrążać,サークル,circle,1,present,0,0
"280","okładać",okład,okład,okładać,打つ,hit,1,present,0,0
"281","omamiać",omami,omami,omamiać,欺く,deceive,1,present,0,0
"282","onieśmielać",onieśmiel,onieśmiel,onieśmielać,威嚇する,intimidate,1,present,0,0
"283","opalać",opal,opal,opalać,日光浴,sunbathe,1,present,0,0
"284","opiekać",opiek,opiek,opiekać,トースト,toast,1,present,0,0
"285","opieprzać",opieprz,opieprz,opieprzać,ねじ込みます,screw up,1,present,0,0
"286","opierać",opier,opier,opierać,抵抗,resist,1,present,0,0
"287","opierdalać",opierdal,opierdal,opierdalać,ファックオフ,fuck off,1,present,0,0
"288","opijać",opij,opij,opijać,酔う,get drunk,1,present,0,0
"289","opinać",opin,opin,opinać,棒,stick,1,present,0,0
"290","oplatać",oplat,oplat,oplatać,絡み合う,entwine,1,present,0,0
"291","oporządzać",oporządz,oporządz,oporządzać,新郎,groom,1,present,0,0
"292","oprawiać",oprawi,oprawi,oprawiać,フレーム,frame,1,present,0,0
"293","opromieniać",opromieni,opromieni,opromieniać,応援,cheer,1,present,0,0
"294","oprowadzać",oprowadz,oprowadz,oprowadzać,ガイドする,to guide,1,present,0,0
"295","opychać",opych,opych,opychać,もの,stuff,1,present,0,0
"296","opylać",opyl,opyl,opylać,ほこり,dust,1,present,0,0
"297","opóźniać",opóźni,opóźni,opóźniać,遅れ,delay,1,present,0,0
"298","opędzać",opędz,opędz,opędzać,追い払う,drive away,1,present,0,0
"299","opłacać",opłac,opłac,opłacać,支払い,pay,1,present,0,0
"300","orzekać",orzek,orzek,orzekać,裁定する,adjudicate,1,present,0,0
"301","osaczać",osacz,osacz,osaczać,囲む,encircle,1,present,0,0
"302","osadzać",osadz,osadz,osadzać,埋め込む,embed,1,present,0,0
"303","osamotniać",osamotni,osamotni,osamotniać,さみしい,lonely,1,present,0,0
"304","osierocać",osieroc,osieroc,osierocać,孤児,orphan,1,present,0,0
"305","oskarżać",oskarż,oskarż,oskarżać,告発,accuse,1,present,0,0
"306","oskrzydlać",oskrzydl,oskrzydl,oskrzydlać,アウトフランク,outflank,1,present,0,0
"307","ostrzegać",ostrzeg,ostrzeg,ostrzegać,警告する,to warn,1,present,0,0
"308","ostudzać",ostudz,ostudz,ostudzać,いいね,cool,1,present,0,0
"309","ostygać",ostyg,ostyg,ostygać,涼む,cool off,1,present,0,0
"310","osuszać",osusz,osusz,osuszać,ドライ,dry,1,present,0,0
"311","oswajać",oswaj,oswaj,oswajać,飼いならされた,tame,1,present,0,0
"312","oszczędzać",oszczędz,oszczędz,oszczędzać,保存する,to save,1,present,0,0
"313","oszwabiać",oszwabi,oszwabi,oszwabiać,欺くために,to deceive,1,present,0,0
"314","osączać",osącz,osącz,osączać,囲む,encircle,1,present,0,0
"315","osądzać",osądz,osądz,osądzać,埋め込む,embed,1,present,0,0
"316","osłabiać",osłabi,osłabi,osłabiać,損なう,impair,1,present,0,0
"317","otaczać",otacz,otacz,otaczać,囲む,surround,1,present,0,0
"318","otrzeźwiać",otrzeźwi,otrzeźwi,otrzeźwiać,目を覚ます,sober up,1,present,0,0
"319","otrząsać",otrząs,otrząs,otrząsać,振り払う,shake off,1,present,0,0
"320","otulać",otul,otul,otulać,タックアップ,tuck up,1,present,0,0
"321","otumaniać",otumani,otumani,otumaniać,眩惑,daze,1,present,0,0
"322","otwierać",otwier,otwier,otwierać,開いた,open,1,present,0,0
"323","otępiać",otępi,otępi,otępiać,愚かな,stupefy,1,present,0,0
"324","owijać",owij,owij,owijać,包む,wrap,1,present,0,0
"325","oziębiać",oziębi,oziębi,oziębiać,いいね,cool,1,present,0,0
"326","oznaczać",oznacz,oznacz,oznaczać,平均,mean,1,present,0,0
"327","oznajmiać",oznajmi,oznajmi,oznajmiać,宣言する,declare,1,present,0,0
"328","oślepiać",oślepi,oślepi,oślepiać,まばゆい,dazzle,1,present,0,0
"329","ośmieszać",ośmiesz,ośmiesz,ośmieszać,嘲笑,ridicule,1,present,0,0
"330","oświadczać",oświadcz,oświadcz,oświadczać,宣言する,declare,1,present,0,0
"331","oświetlać",oświetl,oświetl,oświetlać,点灯,light up,1,present,0,0
"332","ożywiać",ożywi,ożywi,ożywiać,復活する,revive,1,present,0,0
"333","padać",pad,pad,padać,雨,rain,1,present,0,0
"334","pamiętać",pamięt,pamięt,pamiętać,覚えて,remember,1,present,0,0
"335","pasać",pas,pas,pasać,かすめる,to graze,1,present,0,0
"336","pobierać",pobier,pobier,pobierać,充電,charge,1,present,0,0
"337","pobudzać",pobudz,pobudz,pobudzać,刺激,stimulate,1,present,0,0
"338","pobłażać",pobłaż,pobłaż,pobłażać,ふける,indulge,1,present,0,0
"339","pochlebiać",pochlebi,pochlebi,pochlebiać,よりフラット,flatter,1,present,0,0
"340","pochwalać",pochwal,pochwal,pochwalać,承認,approve,1,present,0,0
"341","pochylać",pochyl,pochyl,pochylać,リーン,lean,1,present,0,0
"342","pochłaniać",pochłani,pochłani,pochłaniać,吸収する,absorb,1,present,0,0
"343","pocierać",pocier,pocier,pocierać,こする,rub,1,present,0,0
"344","pocieszać",pociesz,pociesz,pocieszać,快適,comfort,1,present,0,0
"345","poczynać",poczyn,poczyn,poczynać,続行します,to proceed,1,present,0,0
"346","podbierać",podbier,podbier,podbierać,マッチ,match,1,present,0,0
"347","podbijać",podbij,podbij,podbijać,征服する,to conquer,1,present,0,0
"348","podburzać",podburz,podburz,podburzać,扇動する,incite,1,present,0,0
"349","podcierać",podcier,podcier,podcierać,ワイプ,wipe,1,present,0,0
"350","podcinać",podcin,podcin,podcinać,アンダーカット,undercut,1,present,0,0
"351","podduszać",poddusz,poddusz,podduszać,むせさせる,choke,1,present,0,0
"352","podganiać",podgani,podgani,podganiać,応援,cheering,1,present,0,0
"353","podginać",podgin,podgin,podginać,曲げる,bend,1,present,0,0
"354","podjeżdżać",podjeżdż,podjeżdż,podjeżdżać,ドライブアップ,drive up,1,present,0,0
"355","podjudzać",podjudz,podjudz,podjudzać,猟犬,hound,1,present,0,0
"356","podkradać",podkrad,podkrad,podkradać,盗む,to steal,1,present,0,0
"357","podkreślać",podkreśl,podkreśl,podkreślać,下線を引く,underline,1,present,0,0
"358","podkręcać",podkręc,podkręc,podkręcać,微調整,tweak,1,present,0,0
"359","podkurczać",podkurcz,podkurcz,podkurczać,くるくるする,curl up,1,present,0,0
"360","podkładać",podkład,podkład,podkładać,置く,put,1,present,0,0
"361","podlegać",podleg,podleg,podlegać,の対象となります,be subject to,1,present,0,0
"362","podliczać",podlicz,podlicz,podliczać,追加,add,1,present,0,0
"363","podmieniać",podmieni,podmieni,podmieniać,交換,replace,1,present,0,0
"364","podniecać",podniec,podniec,podniecać,エキサイト,excite,1,present,0,0
"365","podpalać",podpal,podpal,podpalać,燃えた,burn,1,present,0,0
"366","podpierać",podpier,podpier,podpierać,サポート,support,1,present,0,0
"367","podpierdalać",podpierdal,podpierdal,podpierdalać,ファックオフ,fuck off,1,present,0,0
"368","podpinać",podpin,podpin,podpinać,つなぐ,hook up,1,present,0,0
"369","podpowiadać",podpowiad,podpowiad,podpowiadać,促す,prompt,1,present,0,0
"370","podprawiać",podprawi,podprawi,podprawiać,味付けする,season it,1,present,0,0
"371","podrabiać",podrabi,podrabi,podrabiać,偽造,counterfeit,1,present,0,0
"372","podrywać",podryw,podryw,podrywać,選び出す,pick up,1,present,0,0
"373","podrzynać",podrzyn,podrzyn,podrzynać,切り落とす,cut off,1,present,0,0
"374","podsycać",podsyc,podsyc,podsycać,燃料へ,to fuel,1,present,0,0
"375","podsychać",podsych,podsych,podsychać,乾く,dry up,1,present,0,0
"376","podszkalać",podszkal,podszkal,podszkalać,受けた,undergone,1,present,0,0
"377","poduczać",poducz,poducz,poduczać,教えるために,to teach,1,present,0,0
"378","podważać",podważ,podważ,podważać,弱体化,undermine,1,present,0,0
"379","podwijać",podwij,podwij,podwijać,タック,tuck,1,present,0,0
"380","podwędzać",podwędz,podwędz,podwędzać,煙,smoke,1,present,0,0
"381","podzielać",podziel,podziel,podzielać,シェア,share,1,present,0,0
"382","podążać",podąż,podąż,podążać,フォローする,to follow,1,present,0,0
"383","podłączać",podłącz,podłącz,podłączać,接続,connect,1,present,0,0
"384","poganiać",pogani,pogani,poganiać,ドライブ,drive,1,present,0,0
"385","pogardzać",pogardz,pogardz,pogardzać,軽蔑する,despise,1,present,0,0
"386","pogarszać",pogarsz,pogarsz,pogarszać,悪化する,worsen,1,present,0,0
"387","pogrubiać",pogrubi,pogrubi,pogrubiać,大胆な,bold,1,present,0,0
"388","pogrążać",pogrąż,pogrąż,pogrążać,急落,plunge,1,present,0,0
"389","pogłębiać",pogłębi,pogłębi,pogłębiać,深める,deepen,1,present,0,0
"390","pojawiać",pojawi,pojawi,pojawiać,現れる,appear,1,present,0,0
"391","pokrzepiać",pokrzepi,pokrzepi,pokrzepiać,リフレッシュ,refresh,1,present,0,0
"392","pokręcać",pokręc,pokręc,pokręcać,ねじれ,twist,1,present,0,0
"393","pokwitać",pokwit,pokwit,pokwitać,認める,to admit,1,present,0,0
"394","polecać",polec,polec,polecać,お勧め,recommend,1,present,0,0
"395","polegać",poleg,poleg,polegać,頼る,rely,1,present,0,0
"396","poluźniać",poluźni,poluźni,poluźniać,緩める,loosen up,1,present,0,0
"397","pomagać",pomag,pomag,pomagać,ヘルプ,help,1,present,0,0
"398","pomawiać",pomawi,pomawi,pomawiać,告発,accuse,1,present,0,0
"399","pomiatać",pomiat,pomiat,pomiatać,掃く,sweep,1,present,0,0
"400","pomieszczać",pomieszcz,pomieszcz,pomieszczać,収容,accommodate,1,present,0,0
"401","pomnażać",pomnaż,pomnaż,pomnażać,かける,multiply,1,present,0,0
"402","pomniejszać",pomniejsz,pomniejsz,pomniejszać,減らす,reduce,1,present,0,0
"403","pomykać",pomyk,pomyk,pomykać,横滑り,skidding,1,present,0,0
"404","ponawiać",ponawi,ponawi,ponawiać,更新する,renew,1,present,0,0
"405","poniżać",poniż,poniż,poniżać,屈辱,humiliate,1,present,0,0
"406","popełniać",popełni,popełni,popełniać,専念,commit,1,present,0,0
"407","popierać",popier,popier,popierać,サポート,support,1,present,0,0
"408","popijać",popij,popij,popijać,一口,sip,1,present,0,0
"409","poprawiać",poprawi,poprawi,poprawiać,正しい,correct,1,present,0,0
"410","poprzedzać",poprzedz,poprzedz,poprzedzać,先行する,precede,1,present,0,0
"411","popychać",popych,popych,popychać,押す,push,1,present,0,0
"412","popędzać",popędz,popędz,popędzać,鉄道,railroad,1,present,0,0
"413","porabiać",porabi,porabi,porabiać,乗っている,be getting on,1,present,0,0
"414","porastać",porast,porast,porastać,生い茂る,overgrow,1,present,0,0
"415","porażać",poraż,poraż,porażać,ショック,shock,1,present,0,0
"416","poruszać",porusz,porusz,poruszać,動く,move,1,present,0,0
"417","porywać",poryw,poryw,porywać,誘拐する,to kidnap,1,present,0,0
"418","poróżniać",poróżni,poróżni,poróżniać,違いが生じる・異なる,make a difference,1,present,0,0
"419","poręczać",poręcz,poręcz,poręczać,保証する,to guarantee,1,present,0,0
"420","poskramiać",poskrami,poskrami,poskramiać,抑制,restrain,1,present,0,0
"421","pospieszać",pospiesz,pospiesz,pospieszać,急いで,hasten,1,present,0,0
"422","posrebrzać",posrebrz,posrebrz,posrebrzać,葉状,foliate,1,present,0,0
"423","postanawiać",postanawi,postanawi,postanawiać,決めます,decide,1,present,0,0
"424","postrzegać",postrzeg,postrzeg,postrzegać,知覚,perceive,1,present,0,0
"425","poszerzać",poszerz,poszerz,poszerzać,広げる,broaden,1,present,0,0
"426","posądzać",posądz,posądz,posądzać,容疑者,suspect,1,present,0,0
"427","potrząsać",potrząs,potrząs,potrząsać,振る,shake,1,present,0,0
"428","potwierdzać",potwierdz,potwierdz,potwierdzać,確認,confirm,1,present,0,0
"429","potępiać",potępi,potępi,potępiać,非難する,condemn,1,present,0,0
"430","pouczać",poucz,poucz,pouczać,教える,teach,1,present,0,0
"431","powalać",powal,powal,powalać,倒す,knock down,1,present,0,0
"432","poważać",poważ,poważ,poważać,尊敬する,respect,1,present,0,0
"433","powierzać",powierz,powierz,powierzać,委託する,entrust,1,present,0,0
"434","powijać",powij,powij,powijać,巻き上げる,roll up,1,present,0,0
"435","powiększać",powiększ,powiększ,powiększać,増加,increase,1,present,0,0
"436","powlekać",powlek,powlek,powlekać,コーティングする,to coat,1,present,0,0
"437","pozbawiać",pozbawi,pozbawi,pozbawiać,奪う,deprive,1,present,0,0
"438","pozostawiać",pozostawi,pozostawi,pozostawiać,離れる,leave,1,present,0,0
"439","pozwalać",pozwal,pozwal,pozwalać,させて,let,1,present,0,0
"440","pozywać",pozyw,pozyw,pozywać,訴える,sue,1,present,0,0
"441","pozłacać",pozłac,pozłac,pozłacać,ギルド,gild,1,present,0,0
"442","poślubiać",poślubi,poślubi,poślubiać,結婚する,marry,1,present,0,0
"443","pośpieszać",pośpiesz,pośpiesz,pośpieszać,急いで,hasten,1,present,0,0
"444","poświadczać",poświadcz,poświadcz,poświadczać,証明する,certify,1,present,0,0
"445","pożerać",pożer,pożer,pożerać,むさぼり食う,devour,1,present,0,0
"446","pożyczać",pożycz,pożycz,pożyczać,借りる,to borrow,1,present,0,0
"447","pożywiać",pożywi,pożywi,pożywiać,栄養を与える,nourish,1,present,0,0
"448","prowadzać",prowadz,prowadz,prowadzać,リード,lead,1,present,0,0
"449","przebaczać",przebacz,przebacz,przebaczać,許す,forgive,1,present,0,0
"450","przebierać",przebier,przebier,przebierać,ドレス,dress,1,present,0,0
"451","przebijać",przebij,przebij,przebijać,ピアス,pierce,1,present,0,0
"452","przebudzać",przebudz,przebudz,przebudzać,目覚め,awaken,1,present,0,0
"453","przeceniać",przeceni,przeceni,przeceniać,過大評価,overestimate,1,present,0,0
"454","przechwycać",przechwyc,przechwyc,przechwycać,傍受,intercept,1,present,0,0
"455","przechylać",przechyl,przechyl,przechylać,傾ける,tilt,1,present,0,0
"456","przechytrzać",przechytrz,przechytrz,przechytrzać,アウトスマート,outsmart,1,present,0,0
"457","przeciekać",przeciek,przeciek,przeciekać,リーク,leak,1,present,0,0
"458","przecinać",przecin,przecin,przecinać,切る,cut,1,present,0,0
"459","przeczyszczać",przeczyszcz,przeczyszcz,przeczyszczać,パージ,purge,1,present,0,0
"460","przedawniać",przedawni,przedawni,przedawniać,期限切れ,expire,1,present,0,0
"461","przedrzeźniać",przedrzeźni,przedrzeźni,przedrzeźniać,模倣する,mimic,1,present,0,0
"462","przedstawiać",przedstawi,przedstawi,przedstawiać,現在,present,1,present,0,0
"463","przedzielać",przedziel,przedziel,przedzielać,部,part,1,present,0,0
"464","przeganiać",przegani,przegani,przeganiać,追跡,chase,1,present,0,0
"465","przegapiać",przegapi,przegapi,przegapiać,逃した,missed,1,present,0,0
"466","przeginać",przegin,przegin,przeginać,やり過ぎ,overdo it,1,present,0,0
"467","przegradzać",przegradz,przegradz,przegradzać,分ける,separate,1,present,0,0
"468","przegryzać",przegryz,przegryz,przegryzać,噛む,bite through,1,present,0,0
"469","przeinaczać",przeinacz,przeinacz,przeinaczać,ねじれ,twist,1,present,0,0
"470","przeistaczać",przeistacz,przeistacz,przeistaczać,変身,transform,1,present,0,0
"471","przejaśniać",przejaśni,przejaśni,przejaśniać,クリア,clear,1,present,0,0
"472","przejeżdżać",przejeżdż,przejeżdż,przejeżdżać,ドライブスルー,drive through,1,present,0,0
"473","przejęzyczać",przejęzycz,przejęzycz,przejęzyczać,怠惰,laze,1,present,0,0
"474","przekabacać",przekabac,przekabac,przekabacać,ゲインオーバー,gain over,1,present,0,0
"475","przeklinać",przeklin,przeklin,przeklinać,呪い,curse,1,present,0,0
"476","przekomarzać",przekomarz,przekomarz,przekomarzać,バンター,banter,1,present,0,0
"477","przekreślać",przekreśl,przekreśl,przekreślać,取り消し線,cross out,1,present,0,0
"478","przekręcać",przekręc,przekręc,przekręcać,順番,turn,1,present,0,0
"479","przekształcać",przekształc,przekształc,przekształcać,変身,transform,1,present,0,0
"480","przekwitać",przekwit,przekwit,przekwitać,枯れる,wither,1,present,0,0
"481","przekąszać",przekąsz,przekąsz,przekąszać,スナック,snack,1,present,0,0
"482","przekładać",przekład,przekład,przekładać,翻訳,translate,1,present,0,0
"483","przeliczać",przelicz,przelicz,przeliczać,再集計,recount,1,present,0,0
"484","przemagać",przemag,przemag,przemagać,暴力,violence,1,present,0,0
"485","przemieniać",przemieni,przemieni,przemieniać,変身,transform,1,present,0,0
"486","przemierzać",przemierz,przemierz,przemierzać,さまよう,wander,1,present,0,0
"487","przemieszczać",przemieszcz,przemieszcz,przemieszczać,動く,move,1,present,0,0
"488","przemilczać",przemilcz,przemilcz,przemilczać,静かに,keep silent,1,present,0,0
"489","przemycać",przemyc,przemyc,przemycać,密輸,smuggle,1,present,0,0
"490","przemykać",przemyk,przemyk,przemykać,こっそり,sneak by,1,present,0,0
"491","przenikać",przenik,przenik,przenikać,浸透する,penetrate,1,present,0,0
"492","przeobrażać",przeobraż,przeobraż,przeobrażać,変身,transform,1,present,0,0
"493","przeoczać",przeocz,przeocz,przeoczać,見落とす,overlook,1,present,0,0
"494","przepajać",przepaj,przepaj,przepajać,注入する,infuse,1,present,0,0
"495","przepełniać",przepełni,przepełni,przepełniać,オーバーフィル,overfill,1,present,0,0
"496","przepierać",przepier,przepier,przepierać,押し通します,push through,1,present,0,0
"497","przepierdalać",przepierdal,przepierdal,przepierdalać,ファックオフ,fuck off,1,present,0,0
"498","przepijać",przepij,przepij,przepijać,ガズル,guzzle,1,present,0,0
"499","przeplatać",przeplat,przeplat,przeplatać,インターレース,interlace,1,present,0,0
"500","przepoczwarzać",przepoczwarz,przepoczwarz,przepoczwarzać,蛹,pupate,1,present,0,0
"501","przepoławiać",przepoławi,przepoławi,przepoławiać,バイセクト,bisect,1,present,0,0
"502","przeprawiać",przeprawi,przeprawi,przeprawiać,取り次ぐ,convey,1,present,0,0
"503","przeprowadzać",przeprowadz,przeprowadz,przeprowadzać,運ぶ,carry,1,present,0,0
"504","przepychać",przepych,przepych,przepychać,プッシュする,to push,1,present,0,0
"505","przepędzać",przepędz,przepędz,przepędzać,ドライブ,drive,1,present,0,0
"506","przepłacać",przepłac,przepłac,przepłacać,過払い,overpay,1,present,0,0
"507","przerabiać",przerabi,przerabi,przerabiać,リサイクル,recycle,1,present,0,0
"508","przerastać",przerast,przerast,przerastać,超える,surpass,1,present,0,0
"509","przerażać",przeraż,przeraż,przerażać,怖がらせる,frighten,1,present,0,0
"510","przerywać",przeryw,przeryw,przerywać,止まる,stop,1,present,0,0
"511","przerzedzać",przerzedz,przerzedz,przerzedzać,間引く,thin out,1,present,0,0
"512","przesadzać",przesadz,przesadz,przesadzać,事前判断,prejudge,1,present,0,0
"513","przestraszać",przestrasz,przestrasz,przestraszać,怖がらせること,to scare,1,present,0,0
"514","przestrzegać",przestrzeg,przestrzeg,przestrzegać,観察する,observe,1,present,0,0
"515","przesychać",przesych,przesych,przesychać,完全に乾く,dry out,1,present,0,0
"516","przeszkadzać",przeszkadz,przeszkadz,przeszkadzać,邪魔する,to disturb,1,present,0,0
"517","przeszkalać",przeszkal,przeszkal,przeszkalać,歪める,to distort,1,present,0,0
"518","przesączać",przesącz,przesącz,przesączać,フィルター,filter,1,present,0,0
"519","przesądzać",przesądz,przesądz,przesądzać,事前判断,prejudge,1,present,0,0
"520","przesłaniać",przesłani,przesłani,przesłaniać,あいまい,obscure,1,present,0,0
"521","przetaczać",przetacz,przetacz,przetaczać,ロール,roll,1,present,0,0
"522","przetrzebiać",przetrzebi,przetrzebi,przetrzebiać,間引,decimate,1,present,0,0
"523","przetłaczać",przetłacz,przetłacz,przetłaczać,ポンプ,pump,1,present,0,0
"524","przewalać",przewal,przewal,przewalać,ロール,roll,1,present,0,0
"525","przeważać",przeważ,przeważ,przeważać,上回る,outweigh,1,present,0,0
"526","przewietrzać",przewietrz,przewietrz,przewietrzać,換気する,ventilate,1,present,0,0
"527","przewijać",przewij,przewij,przewijać,スクロール,scroll,1,present,0,0
"528","przeznaczać",przeznacz,przeznacz,przeznaczać,割り当てる,allocate,1,present,0,0
"529","przezywać",przezyw,przezyw,przezywać,名前,name,1,present,0,0
"530","przełączać",przełącz,przełącz,przełączać,切り替える,to switch,1,present,0,0
"531","przeświadczać",przeświadcz,przeświadcz,przeświadczać,証言する,to testify,1,present,0,0
"532","prześwietlać",prześwietl,prześwietl,prześwietlać,X線,x-ray,1,present,0,0
"533","przeżerać",przeżer,przeżer,przeżerać,むさぼり食う,devour,1,present,0,0
"534","przybierać",przybier,przybier,przybierać,取った,take,1,present,0,0
"535","przybijać",przybij,przybij,przybijać,見極めます,nail down,1,present,0,0
"536","przychylać",przychyl,przychyl,przychylać,曲げる,bend,1,present,0,0
"537","przycichać",przycich,przycich,przycichać,静かにする,to quiet down,1,present,0,0
"538","przycinać",przycin,przycin,przycinać,プルーン,prune,1,present,0,0
"539","przyczyniać",przyczyni,przyczyni,przyczyniać,助ける,contribute,1,present,0,0
"540","przydarzać",przydarz,przydarz,przydarzać,起こる,happen,1,present,0,0
"541","przyduszać",przydusz,przydusz,przyduszać,むせさせる,choke,1,present,0,0
"542","przydzielać",przydziel,przydziel,przydzielać,割当,assign,1,present,0,0
"543","przydzwaniać",przydzwani,przydzwani,przydzwaniać,呼び出し,calling,1,present,0,0
"544","przygarniać",przygarni,przygarni,przygarniać,採用,adopt,1,present,0,0
"545","przygniatać",przygniat,przygniat,przygniatać,圧倒する,overwhelm,1,present,0,0
"546","przygryzać",przygryz,przygryz,przygryzać,一口,bite,1,present,0,0
"547","przygważdżać",przygważdż,przygważdż,przygważdżać,突き止める,pin down,1,present,0,0
"548","przyjeżdżać",przyjeżdż,przyjeżdż,przyjeżdżać,到着する,to arrive,1,present,0,0
"549","przyklejać",przyklej,przyklej,przyklejać,棒,stick,1,present,0,0
"550","przykręcać",przykręc,przykręc,przykręcać,スクリュー,screw,1,present,0,0
"551","przykładać",przykład,przykład,przykładać,申し込み,apply,1,present,0,0
"552","przylepiać",przylepi,przylepi,przylepiać,棒,stick,1,present,0,0
"553","przylewać",przylew,przylew,przylewać,注ぎ入れる,pour in,1,present,0,0
"554","przymarzać",przymarz,przymarz,przymarzać,氷結,freeze,1,present,0,0
"555","przymawiać",przymawi,przymawi,przymawiać,納得させる,to convince,1,present,0,0
"556","przymierzać",przymierz,przymierz,przymierzać,試す,try on,1,present,0,0
"557","przymilać",przymil,przymil,przymilać,だまします,to coax,1,present,0,0
"558","przymykać",przymyk,przymyk,przymykać,閉じる,close up,1,present,0,0
"559","przyoblekać",przyoblek,przyoblek,przyoblekać,つける,put on,1,present,0,0
"560","przypalać",przypal,przypal,przypalać,燃えた,burn,1,present,0,0
"561","przypiekać",przypiek,przypiek,przypiekać,焦げ,scorch,1,present,0,0
"562","przypierać",przypier,przypier,przypierać,押す,press,1,present,0,0
"563","przypinać",przypin,przypin,przypinać,ピン留めします,pin it on,1,present,0,0
"564","przypochlebiać",przypochlebi,przypochlebi,przypochlebiać,よりフラット,flatter,1,present,0,0
"565","przypominać",przypomin,przypomin,przypominać,思い出させる,remind,1,present,0,0
"566","przyprawiać",przyprawi,przyprawi,przyprawiać,シーズン,season,1,present,0,0
"567","przyprowadzać",przyprowadz,przyprowadz,przyprowadzać,持っていく,bring,1,present,0,0
"568","przyprószać",przyprósz,przyprósz,przyprószać,振りかける,sprinkle,1,present,0,0
"569","przyrastać",przyrast,przyrast,przyrastać,増加,increase,1,present,0,0
"570","przyrzekać",przyrzek,przyrzek,przyrzekać,お約束します,to promise,1,present,0,0
"571","przyrządzać",przyrządz,przyrządz,przyrządzać,準備,prepare,1,present,0,0
"572","przysiadać",przysiad,przysiad,przysiadać,座る,sit,1,present,0,0
"573","przyskrzyniać",przyskrzyni,przyskrzyni,przyskrzyniać,クラッシュする,to crash,1,present,0,0
"574","przysparzać",przysparz,przysparz,przysparzać,発生する,accrue,1,present,0,0
"575","przysposabiać",przysposabi,przysposabi,przysposabiać,準備,prepare,1,present,0,0
"576","przystawiać",przystawi,przystawi,przystawiać,つける,put on,1,present,0,0
"577","przystrajać",przystraj,przystraj,przystrajać,飾る,adorn,1,present,0,0
"578","przyswajać",przyswaj,przyswaj,przyswajać,同化する,assimilate,1,present,0,0
"579","przysychać",przysych,przysych,przysychać,枯渇,drying up,1,present,0,0
"580","przysysać",przysys,przysys,przysysać,吸う,suck,1,present,0,0
"581","przyszpilać",przyszpil,przyszpil,przyszpilać,突き止める,pin down,1,present,0,0
"582","przysłaniać",przysłani,przysłani,przysłaniać,隠ぺいする,cover up,1,present,0,0
"583","przytaczać",przytacz,przytacz,przytaczać,見積もり,quote,1,present,0,0
"584","przytulać",przytul,przytul,przytulać,抱擁,hug,1,present,0,0
"585","przytwierdzać",przytwierdz,przytwierdz,przytwierdzać,添付,attach,1,present,0,0
"586","przytępiać",przytępi,przytępi,przytępiać,鈍い,dull,1,present,0,0
"587","przytłaczać",przytłacz,przytłacz,przytłaczać,重量を量る,weigh down,1,present,0,0
"588","przytłumiać",przytłumi,przytłumi,przytłumiać,窒息する,stifle,1,present,0,0
"589","przyuczać",przyucz,przyucz,przyuczać,慣れる,accustom,1,present,0,0
"590","przywalać",przywal,przywal,przywalać,スマック,smack,1,present,0,0
"591","przywierać",przywier,przywier,przywierać,棒,stick,1,present,0,0
"592","przywłaszczać",przywłaszcz,przywłaszcz,przywłaszczać,奪う,usurp,1,present,0,0
"593","przyzwyczajać",przyzwyczaj,przyzwyczaj,przyzwyczajać,慣れる,getting used to,1,present,0,0
"594","przyłączać",przyłącz,przyłącz,przyłączać,加入,join,1,present,0,0
"595","pykać",pyk,pyk,pykać,バブル,bubble,1,present,0,0
"596","rozanielać",rozaniel,rozaniel,rozanielać,こぼれ,spill,1,present,0,0
"597","rozbestwiać",rozbestwi,rozbestwi,rozbestwiać,醸し出す,engender,1,present,0,0
"598","rozbierać",rozbier,rozbier,rozbierać,服を脱ぐ,undress,1,present,0,0
"599","rozbijać",rozbij,rozbij,rozbijać,スマッシュ,smash,1,present,0,0
"600","rozbrajać",rozbraj,rozbraj,rozbrajać,武装解除,disarm,1,present,0,0
"601","rozbudzać",rozbudz,rozbudz,rozbudzać,目覚め,awaken,1,present,0,0
"602","rozchmurzać",rozchmurz,rozchmurz,rozchmurzać,元気づける,cheer up,1,present,0,0
"603","rozchylać",rozchyl,rozchyl,rozchylać,部,part,1,present,0,0
"604","rozcinać",rozcin,rozcin,rozcinać,切り開く,cut open,1,present,0,0
"605","rozczulać",rozczul,rozczul,rozczulać,触る,to touch,1,present,0,0
"606","rozdrabniać",rozdrabni,rozdrabni,rozdrabniać,打ち砕く,crush,1,present,0,0
"607","rozdymać",rozdym,rozdym,rozdymać,膨らませる,inflate,1,present,0,0
"608","rozdziawiać",rozdziawi,rozdziawi,rozdziawiać,広く開く,open wide,1,present,0,0
"609","rozdzielać",rozdziel,rozdziel,rozdzielać,スプリット,split,1,present,0,0
"610","rozdzierać",rozdzier,rozdzier,rozdzierać,破れ目,tear,1,present,0,0
"611","rozdziewiczać",rozdziewicz,rozdziewicz,rozdziewiczać,花を咲かせる,deflower,1,present,0,0
"612","rozganiać",rozgani,rozgani,rozganiać,分散する,disperse,1,present,0,0
"613","rozgarniać",rozgarni,rozgarni,rozgarniać,部,part,1,present,0,0
"614","rozgaszczać",rozgaszcz,rozgaszcz,rozgaszczać,甘やかす,pamper,1,present,0,0
"615","rozgałęziać",rozgałęzi,rozgałęzi,rozgałęziać,分岐,ramify,1,present,0,0
"616","rozgramiać",rozgrami,rozgrami,rozgramiać,打ち砕く,crush,1,present,0,0
"617","rozgraniczać",rozgranicz,rozgranicz,rozgraniczać,境界を定める,demarcate,1,present,0,0
"618","rozgryzać",rozgryz,rozgryz,rozgryzać,かみます,chew on,1,present,0,0
"619","rozgwieżdżać",rozgwieżdż,rozgwieżdż,rozgwieżdżać,星空,starry,1,present,0,0
"620","rozjaśniać",rozjaśni,rozjaśni,rozjaśniać,明るくする,brighten,1,present,0,0
"621","rozjuszać",rozjusz,rozjusz,rozjuszać,激怒する,enrage,1,present,0,0
"622","rozjątrzać",rozjątrz,rozjątrz,rozjątrzać,悪化させる,exacerbate,1,present,0,0
"623","rozkradać",rozkrad,rozkrad,rozkradać,盗む,to steal,1,present,0,0
"624","rozkręcać",rozkręc,rozkręc,rozkręcać,ネジを緩めます,unscrew,1,present,0,0
"625","rozkwitać",rozkwit,rozkwit,rozkwitać,花,blossom,1,present,0,0
"626","rozkładać",rozkład,rozkład,rozkładać,展開する,unfold,1,present,0,0
"627","rozleniwiać",rozleniwi,rozleniwi,rozleniwiać,あなたを怠惰にする,make you lazy,1,present,0,0
"628","rozliczać",rozlicz,rozlicz,rozliczać,アカウント,account for,1,present,0,0
"629","rozmieniać",rozmieni,rozmieni,rozmieniać,変化する,change,1,present,0,0
"630","rozmieszczać",rozmieszcz,rozmieszcz,rozmieszczać,整える,arrange,1,present,0,0
"631","rozmyślać",rozmyśl,rozmyśl,rozmyślać,瞑想する,meditate,1,present,0,0
"632","rozpalać",rozpal,rozpal,rozpalać,キンドル,kindle,1,present,0,0
"633","rozpierać",rozpier,rozpier,rozpierać,広がる,spread out,1,present,0,0
"634","rozpierdalać",rozpierdal,rozpierdal,rozpierdalać,ファックオフ,fuck off,1,present,0,0
"635","rozpinać",rozpin,rozpin,rozpinać,ボタンを外す,unbutton,1,present,0,0
"636","rozplatać",rozplat,rozplat,rozplatać,解く,unravel,1,present,0,0
"637","rozpogadzać",rozpogadz,rozpogadz,rozpogadzać,明るくする,lighten up,1,present,0,0
"638","rozporządzać",rozporządz,rozporządz,rozporządzać,廃棄,dispose,1,present,0,0
"639","rozpościerać",rozpościer,rozpościer,rozpościerać,広がる,spread out,1,present,0,0
"640","rozpraszać",rozprasz,rozprasz,rozpraszać,気を散らす,distract,1,present,0,0
"641","rozprawiać",rozprawi,rozprawi,rozprawiać,話し合います,discuss,1,present,0,0
"642","rozprawiczać",rozprawicz,rozprawicz,rozprawiczać,取り締まる,crack down,1,present,0,0
"643","rozpromieniać",rozpromieni,rozpromieni,rozpromieniać,輝き,glow,1,present,0,0
"644","rozprowadzać",rozprowadz,rozprowadz,rozprowadzać,分配します,distribute,1,present,0,0
"645","rozpychać",rozpych,rozpych,rozpychać,肘,elbow,1,present,0,0
"646","rozpędzać",rozpędz,rozpędz,rozpędzać,分散する,disperse,1,present,0,0
"647","rozrabiać",rozrabi,rozrabi,rozrabiać,めちゃくちゃにする,to mess up,1,present,0,0
"648","rozrastać",rozrast,rozrast,rozrastać,拡大,expand,1,present,0,0
"649","rozrywać",rozryw,rozryw,rozrywać,引き裂く,tear apart,1,present,0,0
"650","rozrzedzać",rozrzedz,rozrzedz,rozrzedzać,薄い,thin,1,present,0,0
"651","rozróżniać",rozróżni,rozróżni,rozróżniać,差別化する,to differentiate,1,present,0,0
"652","rozsadzać",rozsadz,rozsadz,rozsadzać,ジャッジ,judge,1,present,0,0
"653","rozsierdzać",rozsierdz,rozsierdz,rozsierdzać,あなたを怒らせる,make you angry,1,present,0,0
"654","rozstrajać",rozstraj,rozstraj,rozstrajać,混乱させる,disrupt,1,present,0,0
"655","rozsychać",rozsych,rozsych,rozsychać,乾く,dry up,1,present,0,0
"656","rozszerzać",rozszerz,rozszerz,rozszerzać,拡大,expand,1,present,0,0
"657","rozsławiać",rozsławi,rozsławi,rozsławiać,栄光を与えるために,to glorify,1,present,0,0
"658","roztapiać",roztapi,roztapi,roztapiać,溶けた,melt,1,present,0,0
"659","roztkliwiać",roztkliwi,roztkliwi,roztkliwiać,私に触れて,touch me,1,present,0,0
"660","roztrwaniać",roztrwani,roztrwani,roztrwaniać,浪費家,squander,1,present,0,0
"661","rozwalać",rozwal,rozwal,rozwalać,スマッシュ,smash,1,present,0,0
"662","rozważać",rozważ,rozważ,rozważać,考慮する,to consider,1,present,0,0
"663","rozweselać",rozwesel,rozwesel,rozweselać,元気づける,cheer up,1,present,0,0
"664","rozwidlać",rozwidl,rozwidl,rozwidlać,フォーク,fork,1,present,0,0
"665","rozwidniać",rozwidni,rozwidni,rozwidniać,点灯,light up,1,present,0,0
"666","rozwierać",rozwier,rozwier,rozwierać,開く,open up,1,present,0,0
"667","rozwijać",rozwij,rozwij,rozwijać,開発する,to develop,1,present,0,0
"668","rozwydrzać",rozwydrz,rozwydrz,rozwydrzać,フリル,ruffle,1,present,0,0
"669","rozwścieczać",rozwściecz,rozwściecz,rozwścieczać,激怒する,to infuriate,1,present,0,0
"670","rozłączać",rozłącz,rozłącz,rozłączać,切断する,disconnect,1,present,0,0
"671","rozśmieszać",rozśmiesz,rozśmiesz,rozśmieszać,アミューズ,amuse,1,present,0,0
"672","rozświetlać",rozświetl,rozświetl,rozświetlać,ライト,light,1,present,0,0
"673","rozżarzać",rozżarz,rozżarz,rozżarzać,キンドル,kindle,1,present,0,0
"674","ruszać",rusz,rusz,ruszać,動く,move,1,present,0,0
"675","rzucać",rzuc,rzuc,rzucać,投げる,throw,1,present,0,0
"676","sadzać",sadz,sadz,sadzać,シート,seat,1,present,0,0
"677","scalać",scal,scal,scalać,マージ,merge,1,present,0,0
"678","schlebiać",schlebi,schlebi,schlebiać,よりフラット,flatter,1,present,0,0
"679","schrzaniać",schrzani,schrzani,schrzaniać,ねじ込みます,screw up,1,present,0,0
"680","schylać",schyl,schyl,schylać,かがむ,bend down,1,present,0,0
"681","schładzać",schładz,schładz,schładzać,クールダウン,cool down,1,present,0,0
"682","sczyszczać",sczyszcz,sczyszcz,sczyszczać,ブラッシュアウェイ,brush away,1,present,0,0
"683","siodłać",siodł,siodł,siodłać,サドル,saddle,1,present,0,0
"684","siąkać",siąk,siąk,siąkać,スニフ,sniff,1,present,0,0
"685","skażać",skaż,skaż,skażać,有罪判決,convict,1,present,0,0
"686","sklejać",sklej,sklej,sklejać,くっつく,stick together,1,present,0,0
"687","skracać",skrac,skrac,skracać,短くする,shorten,1,present,0,0
"688","skradać",skrad,skrad,skradać,抜け出す,to sneak,1,present,0,0
"689","skrapiać",skrapi,skrapi,skrapiać,振りかける,sprinkle,1,present,0,0
"690","skraplać",skrapl,skrapl,skraplać,凝縮,condense,1,present,0,0
"691","skreślać",skreśl,skreśl,skreślać,掻き毟ります,scratch off,1,present,0,0
"692","skrzywiać",skrzywi,skrzywi,skrzywiać,曲線,curve,1,present,0,0
"693","skręcać",skręc,skręc,skręcać,順番,turn,1,present,0,0
"694","skulać",skul,skul,skulać,しゃがむ,crouch,1,present,0,0
"695","skupiać",skupi,skupi,skupiać,集中,focus,1,present,0,0
"696","składać",skład,skład,składać,参加する,submit,1,present,0,0
"697","skłaniać",skłani,skłani,skłaniać,誘発する,induce,1,present,0,0
"698","spadać",spad,spad,spadać,秋,fall,1,present,0,0
"699","spajać",spaj,spaj,spajać,つなぐ,bond,1,present,0,0
"700","spalać",spal,spal,spalać,燃やす,to burn,1,present,0,0
"701","spełniać",spełni,spełni,spełniać,満たす,fulfill,1,present,0,0
"702","spiekać",spiek,spiek,spiekać,焼結する,to sinter,1,present,0,0
"703","spieniać",spieni,spieni,spieniać,泡,froth,1,present,0,0
"704","spieniężać",spienięż,spienięż,spieniężać,現金,cash,1,present,0,0
"705","spieprzać",spieprz,spieprz,spieprzać,ねじ込みます,screw up,1,present,0,0
"706","spierać",spier,spier,spierać,口論,argue,1,present,0,0
"707","spierdalać",spierdal,spierdal,spierdalać,ファックオフ,fuck off,1,present,0,0
"708","spijać",spij,spij,spijać,飲む,drink,1,present,0,0
"709","spinać",spin,spin,spinać,固定する,fasten,1,present,0,0
"710","spiętrzać",spiętrz,spiętrz,spiętrzać,積み上げる,pile up,1,present,0,0
"711","splatać",splat,splat,splatać,もつれ,tangle,1,present,0,0
"712","spopielać",spopiel,spopiel,spopielać,焼却,incinerate,1,present,0,0
"713","sporządzać",sporządz,sporządz,sporządzać,化粧,make up,1,present,0,0
"714","spoufalać",spoufal,spoufal,spoufalać,混乱させるために,to confuse,1,present,0,0
"715","spowijać",spowij,spowij,spowijać,包む,wrap,1,present,0,0
"716","sprawdzać",sprawdz,sprawdz,sprawdzać,小切手,check,1,present,0,0
"717","sprawiać",sprawi,sprawi,sprawiać,原因,cause,1,present,0,0
"718","sprowadzać",sprowadz,sprowadz,sprowadzać,持っていく,bring,1,present,0,0
"719","sprzeczać",sprzecz,sprzecz,sprzeczać,口論,argue,1,present,0,0
"720","sprzeniewierzać",sprzeniewierz,sprzeniewierz,sprzeniewierzać,不適切,misappropriate,1,present,0,0
"721","sprzymierzać",sprzymierz,sprzymierz,sprzymierzać,味方,ally,1,present,0,0
"722","sprężać",spręż,spręż,sprężać,圧縮,compress,1,present,0,0
"723","spulchniać",spulchni,spulchni,spulchniać,柔らかくする,soften,1,present,0,0
"724","spychać",spych,spych,spychać,押す,push,1,present,0,0
"725","spędzać",spędz,spędz,spędzać,費やす,spend,1,present,0,0
"726","spłacać",spłac,spłac,spłacać,精算,pay off,1,present,0,0
"727","spłaszczać",spłaszcz,spłaszcz,spłaszczać,平らにする,flatten,1,present,0,0
"728","spławiać",spławi,spławi,spławiać,逃げる,run off,1,present,0,0
"729","spłycać",spłyc,spłyc,spłycać,浅い,shallow,1,present,0,0
"730","sromać",srom,srom,sromać,嫌悪,disgust,1,present,0,0
"731","staczać",stacz,stacz,staczać,ロール,roll,1,present,0,0
"732","stapiać",stapi,stapi,stapiać,溶けた,melt,1,present,0,0
"733","starczać",starcz,starcz,starczać,足ります,be enough,1,present,0,0
"734","stawiać",stawi,stawi,stawiać,置く,put,1,present,0,0
"735","stowarzyszać",stowarzysz,stowarzysz,stowarzyszać,仲間、同僚,associate,1,present,0,0
"736","stracać",strac,strac,stracać,中断する,knock off,1,present,0,0
"737","strącać",strąc,strąc,strącać,中断する,knock off,1,present,0,0
"738","stwierdzać",stwierdz,stwierdz,stwierdzać,州,state,1,present,0,0
"739","stępiać",stępi,stępi,stępiać,鈍い,blunt,1,present,0,0
"740","stłaczać",stłacz,stłacz,stłaczać,混雑する,jam,1,present,0,0
"741","supłać",supł,supł,supłać,キンク,kink,1,present,0,0
"742","sypiać",sypi,sypi,sypiać,寝る,sleep,1,present,0,0
"743","trafiać",trafi,trafi,trafiać,打つ,hit,1,present,0,0
"744","truchtać",trucht,trucht,truchtać,ジョグ,jog,1,present,0,0
"745","trącać",trąc,trąc,trącać,ジョッスル,jostle,1,present,0,0
"746","tykać",tyk,tyk,tykać,ティック,tick,1,present,0,0
"747","uaktywniać",uaktywni,uaktywni,uaktywniać,活性化,activate,1,present,0,0
"748","uatrakcyjniać",uatrakcyjni,uatrakcyjni,uatrakcyjniać,それをより魅力的にする,make it more attractive,1,present,0,0
"749","ubarwiać",ubarwi,ubarwi,ubarwiać,色,color,1,present,0,0
"750","ubijać",ubij,ubij,ubijać,ホイップ,whip,1,present,0,0
"751","ubliżać",ubliż,ubliż,ubliżać,誹謗中傷,disparage,1,present,0,0
"752","ubogacać",ubogac,ubogac,ubogacać,豊かにする,enrich,1,present,0,0
"753","ubóstwiać",ubóstwi,ubóstwi,ubóstwiać,崇拝します,adore,1,present,0,0
"754","uchybiać",uchybi,uchybi,uchybiać,気分を害する,offend,1,present,0,0
"755","uchylać",uchyl,uchyl,uchylać,廃止,repeal,1,present,0,0
"756","ucichać",ucich,ucich,ucichać,治まる,subside,1,present,0,0
"757","uciekać",uciek,uciek,uciekać,逃げる,run away,1,present,0,0
"758","ucieleśniać",ucieleśni,ucieleśni,ucieleśniać,具現化,embody,1,present,0,0
"759","uciemiężać",uciemięż,uciemięż,uciemiężać,抑圧する,oppress,1,present,0,0
"760","ucinać",ucin,ucin,ucinać,切り落とす,cut off,1,present,0,0
"761","uciszać",ucisz,ucisz,uciszać,沈黙,silence,1,present,0,0
"762","uczulać",uczul,uczul,uczulać,感作する,sensitize,1,present,0,0
"763","udamawiać",udamawi,udamawi,udamawiać,演じる,pretend,1,present,0,0
"764","udaremniać",udaremni,udaremni,udaremniać,欲求不満,frustrate,1,present,0,0
"765","uderzać",uderz,uderz,uderzać,打つ,hit,1,present,0,0
"766","udomawiać",udomawi,udomawi,udomawiać,家畜化,domesticate,1,present,0,0
"767","udomowiać",udomowi,udomowi,udomowiać,家畜化,domesticate,1,present,0,0
"768","udoskonalać",udoskonal,udoskonal,udoskonalać,向上,improve,1,present,0,0
"769","udowadniać",udowadni,udowadni,udowadniać,証明,prove,1,present,0,0
"770","udrożniać",udrożni,udrożni,udrożniać,ブロックを解除する,unblock,1,present,0,0
"771","udupiać",udupi,udupi,udupiać,偽,fake,1,present,0,0
"772","udzielać",udziel,udziel,udzielać,許す,grant,1,present,0,0
"773","udziwniać",udziwni,udziwni,udziwniać,変,weird,1,present,0,0
"774","uginać",ugin,ugin,uginać,そらす,deflect,1,present,0,0
"775","ugniatać",ugniat,ugniat,ugniatać,捏ねる,knead,1,present,0,0
"776","ugrzeczniać",ugrzeczni,ugrzeczni,ugrzeczniać,礼儀正しくする,be polite,1,present,0,0
"777","ujarzmiać",ujarzmi,ujarzmi,ujarzmiać,征服する,subjugate,1,present,0,0
"778","ujawniać",ujawni,ujawni,ujawniać,開示する、明らかにする,disclose,1,present,0,0
"779","ujednoznaczniać",ujednoznaczni,ujednoznaczni,ujednoznaczniać,明確にする,disambiguate,1,present,0,0
"780","ujeżdżać",ujeżdż,ujeżdż,ujeżdżać,乗る,ride,1,present,0,0
"781","ukatrupiać",ukatrupi,ukatrupi,ukatrupiać,殺す,kill,1,present,0,0
"782","układać",układ,układ,układać,整える,arrange,1,present,0,0
"783","ulatniać",ulatni,ulatni,ulatniać,蒸発する,evaporate,1,present,0,0
"784","uleczać",ulecz,ulecz,uleczać,癒し,heal,1,present,0,0
"785","ulepszać",ulepsz,ulepsz,ulepszać,向上,improve,1,present,0,0
"786","umacniać",umacni,umacni,umacniać,強化する,strengthen,1,present,0,0
"787","umajać",umaj,umaj,umajać,化粧,make up,1,present,0,0
"788","umartwiać",umartwi,umartwi,umartwiać,悔い改める,mortify,1,present,0,0
"789","umarzać",umarz,umarz,umarzać,償還,redeem,1,present,0,0
"790","umiejscawiać",umiejscawi,umiejscawi,umiejscawiać,サイト,site,1,present,0,0
"791","umieszczać",umieszcz,umieszcz,umieszczać,場所,place,1,present,0,0
"792","umilać",umil,umil,umilać,楽しくする,make pleasant,1,present,0,0
"793","umniejszać",umniejsz,umniejsz,umniejszać,減少する,diminish,1,present,0,0
"794","umoralniać",umoralni,umoralni,umoralniać,道徳化,moralize,1,present,0,0
"795","umożliwiać",umożliwi,umożliwi,umożliwiać,有効,enable,1,present,0,0
"796","umykać",umyk,umyk,umykać,逃げる,flee,1,present,0,0
"797","unaoczniać",unaoczni,unaoczni,unaoczniać,視覚化,visualize,1,present,0,0
"798","unaradawiać",unaradawi,unaradawi,unaradawiać,話す,to talk,1,present,0,0
"799","unaszać",unasz,unasz,unaszać,浮く,float,1,present,0,0
"800","unaukowiać",unaukowi,unaukowi,unaukowiać,教育する,to educate,1,present,0,0
"801","uniemożliwiać",uniemożliwi,uniemożliwi,uniemożliwiać,防ぐ,prevent,1,present,0,0
"802","unieszkodliwiać",unieszkodliwi,unieszkodliwi,unieszkodliwiać,無害にする,render harmless,1,present,0,0
"803","unieważniać",unieważni,unieważni,unieważniać,キャンセル,cancel,1,present,0,0
"804","uniezwyklać",uniezwykl,uniezwykl,uniezwyklać,役に立たない,make useless,1,present,0,0
"805","unikać",unik,unik,unikać,避けるために,to avoid,1,present,0,0
"806","unowocześniać",unowocześni,unowocześni,unowocześniać,近代化,modernize,1,present,0,0
"807","uosabiać",uosabi,uosabi,uosabiać,パーソナライズ,personify,1,present,0,0
"808","upadlać",upadl,upadl,upadlać,落ちる,fall down,1,present,0,0
"809","upajać",upaj,upaj,upajać,酔わせる,intoxicate,1,present,0,0
"810","upaństwawiać",upaństwawi,upaństwawi,upaństwawiać,国別化,nationalize,1,present,0,0
"811","upewniać",upewni,upewni,upewniać,確実に,make sure,1,present,0,0
"812","upierać",upier,upier,upierać,主張する,to insist,1,present,0,0
"813","upierdalać",upierdal,upierdal,upierdalać,ファックオフ,fuck off,1,present,0,0
"814","upierzać",upierz,upierz,upierzać,フェザー,feather,1,present,0,0
"815","upijać",upij,upij,upijać,酔う,get drunk,1,present,0,0
"816","upinać",upin,upin,upinać,ピンナップ,pin up,1,present,0,0
"817","upiększać",upiększ,upiększ,upiększać,飾る,embellish,1,present,0,0
"818","uplatać",uplat,uplat,uplatać,織り,weave,1,present,0,0
"819","upodabniać",upodabni,upodabni,upodabniać,似ている,resemble,1,present,0,0
"820","upokarzać",upokarz,upokarz,upokarzać,屈辱,humiliate,1,present,0,0
"821","upolityczniać",upolityczni,upolityczni,upolityczniać,政治化する,politicize,1,present,0,0
"822","upominać",upomin,upomin,upominać,叱責,rebuke,1,present,0,0
"823","upowszechniać",upowszechni,upowszechni,upowszechniać,広める,disseminate,1,present,0,0
"824","upraszać",uprasz,uprasz,upraszać,嘆願する,plead,1,present,0,0
"825","upraszczać",upraszcz,upraszcz,upraszczać,簡素化する,simplify,1,present,0,0
"826","uprawdopodabniać",uprawdopodabni,uprawdopodabni,uprawdopodabniać,実証する,substantiate,1,present,0,0
"827","uprawdopodobniać",uprawdopodobni,uprawdopodobni,uprawdopodobniać,実証する,substantiate,1,present,0,0
"828","uprawiać",uprawi,uprawi,uprawiać,育つ,grow,1,present,0,0
"829","uprowadzać",uprowadz,uprowadz,uprowadzać,拉致,abduct,1,present,0,0
"830","uprzedzać",uprzedz,uprzedz,uprzedzać,予想,anticipate,1,present,0,0
"831","uprzykrzać",uprzykrz,uprzykrz,uprzykrzać,不快にさせる,render unpleasant,1,present,0,0
"832","upychać",upych,upych,upychać,もの,stuff,1,present,0,0
"833","urabiać",urabi,urabi,urabiać,型,mold,1,present,0,0
"834","urastać",urast,urast,urastać,成長する,grow up,1,present,0,0
"835","urażać",uraż,uraż,urażać,気分を害する,offend,1,present,0,0
"836","urozmaicać",urozmaic,urozmaic,urozmaicać,多様化,diversify,1,present,0,0
"837","urywać",uryw,uryw,urywać,ブレークオフ,break off,1,present,0,0
"838","urzekać",urzek,urzek,urzekać,魅了する,captivate,1,present,0,0
"839","urządzać",urządz,urządz,urządzać,整える,arrange,1,present,0,0
"840","uręczać",uręcz,uręcz,uręczać,褒美,reward,1,present,0,0
"841","usadawiać",usadawi,usadawi,usadawiać,落ち着く,settle down,1,present,0,0
"842","uskrzydlać",uskrzydl,uskrzydl,uskrzydlać,あなたに翼を与える,give you wings,1,present,0,0
"843","uskuteczniać",uskuteczni,uskuteczni,uskuteczniać,効果,effect,1,present,0,0
"844","uspokajać",uspokaj,uspokaj,uspokajać,落ち着いて,calm,1,present,0,0
"845","usposabiać",usposabi,usposabi,usposabiać,傾斜,incline,1,present,0,0
"846","ustalać",ustal,ustal,ustalać,設定,set,1,present,0,0
"847","ustanawiać",ustanawi,ustanawi,ustanawiać,確立します,establish,1,present,0,0
"848","ustrajać",ustraj,ustraj,ustrajać,着飾る,dress up,1,present,0,0
"849","usychać",usych,usych,usychać,乾く,dry up,1,present,0,0
"850","uszczelniać",uszczelni,uszczelni,uszczelniać,コーク,caulk,1,present,0,0
"851","uszczuplać",uszczupl,uszczupl,uszczuplać,枯渇する,deplete,1,present,0,0
"852","uszlachcać",uszlachc,uszlachc,uszlachcać,気高い,ennoble,1,present,0,0
"853","utaczać",utacz,utacz,utaczać,ロール,roll,1,present,0,0
"854","utajniać",utajni,utajni,utajniać,匿名化,anonymize,1,present,0,0
"855","utożsamiać",utożsami,utożsami,utożsamiać,識別,identify,1,present,0,0
"856","utrudniać",utrudni,utrudni,utrudniać,妨げる,impede,1,present,0,0
"857","utwardzać",utwardz,utwardz,utwardzać,硬化する,harden,1,present,0,0
"858","utwierdzać",utwierdz,utwierdz,utwierdzać,確認,confirm,1,present,0,0
"859","uważać",uważ,uważ,uważać,気をつけて,be careful,1,present,0,0
"860","uwieczniać",uwieczni,uwieczni,uwieczniać,永続する,perpetuate,1,present,0,0
"861","uwierać",uwier,uwier,uwierać,傷つく,hurt,1,present,0,0
"862","uwierzytelniać",uwierzytelni,uwierzytelni,uwierzytelniać,認証する,authenticate,1,present,0,0
"863","uwrażliwiać",uwrażliwi,uwrażliwi,uwrażliwiać,感作する,sensitize,1,present,0,0
"864","uwydatniać",uwydatni,uwydatni,uwydatniać,強化する,enhance,1,present,0,0
"865","uwypuklać",uwypukl,uwypukl,uwypuklać,ハイライト,highlight,1,present,0,0
"866","uwzględniać",uwzględni,uwzględni,uwzględniać,含む,include,1,present,0,0
"867","uwłaczać",uwłacz,uwłacz,uwłaczać,誹謗中傷,disparage,1,present,0,0
"868","uzbrajać",uzbraj,uzbraj,uzbrajać,腕,arm,1,present,0,0
"869","uzdrawiać",uzdrawi,uzdrawi,uzdrawiać,癒し,heal,1,present,0,0
"870","uziemiać",uziemi,uziemi,uziemiać,地面に,to ground,1,present,0,0
"871","uzmysławiać",uzmysławi,uzmysławi,uzmysławiać,視覚化,visualize,1,present,0,0
"872","uzupełniać",uzupełni,uzupełni,uzupełniać,補体,complement,1,present,0,0
"873","uładzać",uładz,uładz,uładzać,注文する,to order,1,present,0,0
"874","ułatwiać",ułatwi,ułatwi,ułatwiać,促進する,facilitate,1,present,0,0
"875","uściślać",uściśl,uściśl,uściślać,明らかにする,clarify,1,present,0,0
"876","uśmiechać",uśmiech,uśmiech,uśmiechać,笑顔,smile,1,present,0,0
"877","uśmiercać",uśmierc,uśmierc,uśmiercać,死ぬ,put to death,1,present,0,0
"878","uśmierzać",uśmierz,uśmierz,uśmierzać,緩和する,relieve,1,present,0,0
"879","uśredniać",uśredni,uśredni,uśredniać,平均,average,1,present,0,0
"880","uświetniać",uświetni,uświetni,uświetniać,信号を送る,signalize,1,present,0,0
"881","uświęcać",uświęc,uświęc,uświęcać,聖別する,sanctify,1,present,0,0
"882","użerać",użer,użer,użerać,不平を言う,grumble,1,present,0,0
"883","użyźniać",użyźni,użyźni,użyźniać,施肥する,fertilize,1,present,0,0
"884","walać",wal,wal,walać,汚れた,dirty,1,present,0,0
"885","wałęsać",wałęs,wałęs,wałęsać,ロイター,loiter,1,present,0,0
"886","wbijać",wbij,wbij,wbijać,ハンマー,hammer,1,present,0,0
"887","wchłaniać",wchłani,wchłani,wchłaniać,吸収する,absorb,1,present,0,0
"888","wcielać",wciel,wciel,wcielać,化身,incarnate,1,present,0,0
"889","wdrażać",wdraż,wdraż,wdrażać,埋め込む,implement,1,present,0,0
"890","wduszać",wdusz,wdusz,wduszać,吸い込む,inhale,1,present,0,0
"891","wdzierać",wdzier,wdzier,wdzierać,に突入する,to burst into,1,present,0,0
"892","wgniatać",wgniat,wgniat,wgniatać,凹み,dent,1,present,0,0
"893","wieczerzać",wieczerz,wieczerz,wieczerzać,夕食,supper,1,present,0,0
"894","wjeżdżać",wjeżdż,wjeżdż,wjeżdżać,入力,enter,1,present,0,0
"895","wklejać",wklej,wklej,wklejać,ペースト,paste,1,present,0,0
"896","wkradać",wkrad,wkrad,wkradać,忍び込む,sneak in,1,present,0,0
"897","wkręcać",wkręc,wkręc,wkręcać,ねじ込みます,screw in,1,present,0,0
"898","wkurwiać",wkurwi,wkurwi,wkurwiać,腹を立てて,pissed off,1,present,0,0
"899","wkładać",wkład,wkład,wkładać,入れる,insert,1,present,0,0
"900","wliczać",wlicz,wlicz,wliczać,含む,include,1,present,0,0
"901","wnikać",wnik,wnik,wnikać,浸透する,penetrate,1,present,0,0
"902","wpajać",wpaj,wpaj,wpajać,教え込む,inculcate,1,present,0,0
"903","wpieniać",wpieni,wpieni,wpieniać,忍び寄る,creep,1,present,0,0
"904","wpieprzać",wpieprz,wpieprz,wpieprzać,ねじ込みます,screw up,1,present,0,0
"905","wpierać",wpier,wpier,wpierać,サポートする,to support,1,present,0,0
"906","wpierdalać",wpierdal,wpierdal,wpierdalać,性交する,to fuck,1,present,0,0
"907","wplatać",wplat,wplat,wplatać,織り,weave,1,present,0,0
"908","wprawiać",wprawi,wprawi,wprawiać,入れて,put in,1,present,0,0
"909","wprowadzać",wprowadz,wprowadz,wprowadzać,導入,introduce,1,present,0,0
"910","wpychać",wpych,wpych,wpychać,もの,stuff,1,present,0,0
"911","wpędzać",wpędz,wpędz,wpędzać,ドライブ,drive,1,present,0,0
"912","wpłacać",wpłac,wpłac,wpłacać,支払い,pay,1,present,0,0
"913","wrabiać",wrabi,wrabi,wrabiać,混同,mix up,1,present,0,0
"914","wracać",wrac,wrac,wracać,戻る,return,1,present,0,0
"915","wradzać",wradz,wradz,wradzać,不便になる,be inconvenient,1,present,0,0
"916","wrastać",wrast,wrast,wrastać,成長する,to grow up,1,present,0,0
"917","wrażać",wraż,wraż,wrażać,印象づける,impress,1,present,0,0
"918","wręczać",wręcz,wręcz,wręczać,手,hand,1,present,0,0
"919","wsadzać",wsadz,wsadz,wsadzać,置く,put,1,present,0,0
"920","wskrzeszać",wskrzesz,wskrzesz,wskrzeszać,復活する,resurrect,1,present,0,0
"921","wspierać",wspier,wspier,wspierać,サポート,support,1,present,0,0
"922","wspinać",wspin,wspin,wspinać,登る,to climb,1,present,0,0
"923","wspominać",wspomin,wspomin,wspominać,言及,mention,1,present,0,0
"924","wstrząsać",wstrząs,wstrząs,wstrząsać,振る,shake,1,present,0,0
"925","wsysać",wsys,wsys,wsysać,吸う,suck down,1,present,0,0
"926","wszczepiać",wszczepi,wszczepi,wszczepiać,インプラント,implant,1,present,0,0
"927","wszczynać",wszczyn,wszczyn,wszczynać,開始する,initiate,1,present,0,0
"928","wsławiać",wsławi,wsławi,wsławiać,栄光を与える,glorify,1,present,0,0
"929","wtaczać",wtacz,wtacz,wtaczać,ロール,roll,1,present,0,0
"930","wtajemniczać",wtajemnicz,wtajemnicz,wtajemniczać,開始する,initiate,1,present,0,0
"931","wtranżalać",wtranżal,wtranżal,wtranżalać,侵入,intrude,1,present,0,0
"932","wtryniać",wtryni,wtryni,wtryniać,力,force,1,present,0,0
"933","wtrącać",wtrąc,wtrąc,wtrącać,干渉,interfere,1,present,0,0
"934","wtłaczać",wtłacz,wtłacz,wtłaczać,強制,forcing,1,present,0,0
"935","wybaczać",wybacz,wybacz,wybaczać,許す,forgive,1,present,0,0
"936","wybawiać",wybawi,wybawi,wybawiać,保存,save,1,present,0,0
"937","wybebeszać",wybebesz,wybebesz,wybebeszać,腸,gut,1,present,0,0
"938","wybielać",wybiel,wybiel,wybielać,漂白,bleach,1,present,0,0
"939","wybierać",wybier,wybier,wybierać,選択する,to choose,1,present,0,0
"940","wybijać",wybij,wybij,wybijać,ノックアウト,knock out,1,present,0,0
"941","wybraniać",wybrani,wybrani,wybraniać,追放する,exculpate,1,present,0,0
"942","wybrzydzać",wybrzydz,wybrzydz,wybrzydzać,うるさい,fussy,1,present,0,0
"943","wybudzać",wybudz,wybudz,wybudzać,起きろ,wake up,1,present,0,0
"944","wyburzać",wyburz,wyburz,wyburzać,破壊する,demolish,1,present,0,0
"945","wyceniać",wyceni,wyceni,wyceniać,価格,price,1,present,0,0
"946","wychwalać",wychwal,wychwal,wychwalać,賞賛,praise,1,present,0,0
"947","wychylać",wychyl,wychyl,wychylać,身を乗り出します,lean out,1,present,0,0
"948","wychładzać",wychładz,wychładz,wychładzać,冷やす,cool it down,1,present,0,0
"949","wyciekać",wyciek,wyciek,wyciekać,漏れ出す,leak out,1,present,0,0
"950","wycierać",wycier,wycier,wycierać,ワイプ,wipe,1,present,0,0
"951","wycieńczać",wycieńcz,wycieńcz,wycieńczać,やる気を起こさせる,emaciate,1,present,0,0
"952","wycinać",wycin,wycin,wycinać,切り取る,cut out,1,present,0,0
"953","wyczulać",wyczul,wyczul,wyczulać,感作する,sensitize,1,present,0,0
"954","wyczyniać",wyczyni,wyczyni,wyczyniać,行う,do,1,present,0,0
"955","wydalać",wydal,wydal,wydalać,追放,expel,1,present,0,0
"956","wydarzać",wydarz,wydarz,wydarzać,起こる,happen,1,present,0,0
"957","wyduszać",wydusz,wydusz,wyduszać,窒息する,choke out,1,present,0,0
"958","wydymać",wydym,wydym,wydymać,吹き消す,blow out,1,present,0,0
"959","wydziedziczać",wydziedzicz,wydziedzicz,wydziedziczać,継承を取り消す,disinherit,1,present,0,0
"960","wydzielać",wydziel,wydziel,wydzielać,秘密にする,secrete,1,present,0,0
"961","wydzierać",wydzier,wydzier,wydzierać,切り取ります,tear out,1,present,0,0
"962","wydziwiać",wydziwi,wydziwi,wydziwiać,cavort,cavort,1,present,0,0
"963","wyganiać",wygani,wygani,wyganiać,追い出す,drive out,1,present,0,0
"964","wygarniać",wygarni,wygarni,wygarniać,すくい取る,scoop out,1,present,0,0
"965","wyginać",wygin,wygin,wyginać,曲げる,bend,1,present,0,0
"966","wygryzać",wygryz,wygryz,wygryzać,フレット,fret,1,present,0,0
"967","wygładzać",wygładz,wygładz,wygładzać,スムーズ,smooth,1,present,0,0
"968","wygłupiać",wygłupi,wygłupi,wygłupiać,遊びまわる,fool around,1,present,0,0
"969","wyjawiać",wyjawi,wyjawi,wyjawiać,明らかな,reveal,1,present,0,0
"970","wyjaławiać",wyjaławi,wyjaławi,wyjaławiać,滅菌する,sterilize,1,present,0,0
"971","wyjaśniać",wyjaśni,wyjaśni,wyjaśniać,説明,explain,1,present,0,0
"972","wyjeżdżać",wyjeżdż,wyjeżdż,wyjeżdżać,去る,to leave,1,present,0,0
"973","wykańczać",wykańcz,wykańcz,wykańczać,終了,finish,1,present,0,0
"974","wyklejać",wyklej,wyklej,wyklejać,突き出る,stick out,1,present,0,0
"975","wyklinać",wyklin,wyklin,wyklinać,呪い,curse,1,present,0,0
"976","wykluczać",wyklucz,wyklucz,wykluczać,除外する,exclude,1,present,0,0
"977","wykolejać",wykolej,wykolej,wykolejać,脱線,derail,1,present,0,0
"978","wykorzeniać",wykorzeni,wykorzeni,wykorzeniać,根絶する,eradicate,1,present,0,0
"979","wykradać",wykrad,wykrad,wykradać,盗む,to steal,1,present,0,0
"980","wykreślać",wykreśl,wykreśl,wykreślać,消去,delete,1,present,0,0
"981","wykrwawiać",wykrwawi,wykrwawi,wykrwawiać,染み出し,bleed out,1,present,0,0
"982","wykrzaczać",wykrzacz,wykrzacz,wykrzaczać,悲鳴,scream,1,present,0,0
"983","wykształcać",wykształc,wykształc,wykształcać,教育する,educate,1,present,0,0
"984","wykładać",wykład,wykład,wykładać,講義,lecture,1,present,0,0
"985","wykłócać",wykłóc,wykłóc,wykłócać,喧嘩,quarrel,1,present,0,0
"986","wylepiać",wylepi,wylepi,wylepiać,パットアウト,pat out,1,present,0,0
"987","wyliczać",wylicz,wylicz,wyliczać,計算する,calculate,1,present,0,0
"988","wyludniać",wyludni,wyludni,wyludniać,過疎化,depopulate,1,present,0,0
"989","wylęgać",wylęg,wylęg,wylęgać,ハッチ,hatch,1,present,0,0
"990","wymagać",wymag,wymag,wymagać,要求する,to require,1,present,0,0
"991","wymarzać",wymarz,wymarz,wymarzać,考え出します,dream up,1,present,0,0
"992","wymieniać",wymieni,wymieni,wymieniać,両替,exchange,1,present,0,0
"993","wymierzać",wymierz,wymierz,wymierzać,管理する,administer,1,present,0,0
"994","wymiękać",wymięk,wymięk,wymiękać,追い払う,sweep away,1,present,0,0
"995","wymykać",wymyk,wymyk,wymykać,こっそり抜け出す,sneak out,1,present,0,0
"996","wymyślać",wymyśl,wymyśl,wymyślać,発明,invent,1,present,0,0
"997","wymądrzać",wymądrz,wymądrz,wymądrzać,スマートになる,get smart,1,present,0,0
"998","wymęczać",wymęcz,wymęcz,wymęczać,圧倒する,overwhelm,1,present,0,0
"999","wynagradzać",wynagradz,wynagradz,wynagradzać,褒美,reward,1,present,0,0
"1000","wynaradawiać",wynaradawi,wynaradawi,wynaradawiać,売却,divest,1,present,0,0
"1001","wynarodawiać",wynarodawi,wynarodawi,wynarodawiać,denationalize,denationalize,1,present,0,0
"1002","wynaturzać",wynaturz,wynaturz,wynaturzać,自然化する,denaturalize,1,present,0,0
"1003","wynikać",wynik,wynik,wynikać,結果,result,1,present,0,0
"1004","wyniszczać",wyniszcz,wyniszcz,wyniszczać,破壊する,destroy,1,present,0,0
"1005","wyobrażać",wyobraż,wyobraż,wyobrażać,想像,imagine,1,present,0,0
"1006","wyodrębniać",wyodrębni,wyodrębni,wyodrębniać,エキス,extract,1,present,0,0
"1007","wyolbrzymiać",wyolbrzymi,wyolbrzymi,wyolbrzymiać,誇張する,exaggerate,1,present,0,0
"1008","wypaczać",wypacz,wypacz,wypaczać,歪む,distort,1,present,0,0
"1009","wypalać",wypal,wypal,wypalać,燃えた,burn,1,present,0,0
"1010","wyparzać",wyparz,wyparz,wyparzać,やけど,scald,1,present,0,0
"1011","wypełniać",wypełni,wypełni,wypełniać,塗りつぶし,fill,1,present,0,0
"1012","wypiekać",wypiek,wypiek,wypiekać,焼く,bake,1,present,0,0
"1013","wypierać",wypier,wypier,wypierać,変位する,displace,1,present,0,0
"1014","wypierdalać",wypierdal,wypierdal,wypierdalać,性交を取得します,get the fuck out,1,present,0,0
"1015","wypijać",wypij,wypij,wypijać,飲む,drink,1,present,0,0
"1016","wypinać",wypin,wypin,wypinać,フックを外します,unhook,1,present,0,0
"1017","wypiętrzać",wypiętrz,wypiętrz,wypiętrzać,隆起,uplift,1,present,0,0
"1018","wyplatać",wyplat,wyplat,wyplatać,織り,weave,1,present,0,0
"1019","wypleniać",wypleni,wypleni,wypleniać,根こそぎ,uproot,1,present,0,0
"1020","wyplewiać",wyplewi,wyplewi,wyplewiać,注ぎ出す,pour out,1,present,0,0
"1021","wypogadzać",wypogadz,wypogadz,wypogadzać,空にする,clear out,1,present,0,0
"1022","wypominać",wypomin,wypomin,wypominać,思い出させる,remind,1,present,0,0
"1023","wyposażać",wyposaż,wyposaż,wyposażać,装備,equip,1,present,0,0
"1024","wypożyczać",wypożycz,wypożycz,wypożyczać,借りる,borrow,1,present,0,0
"1025","wypraszać",wyprasz,wyprasz,wypraszać,去るように頼む,ask to leave,1,present,0,0
"1026","wyprawiać",wyprawi,wyprawi,wyprawiać,整える,arrange,1,present,0,0
"1027","wyprowadzać",wyprowadz,wyprowadz,wyprowadzać,リードアウト,lead out,1,present,0,0
"1028","wyprzedzać",wyprzedz,wyprzedz,wyprzedzać,追い越し,overtake,1,present,0,0
"1029","wypróżniać",wypróżni,wypróżni,wypróżniać,空の,empty,1,present,0,0
"1030","wypychać",wypych,wypych,wypychać,詰め込む,stuff out,1,present,0,0
"1031","wypędzać",wypędz,wypędz,wypędzać,追い出す,drive out,1,present,0,0
"1032","wypłacać",wypłac,wypłac,wypłacać,支払い,pay,1,present,0,0
"1033","wyrabiać",wyrabi,wyrabi,wyrabiać,作る,make,1,present,0,0
"1034","wyrastać",wyrast,wyrast,wyrastać,育つ,grow,1,present,0,0
"1035","wyrażać",wyraż,wyraż,wyrażać,特急,express,1,present,0,0
"1036","wyruszać",wyrusz,wyrusz,wyruszać,出発する,set off,1,present,0,0
"1037","wyrywać",wyryw,wyryw,wyrywać,切り取ります,tear out,1,present,0,0
"1038","wyrzekać",wyrzek,wyrzek,wyrzekać,放棄する,renounce,1,present,0,0
"1039","wyrzynać",wyrzyn,wyrzyn,wyrzynać,切り分けます,carve out,1,present,0,0
"1040","wyrządzać",wyrządz,wyrządz,wyrządzać,原因,cause,1,present,0,0
"1041","wyróżniać",wyróżni,wyróżni,wyróżniać,目立つ,stand out,1,present,0,0
"1042","wyręczać",wyręcz,wyręcz,wyręczać,交換,replace,1,present,0,0
"1043","wysadzać",wysadz,wysadz,wysadzać,落ちる,drop off,1,present,0,0
"1044","wysilać",wysil,wysil,wysilać,歪み,strain,1,present,0,0
"1045","wystarczać",wystarcz,wystarcz,wystarczać,十分です,suffice,1,present,0,0
"1046","wystrajać",wystraj,wystraj,wystrajać,着飾る,dress up,1,present,0,0
"1047","wystraszać",wystrasz,wystrasz,wystraszać,怖い,scare,1,present,0,0
"1048","wystrzegać",wystrzeg,wystrzeg,wystrzegać,注意してください,beware,1,present,0,0
"1049","wystudzać",wystudz,wystudz,wystudzać,クールダウン,cool down,1,present,0,0
"1050","wystygać",wystyg,wystyg,wystygać,寒くなる,get cold,1,present,0,0
"1051","wysuszać",wysusz,wysusz,wysuszać,完全に乾く,dry out,1,present,0,0
"1052","wysychać",wysych,wysych,wysychać,乾く,dry up,1,present,0,0
"1053","wysysać",wysys,wysys,wysysać,吸う,suck up,1,present,0,0
"1054","wyszczerbiać",wyszczerbi,wyszczerbi,wyszczerbiać,チップ,chip,1,present,0,0
"1055","wyszkalać",wyszkal,wyszkal,wyszkalać,訓練,train,1,present,0,0
"1056","wysączać",wysącz,wysącz,wysączać,ドレイン,drain,1,present,0,0
"1057","wysławiać",wysławi,wysławi,wysławiać,賞賛,praise,1,present,0,0
"1058","wytaczać",wytacz,wytacz,wytaczać,転がる,to roll,1,present,0,0
"1059","wytracać",wytrac,wytrac,wytracać,失う,lose,1,present,0,0
"1060","wytrzebiać",wytrzebi,wytrzebi,wytrzebiać,間引く,thin it out,1,present,0,0
"1061","wytrzewiać",wytrzewi,wytrzewi,wytrzewiać,eviscerate,eviscerate,1,present,0,0
"1062","wytrącać",wytrąc,wytrąc,wytrącać,沈殿物,precipitate,1,present,0,0
"1063","wytyczać",wytycz,wytycz,wytyczać,描写する,delineate,1,present,0,0
"1064","wytępiać",wytępi,wytępi,wytępiać,絶滅する,exterminate,1,present,0,0
"1065","wytłaczać",wytłacz,wytłacz,wytłaczać,押し出す,extrude,1,present,0,0
"1066","wytłuszczać",wytłuszcz,wytłuszcz,wytłuszczać,大胆な,bold,1,present,0,0
"1067","wyuczać",wyucz,wyucz,wyuczać,教える,teach,1,present,0,0
"1068","wywalać",wywal,wywal,wywalać,打者,batter in,1,present,0,0
"1069","wywalczać",wywalcz,wywalcz,wywalczać,力で固定,secure by force,1,present,0,0
"1070","wyważać",wyważ,wyważ,wyważać,詮索,pry,1,present,0,0
"1071","wywierać",wywier,wywier,wywierać,行使する,exert,1,present,0,0
"1072","wywietrzać",wywietrz,wywietrz,wywietrzać,換気する,ventilate,1,present,0,0
"1073","wywijać",wywij,wywij,wywijać,裏返しにする,turn inside out,1,present,0,0
"1074","wywłaszczać",wywłaszcz,wywłaszcz,wywłaszczać,流用,expropriate,1,present,0,0
"1075","wyziębiać",wyziębi,wyziębi,wyziębiać,チル,chill,1,present,0,0
"1076","wyznaczać",wyznacz,wyznacz,wyznaczać,指定する,designate,1,present,0,0
"1077","wyzwalać",wyzwal,wyzwal,wyzwalać,引き金,trigger,1,present,0,0
"1078","wyzywać",wyzyw,wyzyw,wyzywać,チャレンジ,challenge,1,present,0,0
"1079","wyłaniać",wyłani,wyłani,wyłaniać,出現する,emerge,1,present,0,0
"1080","wyławiać",wyławi,wyławi,wyławiać,キャッチ,catch,1,present,0,0
"1081","wyłudzać",wyłudz,wyłudz,wyłudzać,ホイードル,wheedle,1,present,0,0
"1082","wyłupiać",wyłupi,wyłupi,wyłupiać,ガウジアウト,gouge out,1,present,0,0
"1083","wyłuszczać",wyłuszcz,wyłuszcz,wyłuszczać,剥離する,exfoliate,1,present,0,0
"1084","wyśledzać",wyśledz,wyśledz,wyśledzać,追跡する,track down,1,present,0,0
"1085","wyświetlać",wyświetl,wyświetl,wyświetlać,画面,display,1,present,0,0
"1086","wyżerać",wyżer,wyżer,wyżerać,平らげる,eat up,1,present,0,0
"1087","wyżymać",wyżym,wyżym,wyżymać,絞り出す,wring out,1,present,0,0
"1088","wyżłabiać",wyżłabi,wyżłabi,wyżłabiać,わだち掘れ,rut,1,present,0,0
"1089","wzbierać",wzbier,wzbier,wzbierać,取り上げる,take up,1,present,0,0
"1090","wzbijać",wzbij,wzbij,wzbijać,急上昇,soar,1,present,0,0
"1091","wzbraniać",wzbrani,wzbrani,wzbraniać,ごみ,refuse,1,present,0,0
"1092","wzbudzać",wzbudz,wzbudz,wzbudzać,覚醒,arouse,1,present,0,0
"1093","wzburzać",wzburz,wzburz,wzburzać,フリル,ruffle,1,present,0,0
"1094","wzdymać",wzdym,wzdym,wzdymać,あえぎ,gasp,1,present,0,0
"1095","wzgardzać",wzgardz,wzgardz,wzgardzać,軽蔑する,despise,1,present,0,0
"1096","wzmacniać",wzmacni,wzmacni,wzmacniać,強化する,strengthen,1,present,0,0
"1097","wzmagać",wzmag,wzmag,wzmagać,増加,increase,1,present,0,0
"1098","wznawiać",wznawi,wznawi,wznawiać,戻す,restore,1,present,0,0
"1099","wzrastać",wzrast,wzrast,wzrastać,上昇,rise,1,present,0,0
"1100","wzruszać",wzrusz,wzrusz,wzruszać,動く,move,1,present,0,0
"1101","wzywać",wzyw,wzyw,wzywać,電話する,to call,1,present,0,0
"1102","włanczać",włancz,włancz,włanczać,オンにする,turn on,1,present,0,0
"1103","włączać",włącz,włącz,włączać,スイッチをつける,switch on,1,present,0,0
"1104","wściekać",wściek,wściek,wściekać,怒り,rage,1,present,0,0
"1105","zabarwiać",zabarwi,zabarwi,zabarwiać,色,color,1,present,0,0
"1106","zabawiać",zabawi,zabawi,zabawiać,楽しませる,entertain,1,present,0,0
"1107","zabezpieczać",zabezpiecz,zabezpiecz,zabezpieczać,守る,protect,1,present,0,0
"1108","zabierać",zabier,zabier,zabierać,取った,take,1,present,0,0
"1109","zabijać",zabij,zabij,zabijać,殺すために,to kill,1,present,0,0
"1110","zabraniać",zabrani,zabrani,zabraniać,禁止,prohibit,1,present,0,0
"1111","zabrudzać",zabrudz,zabrudz,zabrudzać,汚れた,dirty,1,present,0,0
"1112","zaburzać",zaburz,zaburz,zaburzać,乱す,disturb,1,present,0,0
"1113","zachwalać",zachwal,zachwal,zachwalać,賞賛,praise,1,present,0,0
"1114","zachwycać",zachwyc,zachwyc,zachwycać,喜び,delight,1,present,0,0
"1115","zachylać",zachyl,zachyl,zachylać,傾斜,incline,1,present,0,0
"1116","zachęcać",zachęc,zachęc,zachęcać,奨励します,encourage,1,present,0,0
"1117","zaciekawiać",zaciekawi,zaciekawi,zaciekawiać,興味,interest,1,present,0,0
"1118","zacieniać",zacieni,zacieni,zacieniać,シェード,shade,1,present,0,0
"1119","zacierać",zacier,zacier,zacierać,ぼかし,blur,1,present,0,0
"1120","zacietrzewiać",zacietrzewi,zacietrzewi,zacietrzewiać,激しい,fierce,1,present,0,0
"1121","zacieśniać",zacieśni,zacieśni,zacieśniać,締める,tighten,1,present,0,0
"1122","zacinać",zacin,zacin,zacinać,混雑する,jam,1,present,0,0
"1123","zaczajać",zaczaj,zaczaj,zaczajać,待つ,wait,1,present,0,0
"1124","zaczynać",zaczyn,zaczyn,zaczynać,始める,begin,1,present,0,0
"1125","zadrzewiać",zadrzewi,zadrzewi,zadrzewiać,木,tree,1,present,0,0
"1126","zadręczać",zadręcz,zadręcz,zadręczać,苦しめる,torment,1,present,0,0
"1127","zaduszać",zadusz,zadusz,zaduszać,窒息する,suffocate,1,present,0,0
"1128","zadzierać",zadzier,zadzier,zadzierać,混乱させる,to mess,1,present,0,0
"1129","zadziwiać",zadziwi,zadziwi,zadziwiać,驚かせる,amaze,1,present,0,0
"1130","zadłużać",zadłuż,zadłuż,zadłużać,お世話になります,to indebted,1,present,0,0
"1131","zagajać",zagaj,zagaj,zagajać,coax,coax,1,present,0,0
"1132","zaganiać",zagani,zagani,zaganiać,群れ,herd,1,present,0,0
"1133","zagarniać",zagarni,zagarni,zagarniać,すくう,scoop up,1,present,0,0
"1134","zaginać",zagin,zagin,zaginać,曲げる,bend,1,present,0,0
"1135","zagniatać",zagniat,zagniat,zagniatać,捏ねる,knead,1,present,0,0
"1136","zagnieżdżać",zagnieżdż,zagnieżdż,zagnieżdżać,ネスト,nest,1,present,0,0
"1137","zagracać",zagrac,zagrac,zagracać,散らかる,clutter,1,present,0,0
"1138","zagradzać",zagradz,zagradz,zagradzać,バー,bar,1,present,0,0
"1139","zagrażać",zagraż,zagraż,zagrażać,脅かす,threaten,1,present,0,0
"1140","zagryzać",zagryz,zagryz,zagryzać,一口,bite,1,present,0,0
"1141","zagładzać",zagładz,zagładz,zagładzać,スムーズ,smooth,1,present,0,0
"1142","zagłuszać",zagłusz,zagłusz,zagłuszać,溺れる,drown,1,present,0,0
"1143","zagłębiać",zagłębi,zagłębi,zagłębiać,掘り下げる,delve,1,present,0,0
"1144","zaiwaniać",zaiwani,zaiwani,zaiwaniać,楽しい,enjoy,1,present,0,0
"1145","zajeżdżać",zajeżdż,zajeżdż,zajeżdżać,ドライブアップ,drive up,1,present,0,0
"1146","zakażać",zakaż,zakaż,zakażać,禁止する,to prohibit,1,present,0,0
"1147","zaklejać",zaklej,zaklej,zaklejać,上に突き出る,stick up,1,present,0,0
"1148","zakleszczać",zakleszcz,zakleszcz,zakleszczać,混雑する,jam,1,present,0,0
"1149","zaklinać",zaklin,zaklin,zaklinać,エンチャント,enchant,1,present,0,0
"1150","zakorzeniać",zakorzeni,zakorzeni,zakorzeniać,根,root,1,present,0,0
"1151","zakotwiczać",zakotwicz,zakotwicz,zakotwiczać,アンカー,anchor,1,present,0,0
"1152","zakradać",zakrad,zakrad,zakradać,抜け出す,to sneak,1,present,0,0
"1153","zakreślać",zakreśl,zakreśl,zakreślać,サークル,circle,1,present,0,0
"1154","zakwitać",zakwit,zakwit,zakwitać,花,flower,1,present,0,0
"1155","zakąszać",zakąsz,zakąsz,zakąszać,たべる,to eat,1,present,0,0
"1156","zakładać",zakład,zakład,zakładać,推定,assume,1,present,0,0
"1157","zakłócać",zakłóc,zakłóc,zakłócać,混乱させる,disrupt,1,present,0,0
"1158","zalecać",zalec,zalec,zalecać,お勧め,recommend,1,present,0,0
"1159","zalegać",zaleg,zaleg,zalegać,遅れる,fall behind,1,present,0,0
"1160","zalepiać",zalepi,zalepi,zalepiać,ペースト,paste,1,present,0,0
"1161","zaliczać",zalicz,zalicz,zaliczać,含む,include,1,present,0,0
"1162","zaludniać",zaludni,zaludni,zaludniać,人,people,1,present,0,0
"1163","zamarzać",zamarz,zamarz,zamarzać,氷結,freeze,1,present,0,0
"1164","zamieniać",zamieni,zamieni,zamieniać,交換,replace,1,present,0,0
"1165","zamierzać",zamierz,zamierz,zamierzać,意図する,intend,1,present,0,0
"1166","zamieszczać",zamieszcz,zamieszcz,zamieszczać,役職,post,1,present,0,0
"1167","zamraczać",zamracz,zamracz,zamraczać,氷結,freeze,1,present,0,0
"1168","zamrażać",zamraż,zamraż,zamrażać,氷結,freeze,1,present,0,0
"1169","zamulać",zamul,zamul,zamulać,スライム,slime,1,present,0,0
"1170","zamykać",zamyk,zamyk,zamykać,近い,close,1,present,0,0
"1171","zamyślać",zamyśl,zamyśl,zamyślać,意図する,intend,1,present,0,0
"1172","zamęczać",zamęcz,zamęcz,zamęczać,苦しめる,torment,1,present,0,0
"1173","zanieczyszczać",zanieczyszcz,zanieczyszcz,zanieczyszczać,汚染,pollute,1,present,0,0
"1174","zaniemagać",zaniemag,zaniemag,zaniemagać,がっかりする,to be disheartened,1,present,0,0
"1175","zanikać",zanik,zanik,zanikać,消える,disappear,1,present,0,0
"1176","zanudzać",zanudz,zanudz,zanudzać,退屈させる,bore,1,present,0,0
"1177","zaogniać",zaogni,zaogni,zaogniać,燃える,inflame,1,present,0,0
"1178","zaokrąglać",zaokrągl,zaokrągl,zaokrąglać,四捨五入,round off,1,present,0,0
"1179","zapalać",zapal,zapal,zapalać,ライト,light,1,present,0,0
"1180","zaparzać",zaparz,zaparz,zaparzać,注入する,infuse,1,present,0,0
"1181","zapaskudzać",zapaskudz,zapaskudz,zapaskudzać,汚れた,dirty,1,present,0,0
"1182","zaperzać",zaperz,zaperz,zaperzać,圧倒する,overwhelm,1,present,0,0
"1183","zapeszać",zapesz,zapesz,zapeszać,混雑する,jam,1,present,0,0
"1184","zapewniać",zapewni,zapewni,zapewniać,提供,provide,1,present,0,0
"1185","zapełniać",zapełni,zapełni,zapełniać,塗りつぶし,fill,1,present,0,0
"1186","zapiekać",zapiek,zapiek,zapiekać,焼く,to bake,1,present,0,0
"1187","zapierać",zapier,zapier,zapierać,否定する,to deny,1,present,0,0
"1188","zapierdalać",zapierdal,zapierdal,zapierdalać,夢中になる,go crazy,1,present,0,0
"1189","zapijać",zapij,zapij,zapijać,飲む,to drink,1,present,0,0
"1190","zapinać",zapin,zapin,zapinać,固定する,fasten,1,present,0,0
"1191","zaplatać",zaplat,zaplat,zaplatać,編組,braid,1,present,0,0
"1192","zapobiegać",zapobieg,zapobieg,zapobiegać,防ぐために,to prevent,1,present,0,0
"1193","zapominać",zapomin,zapomin,zapominać,忘れる,forget,1,present,0,0
"1194","zapowietrzać",zapowietrz,zapowietrz,zapowietrzać,空気中,air in,1,present,0,0
"1195","zapośredniczać",zapośrednicz,zapośrednicz,zapośredniczać,仲介する,mediate,1,present,0,0
"1196","zapożyczać",zapożycz,zapożycz,zapożyczać,借りる,borrow,1,present,0,0
"1197","zapraszać",zaprasz,zaprasz,zapraszać,招待,invite,1,present,0,0
"1198","zaprawiać",zaprawi,zaprawi,zaprawiać,シーズン,season,1,present,0,0
"1199","zaprowadzać",zaprowadz,zaprowadz,zaprowadzać,リード,lead,1,present,0,0
"1200","zaprzyjaźniać",zaprzyjaźni,zaprzyjaźni,zaprzyjaźniać,友達を作る,make friends,1,present,0,0
"1201","zaprzęgać",zaprzęg,zaprzęg,zaprzęgać,ハーネス,harness,1,present,0,0
"1202","zapychać",zapych,zapych,zapychać,詰まる,clog up,1,present,0,0
"1203","zapędzać",zapędz,zapędz,zapędzać,ドライブ,drive,1,present,0,0
"1204","zapętlać",zapętl,zapętl,zapętlać,ループ,loop,1,present,0,0
"1205","zapładniać",zapładni,zapładni,zapładniać,施肥する,fertilize,1,present,0,0
"1206","zarabiać",zarabi,zarabi,zarabiać,得る,earn,1,present,0,0
"1207","zaradzać",zaradz,zaradz,zaradzać,療法,remedy,1,present,0,0
"1208","zarastać",zarast,zarast,zarastać,生い茂る,overgrow,1,present,0,0
"1209","zarażać",zaraż,zaraż,zarażać,感染する,infect,1,present,0,0
"1210","zarzynać",zarzyn,zarzyn,zarzynać,虐殺,slaughter,1,present,0,0
"1211","zarządzać",zarządz,zarządz,zarządzać,管理,manage,1,present,0,0
"1212","zaręczać",zaręcz,zaręcz,zaręczać,ベトロス,betroth,1,present,0,0
"1213","zaskarbiać",zaskarbi,zaskarbi,zaskarbiać,勝つ,win,1,present,0,0
"1214","zasklepiać",zasklepi,zasklepi,zasklepiać,アーチ,arch,1,present,0,0
"1215","zasmażać",zasmaż,zasmaż,zasmażać,茶色,brown,1,present,0,0
"1216","zaspokajać",zaspokaj,zaspokaj,zaspokajać,満足,satisfy,1,present,0,0
"1217","zastanawiać",zastanawi,zastanawi,zastanawiać,不思議,wonder,1,present,0,0
"1218","zastraszać",zastrasz,zastrasz,zastraszać,威嚇する,to intimidate,1,present,0,0
"1219","zastrzegać",zastrzeg,zastrzeg,zastrzegać,予約,reserve,1,present,0,0
"1220","zastygać",zastyg,zastyg,zastygać,凍る,congeal,1,present,0,0
"1221","zasychać",zasych,zasych,zasychać,乾く,dry up,1,present,0,0
"1222","zasysać",zasys,zasys,zasysać,吸い込む,suck in,1,present,0,0
"1223","zaszczycać",zaszczyc,zaszczyc,zaszczycać,名誉,honor,1,present,0,0
"1224","zasądzać",zasądz,zasądz,zasądzać,裁定,adjudge,1,present,0,0
"1225","zasępiać",zasępi,zasępi,zasępiać,曇り,overcast,1,present,0,0
"1226","zataczać",zatacz,zatacz,zataczać,よろめく,stagger,1,present,0,0
"1227","zatajać",zataj,zataj,zatajać,隠す,conceal,1,present,0,0
"1228","zatapiać",zatapi,zatapi,zatapiać,シンク,sink,1,present,0,0
"1229","zatracać",zatrac,zatrac,zatracać,ほのめかす,allude,1,present,0,0
"1230","zatrudniać",zatrudni,zatrudni,zatrudniać,採用,employ,1,present,0,0
"1231","zatwierdzać",zatwierdz,zatwierdz,zatwierdzać,承認,approve,1,present,0,0
"1232","zatłaczać",zatłacz,zatłacz,zatłaczać,混雑,crowding,1,present,0,0
"1233","zauważać",zauważ,zauważ,zauważać,知らせ,notice,1,present,0,0
"1234","zawadzać",zawadz,zawadz,zawadzać,邪魔,hamper,1,present,0,0
"1235","zawalać",zawal,zawal,zawalać,崩壊,collapse,1,present,0,0
"1236","zawdzięczać",zawdzięcz,zawdzięcz,zawdzięczać,借りている,owe,1,present,0,0
"1237","zawierać",zawier,zawier,zawierać,含む,contain,1,present,0,0
"1238","zawieruszać",zawierusz,zawierusz,zawieruszać,ゆるい,loose,1,present,0,0
"1239","zawijać",zawij,zawij,zawijać,包む,wrap,1,present,0,0
"1240","zawisać",zawis,zawis,zawisać,ハングアップする,to hang,1,present,0,0
"1241","zawlekać",zawlek,zawlek,zawlekać,ドラゴン,drag on,1,present,0,0
"1242","zaziębiać",zaziębi,zaziębi,zaziębiać,風邪をひく,catch a cold,1,present,0,0
"1243","zaznaczać",zaznacz,zaznacz,zaznaczać,マーク,mark,1,present,0,0
"1244","zaznajamiać",zaznajami,zaznajami,zaznajamiać,精通する,familiarize,1,present,0,0
"1245","zazębiać",zazębi,zazębi,zazębiać,インターロック,interlock,1,present,0,0
"1246","załatwiać",załatwi,załatwi,załatwiać,行う,do,1,present,0,0
"1247","załączać",załącz,załącz,załączać,添付,attach,1,present,0,0
"1248","zaślubiać",zaślubi,zaślubi,zaślubiać,結婚する,to marry,1,present,0,0
"1249","zaśmiecać",zaśmiec,zaśmiec,zaśmiecać,ごみ,litter,1,present,0,0
"1250","zażydzać",zażydz,zażydz,zażydzać,取った,take,1,present,0,0
"1251","zbaczać",zbacz,zbacz,zbaczać,逸脱,deviate,1,present,0,0
"1252","zbawiać",zbawi,zbawi,zbawiać,保存,save,1,present,0,0
"1253","zbezczeszczać",zbezczeszcz,zbezczeszcz,zbezczeszczać,冒涜する,desecrate,1,present,0,0
"1254","zbierać",zbier,zbier,zbierać,収集,collect,1,present,0,0
"1255","zbijać",zbij,zbij,zbijać,殺すために,to kill,1,present,0,0
"1256","zbliżać",zbliż,zbliż,zbliżać,アプローチ,approach,1,present,0,0
"1257","zdarzać",zdarz,zdarz,zdarzać,起こる,happen,1,present,0,0
"1258","zdrabniać",zdrabni,zdrabni,zdrabniać,減少する,diminish,1,present,0,0
"1259","zdradzać",zdradz,zdradz,zdradzać,裏切る,betray,1,present,0,0
"1260","zduszać",zdusz,zdusz,zduszać,絞首刑,strangle,1,present,0,0
"1261","zdzierać",zdzier,zdzier,zdzierać,騙し取る,rip off,1,present,0,0
"1262","zdążać",zdąż,zdąż,zdążać,時間内に着く,be on time,1,present,0,0
"1263","zespalać",zespal,zespal,zespalać,加入,join,1,present,0,0
"1264","zestalać",zestal,zestal,zestalać,固化する,solidify,1,present,0,0
"1265","zezwalać",zezwal,zezwal,zezwalać,許可,permit,1,present,0,0
"1266","zeświecczać",ześwieccz,ześwieccz,zeświecczać,laicize,laicize,1,present,0,0
"1267","zgadzać",zgadz,zgadz,zgadzać,同意,agree,1,present,0,0
"1268","zganiać",zgani,zgani,zganiać,追い払う,chase away,1,present,0,0
"1269","zgapiać",zgapi,zgapi,zgapiać,お嬢,miss,1,present,0,0
"1270","zgarniać",zgarni,zgarni,zgarniać,すくう,scoop up,1,present,0,0
"1271","zginać",zgin,zgin,zginać,死ぬ,die,1,present,0,0
"1272","zgniatać",zgniat,zgniat,zgniatać,打ち砕く,crush,1,present,0,0
"1273","zgrabiać",zgrabi,zgrabi,zgrabiać,レーキ,rake,1,present,0,0
"1274","zgrubiać",zgrubi,zgrubi,zgrubiać,厚くする,thicken,1,present,0,0
"1275","zgryzać",zgryz,zgryz,zgryzać,かじる,gnaw,1,present,0,0
"1276","zgłaszać",zgłasz,zgłasz,zgłaszać,報告する,to report,1,present,0,0
"1277","zgłębiać",zgłębi,zgłębi,zgłębiać,浸透する,penetrate,1,present,0,0
"1278","zjawiać",zjawi,zjawi,zjawiać,現れる,appear,1,present,0,0
"1279","zjeżdżać",zjeżdż,zjeżdż,zjeżdżać,下にスライド,slide down,1,present,0,0
"1280","zlecać",zlec,zlec,zlecać,手数料,commission,1,present,0,0
"1281","zlepiać",zlepi,zlepi,zlepiać,凝集する,agglutinate,1,present,0,0
"1282","zliczać",zlicz,zlicz,zliczać,カウント,count,1,present,0,0
"1283","zmaczać",zmacz,zmacz,zmaczać,浸す,soak,1,present,0,0
"1284","zmagać",zmag,zmag,zmagać,闘争,struggle,1,present,0,0
"1285","zmieniać",zmieni,zmieni,zmieniać,変化する,change,1,present,0,0
"1286","zmierzać",zmierz,zmierz,zmierzać,標的,aim,1,present,0,0
"1287","zmierzchać",zmierzch,zmierzch,zmierzchać,夕暮れ,dusk,1,present,0,0
"1288","zmiękczać",zmiękcz,zmiękcz,zmiękczać,柔らかくする,soften,1,present,0,0
"1289","zmniejszać",zmniejsz,zmniejsz,zmniejszać,減らす,reduce,1,present,0,0
"1290","zmrażać",zmraż,zmraż,zmrażać,氷結,freeze,1,present,0,0
"1291","zmrużać",zmruż,zmruż,zmrużać,斜視,squint,1,present,0,0
"1292","zmuszać",zmusz,zmusz,zmuszać,力,force,1,present,0,0
"1293","zmykać",zmyk,zmyk,zmykać,逃げる,run away,1,present,0,0
"1294","zmyślać",zmyśl,zmyśl,zmyślać,製造する,fabricate,1,present,0,0
"1295","znieczulać",znieczul,znieczul,znieczulać,鈍感,desensitize,1,present,0,0
"1296","zniekształcać",zniekształc,zniekształc,zniekształcać,歪む,distort,1,present,0,0
"1297","zniemczać",zniemcz,zniemcz,zniemczać,ドイツ語化,Germanize,1,present,0,0
"1298","zniesmaczać",zniesmacz,zniesmacz,zniesmaczać,嫌悪,disgust,1,present,0,0
"1299","zniesławiać",zniesławi,zniesławi,zniesławiać,名誉を毀損,defame,1,present,0,0
"1300","zniewalać",zniewal,zniewal,zniewalać,魅了する,captivate,1,present,0,0
"1301","znieważać",znieważ,znieważ,znieważać,侮辱,insult,1,present,0,0
"1302","znikać",znik,znik,znikać,消えるために,to disappear,1,present,0,0
"1303","znęcać",znęc,znęc,znęcać,いじめっ子,bully,1,present,0,0
"1304","zobojętniać",zobojętni,zobojętni,zobojętniać,中和する,neutralize,1,present,0,0
"1305","zohydzać",zohydz,zohydz,zohydzać,恥をかかせる,to disgrace,1,present,0,0
"1306","zostawiać",zostawi,zostawi,zostawiać,離れる,leave,1,present,0,0
"1307","zraszać",zrasz,zrasz,zraszać,振りかける,sprinkle,1,present,0,0
"1308","zrażać",zraż,zraż,zrażać,疎外する,alienate,1,present,0,0
"1309","zruszczać",zruszcz,zruszcz,zruszczać,はがす,peel off,1,present,0,0
"1310","zrywać",zryw,zryw,zrywać,別れる,break up,1,present,0,0
"1311","zrzekać",zrzek,zrzek,zrzekać,放棄する,waive,1,present,0,0
"1312","zrzeszać",zrzesz,zrzesz,zrzeszać,仲間、同僚,associate,1,present,0,0
"1313","zrzynać",zrzyn,zrzyn,zrzynać,切り落とす,cut off,1,present,0,0
"1314","zrządzać",zrządz,zrządz,zrządzać,ルール,rule,1,present,0,0
"1315","zsiekać",zsiek,zsiek,zsiekać,ハック,hack,1,present,0,0
"1316","zsychać",zsych,zsych,zsychać,乾く,dry up,1,present,0,0
"1317","zubażać",zubaż,zubaż,zubażać,貧しい,impoverish,1,present,0,0
"1318","zwalać",zwal,zwal,zwalać,それを分解する,break it down,1,present,0,0
"1319","zwalczać",zwalcz,zwalcz,zwalczać,喧嘩,fight,1,present,0,0
"1320","zwiedzać",zwiedz,zwiedz,zwiedzać,観光に行く,to go sightseeing,1,present,0,0
"1321","zwierać",zwier,zwier,zwierać,近い,close,1,present,0,0
"1322","zwieńczać",zwieńcz,zwieńcz,zwieńczać,上,top,1,present,0,0
"1323","zwijać",zwij,zwij,zwijać,巻き上げる,roll up,1,present,0,0
"1324","zwilżać",zwilż,zwilż,zwilżać,濡れた,wet,1,present,0,0
"1325","zwisać",zwis,zwis,zwisać,たるみ,sag,1,present,0,0
"1326","zwiększać",zwiększ,zwiększ,zwiększać,増加,increase,1,present,0,0
"1327","zwlekać",zwlek,zwlek,zwlekać,先延ばしにする,procrastinate,1,present,0,0
"1328","zwyciężać",zwycięż,zwycięż,zwyciężać,勝つ,win,1,present,0,0
"1329","zwęglać",zwęgl,zwęgl,zwęglać,char,char,1,present,0,0
"1330","zwężać",zwęż,zwęż,zwężać,狭い,narrow,1,present,0,0
"1331","złuszczać",złuszcz,złuszcz,złuszczać,剥離する,exfoliate,1,present,0,0
"1332","zżynać",zżyn,zżyn,zżynać,住む,live,1,present,0,0
"1333","ścichać",ścich,ścich,ścichać,静かな,quiet,1,present,0,0
"1334","ściekać",ściek,ściek,ściekać,滴下,drip,1,present,0,0
"1335","ściemniać",ściemni,ściemni,ściemniać,薄暗い,dim,1,present,0,0
"1336","ścierać",ścier,ścier,ścierać,ワイプ,wipe,1,present,0,0
"1337","ścieśniać",ścieśni,ścieśni,ścieśniać,閉じる,close up,1,present,0,0
"1338","ścinać",ścin,ścin,ścinać,切断,cutting,1,present,0,0
"1339","ściszać",ścisz,ścisz,ściszać,断る,turn down,1,present,0,0
"1340","żebrać",żebr,żebr,żebrać,集める,gather,1,present,0,0